sample_id,chip_id,source_script,source_segment,generation_date,dataset_version,physics_model,validation_status,silicon_validated,w_um,l_um,k_pairs,pelgrom_avt_mv_um,sigma_vth_mv,temperature_c,vdd_v,process_corner,dvth_intended_mv,dvth_effective_mv,aging_mechanism,stress_time_years,application,category_label,ground_truth_label,tattoo_bit,bit_position,i_ref_na,i_target_na,leakage_ratio,raw_diff_na,meas_noise_applied,meas_noise_rel_std,n_reads_averaged,split
p4_0,p4_fresh_0,mc_phase4_nested.py,phase4.2,2026-07-27,1.0,real_bsim_ptm,simulated,False,3.2,0.045,4,4.5,11.86,27.0,,,0.0,0.0,natural_nbti,,counterfeit_detection,fresh,fresh,,,,,0.8813278033308922,,False,,1,
p4_1,p4_fresh_1,mc_phase4_nested.py,phase4.2,2026-07-27,1.0,real_bsim_ptm,simulated,False,3.2,0.045,4,4.5,11.86,27.0,,,0.0,0.0,natural_nbti,,counterfeit_detection,fresh,fresh,,,,,1.0597129700164216,,False,,1,
p4_2,p4_fresh_2,mc_phase4_nested.py,phase4.2,2026-07-27,1.0,real_bsim_ptm,simulated,False,3.2,0.045,4,4.5,11.86,27.0,,,0.0,0.0,natural_nbti,,counterfeit_detection,fresh,fresh,,,,,1.2960241489809723,,False,,1,
p4_3,p4_fresh_3,mc_phase4_nested.py,phase4.2,2026-07-27,1.0,real_bsim_ptm,simulated,False,3.2,0.045,4,4.5,11.86,27.0,,,0.0,0.0,natural_nbti,,counterfeit_detection,fresh,fresh,,,,,1.4827616635698107,,False,,1,
p4_4,p4_fresh_4,mc_phase4_nested.py,phase4.2,2026-07-27,1.0,real_bsim_ptm,simulated,False,3.2,0.045,4,4.5,11.86,27.0,,,0.0,0.0,natural_nbti,,counterfeit_detection,fresh,fresh,,,,,1.098349564699279,,False,,1,
p4_5,p4_fresh_5,mc_phase4_nested.py,phase4.2,2026-07-27,1.0,real_bsim_ptm,simulated,False,3.2,0.045,4,4.5,11.86,27.0,,,0.0,0.0,natural_nbti,,counterfeit_detection,fresh,fresh,,,,,0.948389712708892,,False,,1,
p4_6,p4_fresh_6,mc_phase4_nested.py,phase4.2,2026-07-27,1.0,real_bsim_ptm,simulated,False,3.2,0.045,4,4.5,11.86,27.0,,,0.0,0.0,natural_nbti,,counterfeit_detection,fresh,fresh,,,,,1.1613415121249018,,False,,1,
p4_7,p4_fresh_7,mc_phase4_nested.py,phase4.2,2026-07-27,1.0,real_bsim_ptm,simulated,False,3.2,0.045,4,4.5,11.86,27.0,,,0.0,0.0,natural_nbti,,counterfeit_detection,fresh,fresh,,,,,0.7494798607021409,,False,,1,
p4_8,p4_fresh_8,mc_phase4_nested.py,phase4.2,2026-07-27,1.0,real_bsim_ptm,simulated,False,3.2,0.045,4,4.5,11.86,27.0,,,0.0,0.0,natural_nbti,,counterfeit_detection,fresh,fresh,,,,,0.9384184828813632,,False,,1,
p4_9,p4_fresh_9,mc_phase4_nested.py,phase4.2,2026-07-27,1.0,real_bsim_ptm,simulated,False,3.2,0.045,4,4.5,11.86,27.0,,,0.0,0.0,natural_nbti,,counterfeit_detection,fresh,fresh,,,,,0.896459748216756,,False,,1,
p4_10,p4_fresh_10,mc_phase4_nested.py,phase4.2,2026-07-27,1.0,real_bsim_ptm,simulated,False,3.2,0.045,4,4.5,11.86,27.0,,,0.0,0.0,natural_nbti,,counterfeit_detection,fresh,fresh,,,,,0.9506383575049937,,False,,1,
p4_11,p4_fresh_11,mc_phase4_nested.py,phase4.2,2026-07-27,1.0,real_bsim_ptm,simulated,False,3.2,0.045,4,4.5,11.86,27.0,,,0.0,0.0,natural_nbti,,counterfeit_detection,fresh,fresh,,,,,1.2091520564319633,,False,,1,
p4_12,p4_fresh_12,mc_phase4_nested.py,phase4.2,2026-07-27,1.0,real_bsim_ptm,simulated,False,3.2,0.045,4,4.5,11.86,27.0,,,0.0,0.0,natural_nbti,,counterfeit_detection,fresh,fresh,,,,,1.1666010899106367,,False,,1,
p4_13,p4_fresh_13,mc_phase4_nested.py,phase4.2,2026-07-27,1.0,real_bsim_ptm,simulated,False,3.2,0.045,4,4.5,11.86,27.0,,,0.0,0.0,natural_nbti,,counterfeit_detection,fresh,fresh,,,,,1.2868753712497707,,False,,1,
p4_14,p4_fresh_14,mc_phase4_nested.py,phase4.2,2026-07-27,1.0,real_bsim_ptm,simulated,False,3.2,0.045,4,4.5,11.86,27.0,,,0.0,0.0,natural_nbti,,counterfeit_detection,fresh,fresh,,,,,0.9205272393366777,,False,,1,
p4_15,p4_fresh_15,mc_phase4_nested.py,phase4.2,2026-07-27,1.0,real_bsim_ptm,simulated,False,3.2,0.045,4,4.5,11.86,27.0,,,0.0,0.0,natural_nbti,,counterfeit_detection,fresh,fresh,,,,,0.6310831427007823,,False,,1,
p4_16,p4_fresh_16,mc_phase4_nested.py,phase4.2,2026-07-27,1.0,real_bsim_ptm,simulated,False,3.2,0.045,4,4.5,11.86,27.0,,,0.0,0.0,natural_nbti,,counterfeit_detection,fresh,fresh,,,,,0.8938885811939729,,False,,1,
p4_17,p4_fresh_17,mc_phase4_nested.py,phase4.2,2026-07-27,1.0,real_bsim_ptm,simulated,False,3.2,0.045,4,4.5,11.86,27.0,,,0.0,0.0,natural_nbti,,counterfeit_detection,fresh,fresh,,,,,0.9793405444508733,,False,,1,
p4_18,p4_fresh_18,mc_phase4_nested.py,phase4.2,2026-07-27,1.0,real_bsim_ptm,simulated,False,3.2,0.045,4,4.5,11.86,27.0,,,0.0,0.0,natural_nbti,,counterfeit_detection,fresh,fresh,,,,,1.2529958214412316,,False,,1,
p4_19,p4_fresh_19,mc_phase4_nested.py,phase4.2,2026-07-27,1.0,real_bsim_ptm,simulated,False,3.2,0.045,4,4.5,11.86,27.0,,,0.0,0.0,natural_nbti,,counterfeit_detection,fresh,fresh,,,,,1.2407395996278128,,False,,1,
p4_20,p4_fresh_20,mc_phase4_nested.py,phase4.2,2026-07-27,1.0,real_bsim_ptm,simulated,False,3.2,0.045,4,4.5,11.86,27.0,,,0.0,0.0,natural_nbti,,counterfeit_detection,fresh,fresh,,,,,1.412452726426314,,False,,1,
p4_21,p4_fresh_21,mc_phase4_nested.py,phase4.2,2026-07-27,1.0,real_bsim_ptm,simulated,False,3.2,0.045,4,4.5,11.86,27.0,,,0.0,0.0,natural_nbti,,counterfeit_detection,fresh,fresh,,,,,0.9443663871382153,,False,,1,
p4_22,p4_fresh_22,mc_phase4_nested.py,phase4.2,2026-07-27,1.0,real_bsim_ptm,simulated,False,3.2,0.045,4,4.5,11.86,27.0,,,0.0,0.0,natural_nbti,,counterfeit_detection,fresh,fresh,,,,,1.0463109238241461,,False,,1,
p4_23,p4_fresh_23,mc_phase4_nested.py,phase4.2,2026-07-27,1.0,real_bsim_ptm,simulated,False,3.2,0.045,4,4.5,11.86,27.0,,,0.0,0.0,natural_nbti,,counterfeit_detection,fresh,fresh,,,,,1.0709004205884436,,False,,1,
p4_24,p4_fresh_24,mc_phase4_nested.py,phase4.2,2026-07-27,1.0,real_bsim_ptm,simulated,False,3.2,0.045,4,4.5,11.86,27.0,,,0.0,0.0,natural_nbti,,counterfeit_detection,fresh,fresh,,,,,1.1188520514927824,,False,,1,
p4_25,p4_fresh_25,mc_phase4_nested.py,phase4.2,2026-07-27,1.0,real_bsim_ptm,simulated,False,3.2,0.045,4,4.5,11.86,27.0,,,0.0,0.0,natural_nbti,,counterfeit_detection,fresh,fresh,,,,,1.5495220432266252,,False,,1,
p4_26,p4_fresh_26,mc_phase4_nested.py,phase4.2,2026-07-27,1.0,real_bsim_ptm,simulated,False,3.2,0.045,4,4.5,11.86,27.0,,,0.0,0.0,natural_nbti,,counterfeit_detection,fresh,fresh,,,,,1.2657818388778403,,False,,1,
p4_27,p4_fresh_27,mc_phase4_nested.py,phase4.2,2026-07-27,1.0,real_bsim_ptm,simulated,False,3.2,0.045,4,4.5,11.86,27.0,,,0.0,0.0,natural_nbti,,counterfeit_detection,fresh,fresh,,,,,0.9957513984414452,,False,,1,
p4_28,p4_fresh_28,mc_phase4_nested.py,phase4.2,2026-07-27,1.0,real_bsim_ptm,simulated,False,3.2,0.045,4,4.5,11.86,27.0,,,0.0,0.0,natural_nbti,,counterfeit_detection,fresh,fresh,,,,,1.0519620018242415,,False,,1,
p4_29,p4_fresh_29,mc_phase4_nested.py,phase4.2,2026-07-27,1.0,real_bsim_ptm,simulated,False,3.2,0.045,4,4.5,11.86,27.0,,,0.0,0.0,natural_nbti,,counterfeit_detection,fresh,fresh,,,,,1.229871634089299,,False,,1,
p4_30,p4_fresh_30,mc_phase4_nested.py,phase4.2,2026-07-27,1.0,real_bsim_ptm,simulated,False,3.2,0.045,4,4.5,11.86,27.0,,,0.0,0.0,natural_nbti,,counterfeit_detection,fresh,fresh,,,,,0.9744401016128532,,False,,1,
p4_31,p4_fresh_31,mc_phase4_nested.py,phase4.2,2026-07-27,1.0,real_bsim_ptm,simulated,False,3.2,0.045,4,4.5,11.86,27.0,,,0.0,0.0,natural_nbti,,counterfeit_detection,fresh,fresh,,,,,1.4700981112416418,,False,,1,
p4_32,p4_fresh_32,mc_phase4_nested.py,phase4.2,2026-07-27,1.0,real_bsim_ptm,simulated,False,3.2,0.045,4,4.5,11.86,27.0,,,0.0,0.0,natural_nbti,,counterfeit_detection,fresh,fresh,,,,,0.7948233941115113,,False,,1,
p4_33,p4_fresh_33,mc_phase4_nested.py,phase4.2,2026-07-27,1.0,real_bsim_ptm,simulated,False,3.2,0.045,4,4.5,11.86,27.0,,,0.0,0.0,natural_nbti,,counterfeit_detection,fresh,fresh,,,,,1.1152262637823467,,False,,1,
p4_34,p4_fresh_34,mc_phase4_nested.py,phase4.2,2026-07-27,1.0,real_bsim_ptm,simulated,False,3.2,0.045,4,4.5,11.86,27.0,,,0.0,0.0,natural_nbti,,counterfeit_detection,fresh,fresh,,,,,0.9704910633433468,,False,,1,
p4_35,p4_fresh_35,mc_phase4_nested.py,phase4.2,2026-07-27,1.0,real_bsim_ptm,simulated,False,3.2,0.045,4,4.5,11.86,27.0,,,0.0,0.0,natural_nbti,,counterfeit_detection,fresh,fresh,,,,,1.1101648227029468,,False,,1,
p4_36,p4_fresh_36,mc_phase4_nested.py,phase4.2,2026-07-27,1.0,real_bsim_ptm,simulated,False,3.2,0.045,4,4.5,11.86,27.0,,,0.0,0.0,natural_nbti,,counterfeit_detection,fresh,fresh,,,,,0.9459293902334872,,False,,1,
p4_37,p4_fresh_37,mc_phase4_nested.py,phase4.2,2026-07-27,1.0,real_bsim_ptm,simulated,False,3.2,0.045,4,4.5,11.86,27.0,,,0.0,0.0,natural_nbti,,counterfeit_detection,fresh,fresh,,,,,1.1807303557022801,,False,,1,
p4_38,p4_fresh_38,mc_phase4_nested.py,phase4.2,2026-07-27,1.0,real_bsim_ptm,simulated,False,3.2,0.045,4,4.5,11.86,27.0,,,0.0,0.0,natural_nbti,,counterfeit_detection,fresh,fresh,,,,,0.8018744763059356,,False,,1,
p4_39,p4_fresh_39,mc_phase4_nested.py,phase4.2,2026-07-27,1.0,real_bsim_ptm,simulated,False,3.2,0.045,4,4.5,11.86,27.0,,,0.0,0.0,natural_nbti,,counterfeit_detection,fresh,fresh,,,,,0.9779840885635671,,False,,1,
p4_40,p4_light_40,mc_phase4_nested.py,phase4.2,2026-07-27,1.0,real_bsim_ptm,simulated,False,3.2,0.045,4,4.5,11.86,27.0,,,12.5,6.66796223459227,natural_nbti,,counterfeit_detection,light,light,,,,,0.8429316195892838,,False,,1,
p4_41,p4_light_41,mc_phase4_nested.py,phase4.2,2026-07-27,1.0,real_bsim_ptm,simulated,False,3.2,0.045,4,4.5,11.86,27.0,,,12.5,10.623058692855562,natural_nbti,,counterfeit_detection,light,light,,,,,0.8760562116248687,,False,,1,
p4_42,p4_light_42,mc_phase4_nested.py,phase4.2,2026-07-27,1.0,real_bsim_ptm,simulated,False,3.2,0.045,4,4.5,11.86,27.0,,,12.5,14.440979572028938,natural_nbti,,counterfeit_detection,light,light,,,,,0.42199171234340244,,False,,1,
p4_43,p4_light_43,mc_phase4_nested.py,phase4.2,2026-07-27,1.0,real_bsim_ptm,simulated,False,3.2,0.045,4,4.5,11.86,27.0,,,12.5,7.821817395856421,natural_nbti,,counterfeit_detection,light,light,,,,,0.7267894830018595,,False,,1,
p4_44,p4_light_44,mc_phase4_nested.py,phase4.2,2026-07-27,1.0,real_bsim_ptm,simulated,False,3.2,0.045,4,4.5,11.86,27.0,,,12.5,15.270967588308189,natural_nbti,,counterfeit_detection,light,light,,,,,0.7821066889220585,,False,,1,
p4_45,p4_light_45,mc_phase4_nested.py,phase4.2,2026-07-27,1.0,real_bsim_ptm,simulated,False,3.2,0.045,4,4.5,11.86,27.0,,,12.5,10.713362849465323,natural_nbti,,counterfeit_detection,light,light,,,,,0.5748785905877728,,False,,1,
p4_46,p4_light_46,mc_phase4_nested.py,phase4.2,2026-07-27,1.0,real_bsim_ptm,simulated,False,3.2,0.045,4,4.5,11.86,27.0,,,12.5,11.758162029651404,natural_nbti,,counterfeit_detection,light,light,,,,,0.5106007121132224,,False,,1,
p4_47,p4_light_47,mc_phase4_nested.py,phase4.2,2026-07-27,1.0,real_bsim_ptm,simulated,False,3.2,0.045,4,4.5,11.86,27.0,,,12.5,16.58477587603459,natural_nbti,,counterfeit_detection,light,light,,,,,0.6385463581316624,,False,,1,
p4_48,p4_light_48,mc_phase4_nested.py,phase4.2,2026-07-27,1.0,real_bsim_ptm,simulated,False,3.2,0.045,4,4.5,11.86,27.0,,,12.5,15.561196521488354,natural_nbti,,counterfeit_detection,light,light,,,,,0.7974837609836102,,False,,1,
p4_49,p4_light_49,mc_phase4_nested.py,phase4.2,2026-07-27,1.0,real_bsim_ptm,simulated,False,3.2,0.045,4,4.5,11.86,27.0,,,12.5,16.754795191117147,natural_nbti,,counterfeit_detection,light,light,,,,,0.7772167200554821,,False,,1,
p4_50,p4_light_50,mc_phase4_nested.py,phase4.2,2026-07-27,1.0,real_bsim_ptm,simulated,False,3.2,0.045,4,4.5,11.86,27.0,,,12.5,14.501012814750887,natural_nbti,,counterfeit_detection,light,light,,,,,0.8653438767410034,,False,,1,
p4_51,p4_light_51,mc_phase4_nested.py,phase4.2,2026-07-27,1.0,real_bsim_ptm,simulated,False,3.2,0.045,4,4.5,11.86,27.0,,,12.5,7.584798068024448,natural_nbti,,counterfeit_detection,light,light,,,,,1.1243790854816278,,False,,1,
p4_52,p4_light_52,mc_phase4_nested.py,phase4.2,2026-07-27,1.0,real_bsim_ptm,simulated,False,3.2,0.045,4,4.5,11.86,27.0,,,12.5,5.589682097616484,natural_nbti,,counterfeit_detection,light,light,,,,,0.9250422615283184,,False,,1,
p4_53,p4_light_53,mc_phase4_nested.py,phase4.2,2026-07-27,1.0,real_bsim_ptm,simulated,False,3.2,0.045,4,4.5,11.86,27.0,,,12.5,12.26784477786532,natural_nbti,,counterfeit_detection,light,light,,,,,0.9323571005685143,,False,,1,
p4_54,p4_light_54,mc_phase4_nested.py,phase4.2,2026-07-27,1.0,real_bsim_ptm,simulated,False,3.2,0.045,4,4.5,11.86,27.0,,,12.5,6.607580170096641,natural_nbti,,counterfeit_detection,light,light,,,,,1.3464573421913217,,False,,1,
p4_55,p4_light_55,mc_phase4_nested.py,phase4.2,2026-07-27,1.0,real_bsim_ptm,simulated,False,3.2,0.045,4,4.5,11.86,27.0,,,12.5,9.91246028266872,natural_nbti,,counterfeit_detection,light,light,,,,,0.8867473174005585,,False,,1,
p4_56,p4_light_56,mc_phase4_nested.py,phase4.2,2026-07-27,1.0,real_bsim_ptm,simulated,False,3.2,0.045,4,4.5,11.86,27.0,,,12.5,11.47489319344519,natural_nbti,,counterfeit_detection,light,light,,,,,0.8881530044566535,,False,,1,
p4_57,p4_light_57,mc_phase4_nested.py,phase4.2,2026-07-27,1.0,real_bsim_ptm,simulated,False,3.2,0.045,4,4.5,11.86,27.0,,,12.5,8.558401876039918,natural_nbti,,counterfeit_detection,light,light,,,,,0.8875784355134373,,False,,1,
p4_58,p4_light_58,mc_phase4_nested.py,phase4.2,2026-07-27,1.0,real_bsim_ptm,simulated,False,3.2,0.045,4,4.5,11.86,27.0,,,12.5,6.680583532520785,natural_nbti,,counterfeit_detection,light,light,,,,,0.8769577951303574,,False,,1,
p4_59,p4_light_59,mc_phase4_nested.py,phase4.2,2026-07-27,1.0,real_bsim_ptm,simulated,False,3.2,0.045,4,4.5,11.86,27.0,,,12.5,13.351443395208946,natural_nbti,,counterfeit_detection,light,light,,,,,0.5486614606834856,,False,,1,
p4_60,p4_light_60,mc_phase4_nested.py,phase4.2,2026-07-27,1.0,real_bsim_ptm,simulated,False,3.2,0.045,4,4.5,11.86,27.0,,,12.5,6.722552371088053,natural_nbti,,counterfeit_detection,light,light,,,,,1.3112646303592448,,False,,1,
p4_61,p4_light_61,mc_phase4_nested.py,phase4.2,2026-07-27,1.0,real_bsim_ptm,simulated,False,3.2,0.045,4,4.5,11.86,27.0,,,12.5,7.016220154084614,natural_nbti,,counterfeit_detection,light,light,,,,,1.0075670612430396,,False,,1,
p4_62,p4_light_62,mc_phase4_nested.py,phase4.2,2026-07-27,1.0,real_bsim_ptm,simulated,False,3.2,0.045,4,4.5,11.86,27.0,,,12.5,10.23302399814493,natural_nbti,,counterfeit_detection,light,light,,,,,0.633682515660854,,False,,1,
p4_63,p4_light_63,mc_phase4_nested.py,phase4.2,2026-07-27,1.0,real_bsim_ptm,simulated,False,3.2,0.045,4,4.5,11.86,27.0,,,12.5,7.454839142985568,natural_nbti,,counterfeit_detection,light,light,,,,,1.023040663144089,,False,,1,
p4_64,p4_light_64,mc_phase4_nested.py,phase4.2,2026-07-27,1.0,real_bsim_ptm,simulated,False,3.2,0.045,4,4.5,11.86,27.0,,,12.5,11.587023628553276,natural_nbti,,counterfeit_detection,light,light,,,,,0.8758590592873285,,False,,1,
p4_65,p4_light_65,mc_phase4_nested.py,phase4.2,2026-07-27,1.0,real_bsim_ptm,simulated,False,3.2,0.045,4,4.5,11.86,27.0,,,12.5,13.153292916709828,natural_nbti,,counterfeit_detection,light,light,,,,,0.5498134873951271,,False,,1,
p4_66,p4_light_66,mc_phase4_nested.py,phase4.2,2026-07-27,1.0,real_bsim_ptm,simulated,False,3.2,0.045,4,4.5,11.86,27.0,,,12.5,18.408388745764366,natural_nbti,,counterfeit_detection,light,light,,,,,0.5744720795510266,,False,,1,
p4_67,p4_light_67,mc_phase4_nested.py,phase4.2,2026-07-27,1.0,real_bsim_ptm,simulated,False,3.2,0.045,4,4.5,11.86,27.0,,,12.5,17.318859570080193,natural_nbti,,counterfeit_detection,light,light,,,,,0.7188092913312175,,False,,1,
p4_68,p4_light_68,mc_phase4_nested.py,phase4.2,2026-07-27,1.0,real_bsim_ptm,simulated,False,3.2,0.045,4,4.5,11.86,27.0,,,12.5,15.4092266670065,natural_nbti,,counterfeit_detection,light,light,,,,,0.6220180083243808,,False,,1,
p4_69,p4_light_69,mc_phase4_nested.py,phase4.2,2026-07-27,1.0,real_bsim_ptm,simulated,False,3.2,0.045,4,4.5,11.86,27.0,,,12.5,19.20925009417723,natural_nbti,,counterfeit_detection,light,light,,,,,0.8294559804900705,,False,,1,
p4_70,p4_light_70,mc_phase4_nested.py,phase4.2,2026-07-27,1.0,real_bsim_ptm,simulated,False,3.2,0.045,4,4.5,11.86,27.0,,,12.5,15.60857951470098,natural_nbti,,counterfeit_detection,light,light,,,,,0.6065628060119665,,False,,1,
p4_71,p4_light_71,mc_phase4_nested.py,phase4.2,2026-07-27,1.0,real_bsim_ptm,simulated,False,3.2,0.045,4,4.5,11.86,27.0,,,12.5,6.698570687611329,natural_nbti,,counterfeit_detection,light,light,,,,,0.7075452799860791,,False,,1,
p4_72,p4_light_72,mc_phase4_nested.py,phase4.2,2026-07-27,1.0,real_bsim_ptm,simulated,False,3.2,0.045,4,4.5,11.86,27.0,,,12.5,13.060934044068842,natural_nbti,,counterfeit_detection,light,light,,,,,0.7232288983676789,,False,,1,
p4_73,p4_light_73,mc_phase4_nested.py,phase4.2,2026-07-27,1.0,real_bsim_ptm,simulated,False,3.2,0.045,4,4.5,11.86,27.0,,,12.5,7.64580479759335,natural_nbti,,counterfeit_detection,light,light,,,,,0.7609282583903598,,False,,1,
p4_74,p4_light_74,mc_phase4_nested.py,phase4.2,2026-07-27,1.0,real_bsim_ptm,simulated,False,3.2,0.045,4,4.5,11.86,27.0,,,12.5,6.280245021179658,natural_nbti,,counterfeit_detection,light,light,,,,,0.6882934134899331,,False,,1,
p4_75,p4_light_75,mc_phase4_nested.py,phase4.2,2026-07-27,1.0,real_bsim_ptm,simulated,False,3.2,0.045,4,4.5,11.86,27.0,,,12.5,7.860315809954999,natural_nbti,,counterfeit_detection,light,light,,,,,0.5698462456540223,,False,,1,
p4_76,p4_light_76,mc_phase4_nested.py,phase4.2,2026-07-27,1.0,real_bsim_ptm,simulated,False,3.2,0.045,4,4.5,11.86,27.0,,,12.5,11.01144591312989,natural_nbti,,counterfeit_detection,light,light,,,,,0.8606597118115414,,False,,1,
p4_77,p4_light_77,mc_phase4_nested.py,phase4.2,2026-07-27,1.0,real_bsim_ptm,simulated,False,3.2,0.045,4,4.5,11.86,27.0,,,12.5,11.131012566471446,natural_nbti,,counterfeit_detection,light,light,,,,,0.7342313066738805,,False,,1,
p4_78,p4_light_78,mc_phase4_nested.py,phase4.2,2026-07-27,1.0,real_bsim_ptm,simulated,False,3.2,0.045,4,4.5,11.86,27.0,,,12.5,6.491620891390177,natural_nbti,,counterfeit_detection,light,light,,,,,1.2971986832594968,,False,,1,
p4_79,p4_light_79,mc_phase4_nested.py,phase4.2,2026-07-27,1.0,real_bsim_ptm,simulated,False,3.2,0.045,4,4.5,11.86,27.0,,,12.5,18.445037277816798,natural_nbti,,counterfeit_detection,light,light,,,,,0.7504768468803663,,False,,1,
p4_80,p4_moderate_80,mc_phase4_nested.py,phase4.2,2026-07-27,1.0,real_bsim_ptm,simulated,False,3.2,0.045,4,4.5,11.86,27.0,,,32.5,34.75737356287019,natural_nbti,,counterfeit_detection,moderate,moderate,,,,,0.6890313767063369,,False,,1,
p4_81,p4_moderate_81,mc_phase4_nested.py,phase4.2,2026-07-27,1.0,real_bsim_ptm,simulated,False,3.2,0.045,4,4.5,11.86,27.0,,,32.5,39.99638139868288,natural_nbti,,counterfeit_detection,moderate,moderate,,,,,0.3770927399170262,,False,,1,
p4_82,p4_moderate_82,mc_phase4_nested.py,phase4.2,2026-07-27,1.0,real_bsim_ptm,simulated,False,3.2,0.045,4,4.5,11.86,27.0,,,32.5,44.6100545175888,natural_nbti,,counterfeit_detection,moderate,moderate,,,,,0.2530759159706091,,False,,1,
p4_83,p4_moderate_83,mc_phase4_nested.py,phase4.2,2026-07-27,1.0,real_bsim_ptm,simulated,False,3.2,0.045,4,4.5,11.86,27.0,,,32.5,20.274895716462012,natural_nbti,,counterfeit_detection,moderate,moderate,,,,,0.5307495772392494,,False,,1,
p4_84,p4_moderate_84,mc_phase4_nested.py,phase4.2,2026-07-27,1.0,real_bsim_ptm,simulated,False,3.2,0.045,4,4.5,11.86,27.0,,,32.5,24.157084218901986,natural_nbti,,counterfeit_detection,moderate,moderate,,,,,0.5462606023096139,,False,,1,
p4_85,p4_moderate_85,mc_phase4_nested.py,phase4.2,2026-07-27,1.0,real_bsim_ptm,simulated,False,3.2,0.045,4,4.5,11.86,27.0,,,32.5,27.428042890579377,natural_nbti,,counterfeit_detection,moderate,moderate,,,,,0.33678211862582647,,False,,1,
p4_86,p4_moderate_86,mc_phase4_nested.py,phase4.2,2026-07-27,1.0,real_bsim_ptm,simulated,False,3.2,0.045,4,4.5,11.86,27.0,,,32.5,32.409156180030905,natural_nbti,,counterfeit_detection,moderate,moderate,,,,,0.45193613516718323,,False,,1,
p4_87,p4_moderate_87,mc_phase4_nested.py,phase4.2,2026-07-27,1.0,real_bsim_ptm,simulated,False,3.2,0.045,4,4.5,11.86,27.0,,,32.5,30.870683465093656,natural_nbti,,counterfeit_detection,moderate,moderate,,,,,0.5723925508625658,,False,,1,
p4_88,p4_moderate_88,mc_phase4_nested.py,phase4.2,2026-07-27,1.0,real_bsim_ptm,simulated,False,3.2,0.045,4,4.5,11.86,27.0,,,32.5,42.93283938655607,natural_nbti,,counterfeit_detection,moderate,moderate,,,,,0.32908597223733066,,False,,1,
p4_89,p4_moderate_89,mc_phase4_nested.py,phase4.2,2026-07-27,1.0,real_bsim_ptm,simulated,False,3.2,0.045,4,4.5,11.86,27.0,,,32.5,41.22989128913298,natural_nbti,,counterfeit_detection,moderate,moderate,,,,,0.40067401183445156,,False,,1,
p4_90,p4_moderate_90,mc_phase4_nested.py,phase4.2,2026-07-27,1.0,real_bsim_ptm,simulated,False,3.2,0.045,4,4.5,11.86,27.0,,,32.5,43.10990488441326,natural_nbti,,counterfeit_detection,moderate,moderate,,,,,0.24503367702489612,,False,,1,
p4_91,p4_moderate_91,mc_phase4_nested.py,phase4.2,2026-07-27,1.0,real_bsim_ptm,simulated,False,3.2,0.045,4,4.5,11.86,27.0,,,32.5,38.119169288219034,natural_nbti,,counterfeit_detection,moderate,moderate,,,,,0.5028117969512969,,False,,1,
p4_92,p4_moderate_92,mc_phase4_nested.py,phase4.2,2026-07-27,1.0,real_bsim_ptm,simulated,False,3.2,0.045,4,4.5,11.86,27.0,,,32.5,25.823986868840844,natural_nbti,,counterfeit_detection,moderate,moderate,,,,,0.7683310401416041,,False,,1,
p4_93,p4_moderate_93,mc_phase4_nested.py,phase4.2,2026-07-27,1.0,real_bsim_ptm,simulated,False,3.2,0.045,4,4.5,11.86,27.0,,,32.5,44.602086729982375,natural_nbti,,counterfeit_detection,moderate,moderate,,,,,0.32472643663770284,,False,,1,
p4_94,p4_moderate_94,mc_phase4_nested.py,phase4.2,2026-07-27,1.0,real_bsim_ptm,simulated,False,3.2,0.045,4,4.5,11.86,27.0,,,32.5,27.407703011399754,natural_nbti,,counterfeit_detection,moderate,moderate,,,,,0.6190931560454793,,False,,1,
p4_95,p4_moderate_95,mc_phase4_nested.py,phase4.2,2026-07-27,1.0,real_bsim_ptm,simulated,False,3.2,0.045,4,4.5,11.86,27.0,,,32.5,24.17584865230188,natural_nbti,,counterfeit_detection,moderate,moderate,,,,,0.4350507581754618,,False,,1,
p4_96,p4_moderate_96,mc_phase4_nested.py,phase4.2,2026-07-27,1.0,real_bsim_ptm,simulated,False,3.2,0.045,4,4.5,11.86,27.0,,,32.5,39.48961183916883,natural_nbti,,counterfeit_detection,moderate,moderate,,,,,0.375989520974492,,False,,1,
p4_97,p4_moderate_97,mc_phase4_nested.py,phase4.2,2026-07-27,1.0,real_bsim_ptm,simulated,False,3.2,0.045,4,4.5,11.86,27.0,,,32.5,25.611014295916515,natural_nbti,,counterfeit_detection,moderate,moderate,,,,,0.5720752330382686,,False,,1,
p4_98,p4_moderate_98,mc_phase4_nested.py,phase4.2,2026-07-27,1.0,real_bsim_ptm,simulated,False,3.2,0.045,4,4.5,11.86,27.0,,,32.5,36.38104951597554,natural_nbti,,counterfeit_detection,moderate,moderate,,,,,0.3887647080464002,,False,,1,
p4_99,p4_moderate_99,mc_phase4_nested.py,phase4.2,2026-07-27,1.0,real_bsim_ptm,simulated,False,3.2,0.045,4,4.5,11.86,27.0,,,32.5,25.504580048745282,natural_nbti,,counterfeit_detection,moderate,moderate,,,,,0.5953075809924872,,False,,1,
p4_100,p4_moderate_100,mc_phase4_nested.py,phase4.2,2026-07-27,1.0,real_bsim_ptm,simulated,False,3.2,0.045,4,4.5,11.86,27.0,,,32.5,36.95040381397659,natural_nbti,,counterfeit_detection,moderate,moderate,,,,,0.32893428457113605,,False,,1,
p4_101,p4_moderate_101,mc_phase4_nested.py,phase4.2,2026-07-27,1.0,real_bsim_ptm,simulated,False,3.2,0.045,4,4.5,11.86,27.0,,,32.5,40.925333209091804,natural_nbti,,counterfeit_detection,moderate,moderate,,,,,0.4176820226423692,,False,,1,
p4_102,p4_moderate_102,mc_phase4_nested.py,phase4.2,2026-07-27,1.0,real_bsim_ptm,simulated,False,3.2,0.045,4,4.5,11.86,27.0,,,32.5,24.018997401207706,natural_nbti,,counterfeit_detection,moderate,moderate,,,,,0.6540283824853566,,False,,1,
p4_103,p4_moderate_103,mc_phase4_nested.py,phase4.2,2026-07-27,1.0,real_bsim_ptm,simulated,False,3.2,0.045,4,4.5,11.86,27.0,,,32.5,26.495089526603994,natural_nbti,,counterfeit_detection,moderate,moderate,,,,,0.36632510376152905,,False,,1,
p4_104,p4_moderate_104,mc_phase4_nested.py,phase4.2,2026-07-27,1.0,real_bsim_ptm,simulated,False,3.2,0.045,4,4.5,11.86,27.0,,,32.5,35.8155473283487,natural_nbti,,counterfeit_detection,moderate,moderate,,,,,0.3088200130285859,,False,,1,
p4_105,p4_moderate_105,mc_phase4_nested.py,phase4.2,2026-07-27,1.0,real_bsim_ptm,simulated,False,3.2,0.045,4,4.5,11.86,27.0,,,32.5,35.52288794418693,natural_nbti,,counterfeit_detection,moderate,moderate,,,,,0.39814594427909056,,False,,1,
p4_106,p4_moderate_106,mc_phase4_nested.py,phase4.2,2026-07-27,1.0,real_bsim_ptm,simulated,False,3.2,0.045,4,4.5,11.86,27.0,,,32.5,24.09059552979173,natural_nbti,,counterfeit_detection,moderate,moderate,,,,,0.5173380584550857,,False,,1,
p4_107,p4_moderate_107,mc_phase4_nested.py,phase4.2,2026-07-27,1.0,real_bsim_ptm,simulated,False,3.2,0.045,4,4.5,11.86,27.0,,,32.5,35.963148691602136,natural_nbti,,counterfeit_detection,moderate,moderate,,,,,0.2767389404146403,,False,,1,
p4_108,p4_moderate_108,mc_phase4_nested.py,phase4.2,2026-07-27,1.0,real_bsim_ptm,simulated,False,3.2,0.045,4,4.5,11.86,27.0,,,32.5,41.608956245990925,natural_nbti,,counterfeit_detection,moderate,moderate,,,,,0.3498204382051738,,False,,1,
p4_109,p4_moderate_109,mc_phase4_nested.py,phase4.2,2026-07-27,1.0,real_bsim_ptm,simulated,False,3.2,0.045,4,4.5,11.86,27.0,,,32.5,35.655508040785385,natural_nbti,,counterfeit_detection,moderate,moderate,,,,,0.3314303094857779,,False,,1,
p4_110,p4_moderate_110,mc_phase4_nested.py,phase4.2,2026-07-27,1.0,real_bsim_ptm,simulated,False,3.2,0.045,4,4.5,11.86,27.0,,,32.5,21.605223426878354,natural_nbti,,counterfeit_detection,moderate,moderate,,,,,0.4455866122493152,,False,,1,
p4_111,p4_moderate_111,mc_phase4_nested.py,phase4.2,2026-07-27,1.0,real_bsim_ptm,simulated,False,3.2,0.045,4,4.5,11.86,27.0,,,32.5,31.998470867928084,natural_nbti,,counterfeit_detection,moderate,moderate,,,,,0.39857981382909163,,False,,1,
p4_112,p4_moderate_112,mc_phase4_nested.py,phase4.2,2026-07-27,1.0,real_bsim_ptm,simulated,False,3.2,0.045,4,4.5,11.86,27.0,,,32.5,35.45389335795298,natural_nbti,,counterfeit_detection,moderate,moderate,,,,,0.34050995600716405,,False,,1,
p4_113,p4_moderate_113,mc_phase4_nested.py,phase4.2,2026-07-27,1.0,real_bsim_ptm,simulated,False,3.2,0.045,4,4.5,11.86,27.0,,,32.5,23.31789385107651,natural_nbti,,counterfeit_detection,moderate,moderate,,,,,0.6068363952038149,,False,,1,
p4_114,p4_moderate_114,mc_phase4_nested.py,phase4.2,2026-07-27,1.0,real_bsim_ptm,simulated,False,3.2,0.045,4,4.5,11.86,27.0,,,32.5,37.72651298627291,natural_nbti,,counterfeit_detection,moderate,moderate,,,,,0.25961408289137267,,False,,1,
p4_115,p4_moderate_115,mc_phase4_nested.py,phase4.2,2026-07-27,1.0,real_bsim_ptm,simulated,False,3.2,0.045,4,4.5,11.86,27.0,,,32.5,36.08944237991312,natural_nbti,,counterfeit_detection,moderate,moderate,,,,,0.4516199340933143,,False,,1,
p4_116,p4_moderate_116,mc_phase4_nested.py,phase4.2,2026-07-27,1.0,real_bsim_ptm,simulated,False,3.2,0.045,4,4.5,11.86,27.0,,,32.5,36.4676943875219,natural_nbti,,counterfeit_detection,moderate,moderate,,,,,0.4317311721023588,,False,,1,
p4_117,p4_moderate_117,mc_phase4_nested.py,phase4.2,2026-07-27,1.0,real_bsim_ptm,simulated,False,3.2,0.045,4,4.5,11.86,27.0,,,32.5,20.766312555145152,natural_nbti,,counterfeit_detection,moderate,moderate,,,,,0.5837088298390061,,False,,1,
p4_118,p4_moderate_118,mc_phase4_nested.py,phase4.2,2026-07-27,1.0,real_bsim_ptm,simulated,False,3.2,0.045,4,4.5,11.86,27.0,,,32.5,44.69123909340144,natural_nbti,,counterfeit_detection,moderate,moderate,,,,,0.20949630895671928,,False,,1,
p4_119,p4_moderate_119,mc_phase4_nested.py,phase4.2,2026-07-27,1.0,real_bsim_ptm,simulated,False,3.2,0.045,4,4.5,11.86,27.0,,,32.5,25.266554725141663,natural_nbti,,counterfeit_detection,moderate,moderate,,,,,0.4884843846902965,,False,,1,
p4_120,p4_severe_120,mc_phase4_nested.py,phase4.2,2026-07-27,1.0,real_bsim_ptm,simulated,False,3.2,0.045,4,4.5,11.86,27.0,,,57.5,69.28487735104099,natural_nbti,,counterfeit_detection,severe,severe,,,,,0.11439838047063577,,False,,1,
p4_121,p4_severe_121,mc_phase4_nested.py,phase4.2,2026-07-27,1.0,real_bsim_ptm,simulated,False,3.2,0.045,4,4.5,11.86,27.0,,,57.5,59.823771285873185,natural_nbti,,counterfeit_detection,severe,severe,,,,,0.16670468021960974,,False,,1,
p4_122,p4_severe_122,mc_phase4_nested.py,phase4.2,2026-07-27,1.0,real_bsim_ptm,simulated,False,3.2,0.045,4,4.5,11.86,27.0,,,57.5,50.9012615836616,natural_nbti,,counterfeit_detection,severe,severe,,,,,0.23158972661514926,,False,,1,
p4_123,p4_severe_123,mc_phase4_nested.py,phase4.2,2026-07-27,1.0,real_bsim_ptm,simulated,False,3.2,0.045,4,4.5,11.86,27.0,,,57.5,49.19048040720794,natural_nbti,,counterfeit_detection,severe,severe,,,,,0.24637234056246393,,False,,1,
p4_124,p4_severe_124,mc_phase4_nested.py,phase4.2,2026-07-27,1.0,real_bsim_ptm,simulated,False,3.2,0.045,4,4.5,11.86,27.0,,,57.5,51.74374028792474,natural_nbti,,counterfeit_detection,severe,severe,,,,,0.26200363355529294,,False,,1,
p4_125,p4_severe_125,mc_phase4_nested.py,phase4.2,2026-07-27,1.0,real_bsim_ptm,simulated,False,3.2,0.045,4,4.5,11.86,27.0,,,57.5,48.708580024052225,natural_nbti,,counterfeit_detection,severe,severe,,,,,0.5842659558031392,,False,,1,
p4_126,p4_severe_126,mc_phase4_nested.py,phase4.2,2026-07-27,1.0,real_bsim_ptm,simulated,False,3.2,0.045,4,4.5,11.86,27.0,,,57.5,50.04633630307371,natural_nbti,,counterfeit_detection,severe,severe,,,,,0.3203716673047503,,False,,1,
p4_127,p4_severe_127,mc_phase4_nested.py,phase4.2,2026-07-27,1.0,real_bsim_ptm,simulated,False,3.2,0.045,4,4.5,11.86,27.0,,,57.5,60.44618100503035,natural_nbti,,counterfeit_detection,severe,severe,,,,,0.29096128381704817,,False,,1,
p4_128,p4_severe_128,mc_phase4_nested.py,phase4.2,2026-07-27,1.0,real_bsim_ptm,simulated,False,3.2,0.045,4,4.5,11.86,27.0,,,57.5,47.66482575769977,natural_nbti,,counterfeit_detection,severe,severe,,,,,0.27992635264314913,,False,,1,
p4_129,p4_severe_129,mc_phase4_nested.py,phase4.2,2026-07-27,1.0,real_bsim_ptm,simulated,False,3.2,0.045,4,4.5,11.86,27.0,,,57.5,61.68983463908962,natural_nbti,,counterfeit_detection,severe,severe,,,,,0.16195623889216668,,False,,1,
p4_130,p4_severe_130,mc_phase4_nested.py,phase4.2,2026-07-27,1.0,real_bsim_ptm,simulated,False,3.2,0.045,4,4.5,11.86,27.0,,,57.5,53.114645747506756,natural_nbti,,counterfeit_detection,severe,severe,,,,,0.18207921688746923,,False,,1,
p4_131,p4_severe_131,mc_phase4_nested.py,phase4.2,2026-07-27,1.0,real_bsim_ptm,simulated,False,3.2,0.045,4,4.5,11.86,27.0,,,57.5,46.82989809421109,natural_nbti,,counterfeit_detection,severe,severe,,,,,0.2369335413040962,,False,,1,
p4_132,p4_severe_132,mc_phase4_nested.py,phase4.2,2026-07-27,1.0,real_bsim_ptm,simulated,False,3.2,0.045,4,4.5,11.86,27.0,,,57.5,45.64105164516089,natural_nbti,,counterfeit_detection,severe,severe,,,,,0.4870637833851143,,False,,1,
p4_133,p4_severe_133,mc_phase4_nested.py,phase4.2,2026-07-27,1.0,real_bsim_ptm,simulated,False,3.2,0.045,4,4.5,11.86,27.0,,,57.5,62.953076905662364,natural_nbti,,counterfeit_detection,severe,severe,,,,,0.1685704642237951,,False,,1,
p4_134,p4_severe_134,mc_phase4_nested.py,phase4.2,2026-07-27,1.0,real_bsim_ptm,simulated,False,3.2,0.045,4,4.5,11.86,27.0,,,57.5,52.12182254904807,natural_nbti,,counterfeit_detection,severe,severe,,,,,0.29245949849436936,,False,,1,
p4_135,p4_severe_135,mc_phase4_nested.py,phase4.2,2026-07-27,1.0,real_bsim_ptm,simulated,False,3.2,0.045,4,4.5,11.86,27.0,,,57.5,48.04715233342369,natural_nbti,,counterfeit_detection,severe,severe,,,,,0.3055321973270679,,False,,1,
p4_136,p4_severe_136,mc_phase4_nested.py,phase4.2,2026-07-27,1.0,real_bsim_ptm,simulated,False,3.2,0.045,4,4.5,11.86,27.0,,,57.5,69.0731718809395,natural_nbti,,counterfeit_detection,severe,severe,,,,,0.18830098896312858,,False,,1,
p4_137,p4_severe_137,mc_phase4_nested.py,phase4.2,2026-07-27,1.0,real_bsim_ptm,simulated,False,3.2,0.045,4,4.5,11.86,27.0,,,57.5,67.1051615837102,natural_nbti,,counterfeit_detection,severe,severe,,,,,0.11456699450885915,,False,,1,
p4_138,p4_severe_138,mc_phase4_nested.py,phase4.2,2026-07-27,1.0,real_bsim_ptm,simulated,False,3.2,0.045,4,4.5,11.86,27.0,,,57.5,65.56535796284196,natural_nbti,,counterfeit_detection,severe,severe,,,,,0.35128073261065096,,False,,1,
p4_139,p4_severe_139,mc_phase4_nested.py,phase4.2,2026-07-27,1.0,real_bsim_ptm,simulated,False,3.2,0.045,4,4.5,11.86,27.0,,,57.5,66.5699269385807,natural_nbti,,counterfeit_detection,severe,severe,,,,,0.16736655011362742,,False,,1,
p4_140,p4_severe_140,mc_phase4_nested.py,phase4.2,2026-07-27,1.0,real_bsim_ptm,simulated,False,3.2,0.045,4,4.5,11.86,27.0,,,57.5,59.861908379654324,natural_nbti,,counterfeit_detection,severe,severe,,,,,0.23346544565973712,,False,,1,
p4_141,p4_severe_141,mc_phase4_nested.py,phase4.2,2026-07-27,1.0,real_bsim_ptm,simulated,False,3.2,0.045,4,4.5,11.86,27.0,,,57.5,69.7813998425547,natural_nbti,,counterfeit_detection,severe,severe,,,,,0.15315531199645593,,False,,1,
p4_142,p4_severe_142,mc_phase4_nested.py,phase4.2,2026-07-27,1.0,real_bsim_ptm,simulated,False,3.2,0.045,4,4.5,11.86,27.0,,,57.5,46.735596068652335,natural_nbti,,counterfeit_detection,severe,severe,,,,,0.23818200818014057,,False,,1,
p4_143,p4_severe_143,mc_phase4_nested.py,phase4.2,2026-07-27,1.0,real_bsim_ptm,simulated,False,3.2,0.045,4,4.5,11.86,27.0,,,57.5,53.10834382788439,natural_nbti,,counterfeit_detection,severe,severe,,,,,0.33697849759064585,,False,,1,
p4_144,p4_severe_144,mc_phase4_nested.py,phase4.2,2026-07-27,1.0,real_bsim_ptm,simulated,False,3.2,0.045,4,4.5,11.86,27.0,,,57.5,49.38257355894149,natural_nbti,,counterfeit_detection,severe,severe,,,,,0.3556721170734821,,False,,1,
p4_145,p4_severe_145,mc_phase4_nested.py,phase4.2,2026-07-27,1.0,real_bsim_ptm,simulated,False,3.2,0.045,4,4.5,11.86,27.0,,,57.5,64.88624901974323,natural_nbti,,counterfeit_detection,severe,severe,,,,,0.22718567175682874,,False,,1,
p4_146,p4_severe_146,mc_phase4_nested.py,phase4.2,2026-07-27,1.0,real_bsim_ptm,simulated,False,3.2,0.045,4,4.5,11.86,27.0,,,57.5,48.19283709088087,natural_nbti,,counterfeit_detection,severe,severe,,,,,0.24484747672435503,,False,,1,
p4_147,p4_severe_147,mc_phase4_nested.py,phase4.2,2026-07-27,1.0,real_bsim_ptm,simulated,False,3.2,0.045,4,4.5,11.86,27.0,,,57.5,52.63810776645059,natural_nbti,,counterfeit_detection,severe,severe,,,,,0.22570224449896426,,False,,1,
p4_148,p4_severe_148,mc_phase4_nested.py,phase4.2,2026-07-27,1.0,real_bsim_ptm,simulated,False,3.2,0.045,4,4.5,11.86,27.0,,,57.5,54.515582336914505,natural_nbti,,counterfeit_detection,severe,severe,,,,,0.1805998797296681,,False,,1,
p4_149,p4_severe_149,mc_phase4_nested.py,phase4.2,2026-07-27,1.0,real_bsim_ptm,simulated,False,3.2,0.045,4,4.5,11.86,27.0,,,57.5,69.39025502149788,natural_nbti,,counterfeit_detection,severe,severe,,,,,0.18612305298945886,,False,,1,
p4_150,p4_severe_150,mc_phase4_nested.py,phase4.2,2026-07-27,1.0,real_bsim_ptm,simulated,False,3.2,0.045,4,4.5,11.86,27.0,,,57.5,54.96657569430783,natural_nbti,,counterfeit_detection,severe,severe,,,,,0.1943365743625975,,False,,1,
p4_151,p4_severe_151,mc_phase4_nested.py,phase4.2,2026-07-27,1.0,real_bsim_ptm,simulated,False,3.2,0.045,4,4.5,11.86,27.0,,,57.5,47.6416171065436,natural_nbti,,counterfeit_detection,severe,severe,,,,,0.23598728293461235,,False,,1,
p4_152,p4_severe_152,mc_phase4_nested.py,phase4.2,2026-07-27,1.0,real_bsim_ptm,simulated,False,3.2,0.045,4,4.5,11.86,27.0,,,57.5,69.59197313158533,natural_nbti,,counterfeit_detection,severe,severe,,,,,0.17921348200918105,,False,,1,
p4_153,p4_severe_153,mc_phase4_nested.py,phase4.2,2026-07-27,1.0,real_bsim_ptm,simulated,False,3.2,0.045,4,4.5,11.86,27.0,,,57.5,69.91742134632442,natural_nbti,,counterfeit_detection,severe,severe,,,,,0.1518095853151589,,False,,1,
p4_154,p4_severe_154,mc_phase4_nested.py,phase4.2,2026-07-27,1.0,real_bsim_ptm,simulated,False,3.2,0.045,4,4.5,11.86,27.0,,,57.5,54.19398377193224,natural_nbti,,counterfeit_detection,severe,severe,,,,,0.26634172824434976,,False,,1,
p4_155,p4_severe_155,mc_phase4_nested.py,phase4.2,2026-07-27,1.0,real_bsim_ptm,simulated,False,3.2,0.045,4,4.5,11.86,27.0,,,57.5,51.49533021862585,natural_nbti,,counterfeit_detection,severe,severe,,,,,0.22234278884542252,,False,,1,
p4_156,p4_severe_156,mc_phase4_nested.py,phase4.2,2026-07-27,1.0,real_bsim_ptm,simulated,False,3.2,0.045,4,4.5,11.86,27.0,,,57.5,56.359433363999024,natural_nbti,,counterfeit_detection,severe,severe,,,,,0.2578416404587674,,False,,1,
p4_157,p4_severe_157,mc_phase4_nested.py,phase4.2,2026-07-27,1.0,real_bsim_ptm,simulated,False,3.2,0.045,4,4.5,11.86,27.0,,,57.5,64.62541359592642,natural_nbti,,counterfeit_detection,severe,severe,,,,,0.2154754762555101,,False,,1,
p4_158,p4_severe_158,mc_phase4_nested.py,phase4.2,2026-07-27,1.0,real_bsim_ptm,simulated,False,3.2,0.045,4,4.5,11.86,27.0,,,57.5,61.48384805514457,natural_nbti,,counterfeit_detection,severe,severe,,,,,0.13777127685673146,,False,,1,
p4_159,p4_severe_159,mc_phase4_nested.py,phase4.2,2026-07-27,1.0,real_bsim_ptm,simulated,False,3.2,0.045,4,4.5,11.86,27.0,,,57.5,62.00569448020883,natural_nbti,,counterfeit_detection,severe,severe,,,,,0.19431939356225902,,False,,1,
p5_auth_0,p5_auth_0,mc_phase5_tattoo.py,phase5.3,2026-07-27,1.0,real_bsim_ptm,simulated,False,3.2,0.045,4,4.5,11.86,27.0,,,60.0,,controlled_tattoo_stress,,digital_tattoo_auth,tattoo_bit1,tattoo_bit1,1.0,,96.34085,13.69504,0.1639235732532918,,False,,1,
p5_auth_1,p5_auth_1,mc_phase5_tattoo.py,phase5.3,2026-07-27,1.0,real_bsim_ptm,simulated,False,3.2,0.045,4,4.5,11.86,27.0,,,60.0,,controlled_tattoo_stress,,digital_tattoo_auth,tattoo_bit1,tattoo_bit1,1.0,,62.244475,15.81115,0.2861653615284172,,False,,1,
p5_auth_2,p5_auth_2,mc_phase5_tattoo.py,phase5.3,2026-07-27,1.0,real_bsim_ptm,simulated,False,3.2,0.045,4,4.5,11.86,27.0,,,60.0,,controlled_tattoo_stress,,digital_tattoo_auth,tattoo_bit1,tattoo_bit1,1.0,,56.74012499999999,9.0770875,0.17609425215808477,,False,,1,
p5_auth_3,p5_auth_3,mc_phase5_tattoo.py,phase5.3,2026-07-27,1.0,real_bsim_ptm,simulated,False,3.2,0.045,4,4.5,11.86,27.0,,,60.0,,controlled_tattoo_stress,,digital_tattoo_auth,tattoo_bit1,tattoo_bit1,1.0,,73.91417500000001,21.969075,0.318788583233281,,False,,1,
p5_auth_4,p5_auth_4,mc_phase5_tattoo.py,phase5.3,2026-07-27,1.0,real_bsim_ptm,simulated,False,3.2,0.045,4,4.5,11.86,27.0,,,60.0,,controlled_tattoo_stress,,digital_tattoo_auth,tattoo_bit1,tattoo_bit1,1.0,,81.61044999999999,13.483475000000002,0.17970933546466308,,False,,1,
p5_auth_5,p5_auth_5,mc_phase5_tattoo.py,phase5.3,2026-07-27,1.0,real_bsim_ptm,simulated,False,3.2,0.045,4,4.5,11.86,27.0,,,60.0,,controlled_tattoo_stress,,digital_tattoo_auth,tattoo_bit1,tattoo_bit1,1.0,,64.054175,14.907050000000002,0.2519558049961693,,False,,1,
p5_auth_6,p5_auth_6,mc_phase5_tattoo.py,phase5.3,2026-07-27,1.0,real_bsim_ptm,simulated,False,3.2,0.045,4,4.5,11.86,27.0,,,60.0,,controlled_tattoo_stress,,digital_tattoo_auth,tattoo_bit1,tattoo_bit1,1.0,,64.331525,13.0391325,0.22673025889721482,,False,,1,
p5_auth_7,p5_auth_7,mc_phase5_tattoo.py,phase5.3,2026-07-27,1.0,real_bsim_ptm,simulated,False,3.2,0.045,4,4.5,11.86,27.0,,,60.0,,controlled_tattoo_stress,,digital_tattoo_auth,tattoo_bit1,tattoo_bit1,1.0,,60.109950000000005,12.0461,0.20891809862661306,,False,,1,
p5_auth_8,p5_auth_8,mc_phase5_tattoo.py,phase5.3,2026-07-27,1.0,real_bsim_ptm,simulated,False,3.2,0.045,4,4.5,11.86,27.0,,,60.0,,controlled_tattoo_stress,,digital_tattoo_auth,tattoo_bit1,tattoo_bit1,1.0,,66.74345000000001,13.7127,0.22129613026971967,,False,,1,
p5_auth_9,p5_auth_9,mc_phase5_tattoo.py,phase5.3,2026-07-27,1.0,real_bsim_ptm,simulated,False,3.2,0.045,4,4.5,11.86,27.0,,,60.0,,controlled_tattoo_stress,,digital_tattoo_auth,tattoo_bit1,tattoo_bit1,1.0,,86.25895,16.2361175,0.22854925840724238,,False,,1,
p5_auth_10,p5_auth_10,mc_phase5_tattoo.py,phase5.3,2026-07-27,1.0,real_bsim_ptm,simulated,False,3.2,0.045,4,4.5,11.86,27.0,,,60.0,,controlled_tattoo_stress,,digital_tattoo_auth,tattoo_bit1,tattoo_bit1,1.0,,61.30180000000001,16.423424999999998,0.2785024822768056,,False,,1,
p5_auth_11,p5_auth_11,mc_phase5_tattoo.py,phase5.3,2026-07-27,1.0,real_bsim_ptm,simulated,False,3.2,0.045,4,4.5,11.86,27.0,,,60.0,,controlled_tattoo_stress,,digital_tattoo_auth,tattoo_bit1,tattoo_bit1,1.0,,55.1252,12.930575000000001,0.26749097163976987,,False,,1,
p5_auth_12,p5_auth_12,mc_phase5_tattoo.py,phase5.3,2026-07-27,1.0,real_bsim_ptm,simulated,False,3.2,0.045,4,4.5,11.86,27.0,,,60.0,,controlled_tattoo_stress,,digital_tattoo_auth,tattoo_bit1,tattoo_bit1,1.0,,66.1061,16.734497499999996,0.2591949829196635,,False,,1,
p5_auth_13,p5_auth_13,mc_phase5_tattoo.py,phase5.3,2026-07-27,1.0,real_bsim_ptm,simulated,False,3.2,0.045,4,4.5,11.86,27.0,,,60.0,,controlled_tattoo_stress,,digital_tattoo_auth,tattoo_bit1,tattoo_bit1,1.0,,67.143225,17.2293175,0.2674627024520139,,False,,1,
p5_auth_14,p5_auth_14,mc_phase5_tattoo.py,phase5.3,2026-07-27,1.0,real_bsim_ptm,simulated,False,3.2,0.045,4,4.5,11.86,27.0,,,60.0,,controlled_tattoo_stress,,digital_tattoo_auth,tattoo_bit1,tattoo_bit1,1.0,,68.82695,16.03825,0.3088005821103358,,False,,1,
p5_auth_15,p5_auth_15,mc_phase5_tattoo.py,phase5.3,2026-07-27,1.0,real_bsim_ptm,simulated,False,3.2,0.045,4,4.5,11.86,27.0,,,60.0,,controlled_tattoo_stress,,digital_tattoo_auth,tattoo_bit1,tattoo_bit1,1.0,,57.85865,13.1496,0.24001732594525063,,False,,1,
p5_auth_16,p5_auth_16,mc_phase5_tattoo.py,phase5.3,2026-07-27,1.0,real_bsim_ptm,simulated,False,3.2,0.045,4,4.5,11.86,27.0,,,60.0,,controlled_tattoo_stress,,digital_tattoo_auth,tattoo_bit1,tattoo_bit1,1.0,,72.56524999999999,14.810049999999999,0.21226119074995664,,False,,1,
p5_auth_17,p5_auth_17,mc_phase5_tattoo.py,phase5.3,2026-07-27,1.0,real_bsim_ptm,simulated,False,3.2,0.045,4,4.5,11.86,27.0,,,60.0,,controlled_tattoo_stress,,digital_tattoo_auth,tattoo_bit1,tattoo_bit1,1.0,,63.805375000000005,11.884615,0.21732907286142847,,False,,1,
p5_auth_18,p5_auth_18,mc_phase5_tattoo.py,phase5.3,2026-07-27,1.0,real_bsim_ptm,simulated,False,3.2,0.045,4,4.5,11.86,27.0,,,60.0,,controlled_tattoo_stress,,digital_tattoo_auth,tattoo_bit1,tattoo_bit1,1.0,,62.597575000000006,11.913525,0.1916455153603024,,False,,1,
p5_auth_19,p5_auth_19,mc_phase5_tattoo.py,phase5.3,2026-07-27,1.0,real_bsim_ptm,simulated,False,3.2,0.045,4,4.5,11.86,27.0,,,60.0,,controlled_tattoo_stress,,digital_tattoo_auth,tattoo_bit1,tattoo_bit1,1.0,,74.995475,16.738225,0.24190010412090604,,False,,1,
p5_auth_20,p5_auth_20,mc_phase5_tattoo.py,phase5.3,2026-07-27,1.0,real_bsim_ptm,simulated,False,3.2,0.045,4,4.5,11.86,27.0,,,60.0,,controlled_tattoo_stress,,digital_tattoo_auth,tattoo_bit1,tattoo_bit1,1.0,,57.026925000000006,15.446550000000002,0.2903552141119916,,False,,1,
p5_auth_21,p5_auth_21,mc_phase5_tattoo.py,phase5.3,2026-07-27,1.0,real_bsim_ptm,simulated,False,3.2,0.045,4,4.5,11.86,27.0,,,60.0,,controlled_tattoo_stress,,digital_tattoo_auth,tattoo_bit1,tattoo_bit1,1.0,,76.416575,12.471617499999999,0.1654343376033868,,False,,1,
p5_auth_22,p5_auth_22,mc_phase5_tattoo.py,phase5.3,2026-07-27,1.0,real_bsim_ptm,simulated,False,3.2,0.045,4,4.5,11.86,27.0,,,60.0,,controlled_tattoo_stress,,digital_tattoo_auth,tattoo_bit1,tattoo_bit1,1.0,,61.70517500000001,13.14637,0.2273014371269529,,False,,1,
p5_auth_23,p5_auth_23,mc_phase5_tattoo.py,phase5.3,2026-07-27,1.0,real_bsim_ptm,simulated,False,3.2,0.045,4,4.5,11.86,27.0,,,60.0,,controlled_tattoo_stress,,digital_tattoo_auth,tattoo_bit1,tattoo_bit1,1.0,,75.22354999999999,18.488875,0.24267648370148626,,False,,1,
p5_auth_24,p5_auth_24,mc_phase5_tattoo.py,phase5.3,2026-07-27,1.0,real_bsim_ptm,simulated,False,3.2,0.045,4,4.5,11.86,27.0,,,60.0,,controlled_tattoo_stress,,digital_tattoo_auth,tattoo_bit1,tattoo_bit1,1.0,,69.02435000000001,19.950875,0.29772400097804097,,False,,1,
p5_auth_25,p5_auth_25,mc_phase5_tattoo.py,phase5.3,2026-07-27,1.0,real_bsim_ptm,simulated,False,3.2,0.045,4,4.5,11.86,27.0,,,60.0,,controlled_tattoo_stress,,digital_tattoo_auth,tattoo_bit1,tattoo_bit1,1.0,,56.166399999999996,14.804300000000001,0.2730364826627143,,False,,1,
p5_auth_26,p5_auth_26,mc_phase5_tattoo.py,phase5.3,2026-07-27,1.0,real_bsim_ptm,simulated,False,3.2,0.045,4,4.5,11.86,27.0,,,60.0,,controlled_tattoo_stress,,digital_tattoo_auth,tattoo_bit1,tattoo_bit1,1.0,,70.88027499999998,13.138097499999999,0.18900909158858467,,False,,1,
p5_auth_27,p5_auth_27,mc_phase5_tattoo.py,phase5.3,2026-07-27,1.0,real_bsim_ptm,simulated,False,3.2,0.045,4,4.5,11.86,27.0,,,60.0,,controlled_tattoo_stress,,digital_tattoo_auth,tattoo_bit1,tattoo_bit1,1.0,,77.79855,14.07585,0.1884049988731145,,False,,1,
p5_auth_28,p5_auth_28,mc_phase5_tattoo.py,phase5.3,2026-07-27,1.0,real_bsim_ptm,simulated,False,3.2,0.045,4,4.5,11.86,27.0,,,60.0,,controlled_tattoo_stress,,digital_tattoo_auth,tattoo_bit1,tattoo_bit1,1.0,,88.03245000000001,16.312325,0.21938432140900707,,False,,1,
p5_auth_29,p5_auth_29,mc_phase5_tattoo.py,phase5.3,2026-07-27,1.0,real_bsim_ptm,simulated,False,3.2,0.045,4,4.5,11.86,27.0,,,60.0,,controlled_tattoo_stress,,digital_tattoo_auth,tattoo_bit1,tattoo_bit1,1.0,,59.66535,14.25385,0.245002343937773,,False,,1,
p5_auth_30,p5_auth_30,mc_phase5_tattoo.py,phase5.3,2026-07-27,1.0,real_bsim_ptm,simulated,False,3.2,0.045,4,4.5,11.86,27.0,,,60.0,,controlled_tattoo_stress,,digital_tattoo_auth,tattoo_bit1,tattoo_bit1,1.0,,59.528675,17.9924,0.3063376385687268,,False,,1,
p5_auth_31,p5_auth_31,mc_phase5_tattoo.py,phase5.3,2026-07-27,1.0,real_bsim_ptm,simulated,False,3.2,0.045,4,4.5,11.86,27.0,,,60.0,,controlled_tattoo_stress,,digital_tattoo_auth,tattoo_bit1,tattoo_bit1,1.0,,70.65665000000001,14.741425000000001,0.22961845008237597,,False,,1,
p5_auth_32,p5_auth_32,mc_phase5_tattoo.py,phase5.3,2026-07-27,1.0,real_bsim_ptm,simulated,False,3.2,0.045,4,4.5,11.86,27.0,,,60.0,,controlled_tattoo_stress,,digital_tattoo_auth,tattoo_bit1,tattoo_bit1,1.0,,65.25945,12.1274825,0.18708524066855808,,False,,1,
p5_auth_33,p5_auth_33,mc_phase5_tattoo.py,phase5.3,2026-07-27,1.0,real_bsim_ptm,simulated,False,3.2,0.045,4,4.5,11.86,27.0,,,60.0,,controlled_tattoo_stress,,digital_tattoo_auth,tattoo_bit1,tattoo_bit1,1.0,,62.45270000000001,14.852425,0.2470246360901128,,False,,1,
p5_auth_34,p5_auth_34,mc_phase5_tattoo.py,phase5.3,2026-07-27,1.0,real_bsim_ptm,simulated,False,3.2,0.045,4,4.5,11.86,27.0,,,60.0,,controlled_tattoo_stress,,digital_tattoo_auth,tattoo_bit1,tattoo_bit1,1.0,,70.121575,17.6098,0.29771247151172076,,False,,1,
p5_auth_35,p5_auth_35,mc_phase5_tattoo.py,phase5.3,2026-07-27,1.0,real_bsim_ptm,simulated,False,3.2,0.045,4,4.5,11.86,27.0,,,60.0,,controlled_tattoo_stress,,digital_tattoo_auth,tattoo_bit1,tattoo_bit1,1.0,,100.28095,15.180027500000001,0.1583241656480869,,False,,1,
p5_auth_36,p5_auth_36,mc_phase5_tattoo.py,phase5.3,2026-07-27,1.0,real_bsim_ptm,simulated,False,3.2,0.045,4,4.5,11.86,27.0,,,60.0,,controlled_tattoo_stress,,digital_tattoo_auth,tattoo_bit1,tattoo_bit1,1.0,,93.368825,12.900500000000001,0.16860364242088144,,False,,1,
p5_auth_37,p5_auth_37,mc_phase5_tattoo.py,phase5.3,2026-07-27,1.0,real_bsim_ptm,simulated,False,3.2,0.045,4,4.5,11.86,27.0,,,60.0,,controlled_tattoo_stress,,digital_tattoo_auth,tattoo_bit1,tattoo_bit1,1.0,,59.431549999999994,12.6489,0.23504665085371645,,False,,1,
p5_auth_38,p5_auth_38,mc_phase5_tattoo.py,phase5.3,2026-07-27,1.0,real_bsim_ptm,simulated,False,3.2,0.045,4,4.5,11.86,27.0,,,60.0,,controlled_tattoo_stress,,digital_tattoo_auth,tattoo_bit1,tattoo_bit1,1.0,,65.632875,11.0528825,0.17835732276376673,,False,,1,
p5_auth_39,p5_auth_39,mc_phase5_tattoo.py,phase5.3,2026-07-27,1.0,real_bsim_ptm,simulated,False,3.2,0.045,4,4.5,11.86,27.0,,,60.0,,controlled_tattoo_stress,,digital_tattoo_auth,tattoo_bit1,tattoo_bit1,1.0,,69.48335,13.071925,0.20590684713341495,,False,,1,
p5_auth_40,p5_auth_40,mc_phase5_tattoo.py,phase5.3,2026-07-27,1.0,real_bsim_ptm,simulated,False,3.2,0.045,4,4.5,11.86,27.0,,,60.0,,controlled_tattoo_stress,,digital_tattoo_auth,tattoo_bit1,tattoo_bit1,1.0,,84.935375,17.913525,0.22529643390989132,,False,,1,
p5_auth_41,p5_auth_41,mc_phase5_tattoo.py,phase5.3,2026-07-27,1.0,real_bsim_ptm,simulated,False,3.2,0.045,4,4.5,11.86,27.0,,,60.0,,controlled_tattoo_stress,,digital_tattoo_auth,tattoo_bit1,tattoo_bit1,1.0,,73.131975,11.8576575,0.1620158235222218,,False,,1,
p5_auth_42,p5_auth_42,mc_phase5_tattoo.py,phase5.3,2026-07-27,1.0,real_bsim_ptm,simulated,False,3.2,0.045,4,4.5,11.86,27.0,,,60.0,,controlled_tattoo_stress,,digital_tattoo_auth,tattoo_bit1,tattoo_bit1,1.0,,59.57935,15.957249999999998,0.29257499301724377,,False,,1,
p5_auth_43,p5_auth_43,mc_phase5_tattoo.py,phase5.3,2026-07-27,1.0,real_bsim_ptm,simulated,False,3.2,0.045,4,4.5,11.86,27.0,,,60.0,,controlled_tattoo_stress,,digital_tattoo_auth,tattoo_bit1,tattoo_bit1,1.0,,90.3755,11.9370575,0.1407721437607683,,False,,1,
p5_auth_44,p5_auth_44,mc_phase5_tattoo.py,phase5.3,2026-07-27,1.0,real_bsim_ptm,simulated,False,3.2,0.045,4,4.5,11.86,27.0,,,60.0,,controlled_tattoo_stress,,digital_tattoo_auth,tattoo_bit1,tattoo_bit1,1.0,,101.3878,14.856787500000001,0.14590741838095467,,False,,1,
p5_auth_45,p5_auth_45,mc_phase5_tattoo.py,phase5.3,2026-07-27,1.0,real_bsim_ptm,simulated,False,3.2,0.045,4,4.5,11.86,27.0,,,60.0,,controlled_tattoo_stress,,digital_tattoo_auth,tattoo_bit1,tattoo_bit1,1.0,,71.37049999999999,13.261225,0.2236328809832703,,False,,1,
p5_auth_46,p5_auth_46,mc_phase5_tattoo.py,phase5.3,2026-07-27,1.0,real_bsim_ptm,simulated,False,3.2,0.045,4,4.5,11.86,27.0,,,60.0,,controlled_tattoo_stress,,digital_tattoo_auth,tattoo_bit1,tattoo_bit1,1.0,,86.107725,13.081874999999998,0.17748323002465088,,False,,1,
p5_auth_47,p5_auth_47,mc_phase5_tattoo.py,phase5.3,2026-07-27,1.0,real_bsim_ptm,simulated,False,3.2,0.045,4,4.5,11.86,27.0,,,60.0,,controlled_tattoo_stress,,digital_tattoo_auth,tattoo_bit1,tattoo_bit1,1.0,,73.48127500000001,16.818749999999998,0.24876143540870066,,False,,1,
p5_auth_48,p5_auth_48,mc_phase5_tattoo.py,phase5.3,2026-07-27,1.0,real_bsim_ptm,simulated,False,3.2,0.045,4,4.5,11.86,27.0,,,60.0,,controlled_tattoo_stress,,digital_tattoo_auth,tattoo_bit1,tattoo_bit1,1.0,,68.8505,12.389342500000001,0.1861162902185,,False,,1,
p5_auth_49,p5_auth_49,mc_phase5_tattoo.py,phase5.3,2026-07-27,1.0,real_bsim_ptm,simulated,False,3.2,0.045,4,4.5,11.86,27.0,,,60.0,,controlled_tattoo_stress,,digital_tattoo_auth,tattoo_bit1,tattoo_bit1,1.0,,83.63737499999999,13.60055,0.16859221935656057,,False,,1,
p5_auth_50,p5_auth_50,mc_phase5_tattoo.py,phase5.3,2026-07-27,1.0,real_bsim_ptm,simulated,False,3.2,0.045,4,4.5,11.86,27.0,,,60.0,,controlled_tattoo_stress,,digital_tattoo_auth,tattoo_bit1,tattoo_bit1,1.0,,76.642875,15.64568,0.2313683071894269,,False,,1,
p5_auth_51,p5_auth_51,mc_phase5_tattoo.py,phase5.3,2026-07-27,1.0,real_bsim_ptm,simulated,False,3.2,0.045,4,4.5,11.86,27.0,,,60.0,,controlled_tattoo_stress,,digital_tattoo_auth,tattoo_bit1,tattoo_bit1,1.0,,62.051325000000006,14.237574999999998,0.2466434542921757,,False,,1,
p5_auth_52,p5_auth_52,mc_phase5_tattoo.py,phase5.3,2026-07-27,1.0,real_bsim_ptm,simulated,False,3.2,0.045,4,4.5,11.86,27.0,,,60.0,,controlled_tattoo_stress,,digital_tattoo_auth,tattoo_bit1,tattoo_bit1,1.0,,80.77109999999999,17.45845,0.23053185394232012,,False,,1,
p5_auth_53,p5_auth_53,mc_phase5_tattoo.py,phase5.3,2026-07-27,1.0,real_bsim_ptm,simulated,False,3.2,0.045,4,4.5,11.86,27.0,,,60.0,,controlled_tattoo_stress,,digital_tattoo_auth,tattoo_bit1,tattoo_bit1,1.0,,80.61014999999999,11.598872499999999,0.14670534645789257,,False,,1,
p5_auth_54,p5_auth_54,mc_phase5_tattoo.py,phase5.3,2026-07-27,1.0,real_bsim_ptm,simulated,False,3.2,0.045,4,4.5,11.86,27.0,,,60.0,,controlled_tattoo_stress,,digital_tattoo_auth,tattoo_bit1,tattoo_bit1,1.0,,54.15905,15.706494999999997,0.2871776500633746,,False,,1,
p5_auth_55,p5_auth_55,mc_phase5_tattoo.py,phase5.3,2026-07-27,1.0,real_bsim_ptm,simulated,False,3.2,0.045,4,4.5,11.86,27.0,,,60.0,,controlled_tattoo_stress,,digital_tattoo_auth,tattoo_bit1,tattoo_bit1,1.0,,67.920475,13.51155,0.22615316816446188,,False,,1,
p5_auth_56,p5_auth_56,mc_phase5_tattoo.py,phase5.3,2026-07-27,1.0,real_bsim_ptm,simulated,False,3.2,0.045,4,4.5,11.86,27.0,,,60.0,,controlled_tattoo_stress,,digital_tattoo_auth,tattoo_bit1,tattoo_bit1,1.0,,71.4847,15.62955,0.24088067685490677,,False,,1,
p5_auth_57,p5_auth_57,mc_phase5_tattoo.py,phase5.3,2026-07-27,1.0,real_bsim_ptm,simulated,False,3.2,0.045,4,4.5,11.86,27.0,,,60.0,,controlled_tattoo_stress,,digital_tattoo_auth,tattoo_bit1,tattoo_bit1,1.0,,80.45665,10.6051175,0.1318064644845069,,False,,1,
p5_auth_58,p5_auth_58,mc_phase5_tattoo.py,phase5.3,2026-07-27,1.0,real_bsim_ptm,simulated,False,3.2,0.045,4,4.5,11.86,27.0,,,60.0,,controlled_tattoo_stress,,digital_tattoo_auth,tattoo_bit1,tattoo_bit1,1.0,,50.989,11.364899999999999,0.22463322526295815,,False,,1,
p5_auth_59,p5_auth_59,mc_phase5_tattoo.py,phase5.3,2026-07-27,1.0,real_bsim_ptm,simulated,False,3.2,0.045,4,4.5,11.86,27.0,,,60.0,,controlled_tattoo_stress,,digital_tattoo_auth,tattoo_bit1,tattoo_bit1,1.0,,86.768325,14.201889999999999,0.17587799825836575,,False,,1,
p5_auth_60,p5_auth_60,mc_phase5_tattoo.py,phase5.3,2026-07-27,1.0,real_bsim_ptm,simulated,False,3.2,0.045,4,4.5,11.86,27.0,,,60.0,,controlled_tattoo_stress,,digital_tattoo_auth,tattoo_bit1,tattoo_bit1,1.0,,88.06275000000001,10.107265000000002,0.1365065568644585,,False,,1,
p5_auth_61,p5_auth_61,mc_phase5_tattoo.py,phase5.3,2026-07-27,1.0,real_bsim_ptm,simulated,False,3.2,0.045,4,4.5,11.86,27.0,,,60.0,,controlled_tattoo_stress,,digital_tattoo_auth,tattoo_bit1,tattoo_bit1,1.0,,81.20655000000001,14.056549999999998,0.2260934022220074,,False,,1,
p5_auth_62,p5_auth_62,mc_phase5_tattoo.py,phase5.3,2026-07-27,1.0,real_bsim_ptm,simulated,False,3.2,0.045,4,4.5,11.86,27.0,,,60.0,,controlled_tattoo_stress,,digital_tattoo_auth,tattoo_bit1,tattoo_bit1,1.0,,61.34032499999999,12.661525000000001,0.21177580909753455,,False,,1,
p5_auth_63,p5_auth_63,mc_phase5_tattoo.py,phase5.3,2026-07-27,1.0,real_bsim_ptm,simulated,False,3.2,0.045,4,4.5,11.86,27.0,,,60.0,,controlled_tattoo_stress,,digital_tattoo_auth,tattoo_bit1,tattoo_bit1,1.0,,78.39099999999999,13.278535,0.18162067346191918,,False,,1,
p5_auth_64,p5_auth_64,mc_phase5_tattoo.py,phase5.3,2026-07-27,1.0,real_bsim_ptm,simulated,False,3.2,0.045,4,4.5,11.86,27.0,,,60.0,,controlled_tattoo_stress,,digital_tattoo_auth,tattoo_bit1,tattoo_bit1,1.0,,64.499675,12.529875,0.22816408763544863,,False,,1,
p5_auth_65,p5_auth_65,mc_phase5_tattoo.py,phase5.3,2026-07-27,1.0,real_bsim_ptm,simulated,False,3.2,0.045,4,4.5,11.86,27.0,,,60.0,,controlled_tattoo_stress,,digital_tattoo_auth,tattoo_bit1,tattoo_bit1,1.0,,87.14920000000001,15.7004,0.20121936777914556,,False,,1,
p5_auth_66,p5_auth_66,mc_phase5_tattoo.py,phase5.3,2026-07-27,1.0,real_bsim_ptm,simulated,False,3.2,0.045,4,4.5,11.86,27.0,,,60.0,,controlled_tattoo_stress,,digital_tattoo_auth,tattoo_bit1,tattoo_bit1,1.0,,55.237550000000006,13.227025,0.23578327948849315,,False,,1,
p5_auth_67,p5_auth_67,mc_phase5_tattoo.py,phase5.3,2026-07-27,1.0,real_bsim_ptm,simulated,False,3.2,0.045,4,4.5,11.86,27.0,,,60.0,,controlled_tattoo_stress,,digital_tattoo_auth,tattoo_bit1,tattoo_bit1,1.0,,70.89322499999999,13.577345000000001,0.204184538928673,,False,,1,
p5_auth_68,p5_auth_68,mc_phase5_tattoo.py,phase5.3,2026-07-27,1.0,real_bsim_ptm,simulated,False,3.2,0.045,4,4.5,11.86,27.0,,,60.0,,controlled_tattoo_stress,,digital_tattoo_auth,tattoo_bit1,tattoo_bit1,1.0,,94.74045000000001,13.631255,0.1475682596878884,,False,,1,
p5_auth_69,p5_auth_69,mc_phase5_tattoo.py,phase5.3,2026-07-27,1.0,real_bsim_ptm,simulated,False,3.2,0.045,4,4.5,11.86,27.0,,,60.0,,controlled_tattoo_stress,,digital_tattoo_auth,tattoo_bit1,tattoo_bit1,1.0,,53.170275,16.465725000000003,0.30714304155640654,,False,,1,
p5_auth_70,p5_auth_70,mc_phase5_tattoo.py,phase5.3,2026-07-27,1.0,real_bsim_ptm,simulated,False,3.2,0.045,4,4.5,11.86,27.0,,,60.0,,controlled_tattoo_stress,,digital_tattoo_auth,tattoo_bit1,tattoo_bit1,1.0,,77.475925,11.542100000000001,0.16327177746241528,,False,,1,
p5_auth_71,p5_auth_71,mc_phase5_tattoo.py,phase5.3,2026-07-27,1.0,real_bsim_ptm,simulated,False,3.2,0.045,4,4.5,11.86,27.0,,,60.0,,controlled_tattoo_stress,,digital_tattoo_auth,tattoo_bit1,tattoo_bit1,1.0,,54.360875,11.7928125,0.22186956998200852,,False,,1,
p5_auth_72,p5_auth_72,mc_phase5_tattoo.py,phase5.3,2026-07-27,1.0,real_bsim_ptm,simulated,False,3.2,0.045,4,4.5,11.86,27.0,,,60.0,,controlled_tattoo_stress,,digital_tattoo_auth,tattoo_bit1,tattoo_bit1,1.0,,61.785475,14.7767,0.2549440383218473,,False,,1,
p5_auth_73,p5_auth_73,mc_phase5_tattoo.py,phase5.3,2026-07-27,1.0,real_bsim_ptm,simulated,False,3.2,0.045,4,4.5,11.86,27.0,,,60.0,,controlled_tattoo_stress,,digital_tattoo_auth,tattoo_bit1,tattoo_bit1,1.0,,59.285475000000005,13.911420000000001,0.2703001667868951,,False,,1,
p5_auth_74,p5_auth_74,mc_phase5_tattoo.py,phase5.3,2026-07-27,1.0,real_bsim_ptm,simulated,False,3.2,0.045,4,4.5,11.86,27.0,,,60.0,,controlled_tattoo_stress,,digital_tattoo_auth,tattoo_bit1,tattoo_bit1,1.0,,65.0181,15.34033,0.24280368002510766,,False,,1,
p5_auth_75,p5_auth_75,mc_phase5_tattoo.py,phase5.3,2026-07-27,1.0,real_bsim_ptm,simulated,False,3.2,0.045,4,4.5,11.86,27.0,,,60.0,,controlled_tattoo_stress,,digital_tattoo_auth,tattoo_bit1,tattoo_bit1,1.0,,47.878899999999994,15.846074999999999,0.34908882773556404,,False,,1,
p5_auth_76,p5_auth_76,mc_phase5_tattoo.py,phase5.3,2026-07-27,1.0,real_bsim_ptm,simulated,False,3.2,0.045,4,4.5,11.86,27.0,,,60.0,,controlled_tattoo_stress,,digital_tattoo_auth,tattoo_bit1,tattoo_bit1,1.0,,58.532025000000004,13.9799225,0.24170447746367202,,False,,1,
p5_auth_77,p5_auth_77,mc_phase5_tattoo.py,phase5.3,2026-07-27,1.0,real_bsim_ptm,simulated,False,3.2,0.045,4,4.5,11.86,27.0,,,60.0,,controlled_tattoo_stress,,digital_tattoo_auth,tattoo_bit1,tattoo_bit1,1.0,,70.94090000000001,12.2867225,0.1781811728107385,,False,,1,
p5_auth_78,p5_auth_78,mc_phase5_tattoo.py,phase5.3,2026-07-27,1.0,real_bsim_ptm,simulated,False,3.2,0.045,4,4.5,11.86,27.0,,,60.0,,controlled_tattoo_stress,,digital_tattoo_auth,tattoo_bit1,tattoo_bit1,1.0,,78.728975,14.448705,0.18269120956375073,,False,,1,
p5_auth_79,p5_auth_79,mc_phase5_tattoo.py,phase5.3,2026-07-27,1.0,real_bsim_ptm,simulated,False,3.2,0.045,4,4.5,11.86,27.0,,,60.0,,controlled_tattoo_stress,,digital_tattoo_auth,tattoo_bit1,tattoo_bit1,1.0,,89.01392500000001,16.39685,0.23626644967919305,,False,,1,
p5_auth_80,p5_auth_80,mc_phase5_tattoo.py,phase5.3,2026-07-27,1.0,real_bsim_ptm,simulated,False,3.2,0.045,4,4.5,11.86,27.0,,,60.0,,controlled_tattoo_stress,,digital_tattoo_auth,tattoo_bit1,tattoo_bit1,1.0,,69.323275,15.187904999999999,0.24700800249923022,,False,,1,
p5_auth_81,p5_auth_81,mc_phase5_tattoo.py,phase5.3,2026-07-27,1.0,real_bsim_ptm,simulated,False,3.2,0.045,4,4.5,11.86,27.0,,,60.0,,controlled_tattoo_stress,,digital_tattoo_auth,tattoo_bit1,tattoo_bit1,1.0,,61.124100000000006,14.571735,0.25337039264411376,,False,,1,
p5_auth_82,p5_auth_82,mc_phase5_tattoo.py,phase5.3,2026-07-27,1.0,real_bsim_ptm,simulated,False,3.2,0.045,4,4.5,11.86,27.0,,,60.0,,controlled_tattoo_stress,,digital_tattoo_auth,tattoo_bit1,tattoo_bit1,1.0,,95.3644,13.53055,0.15734001945126272,,False,,1,
p5_auth_83,p5_auth_83,mc_phase5_tattoo.py,phase5.3,2026-07-27,1.0,real_bsim_ptm,simulated,False,3.2,0.045,4,4.5,11.86,27.0,,,60.0,,controlled_tattoo_stress,,digital_tattoo_auth,tattoo_bit1,tattoo_bit1,1.0,,62.997099999999996,12.123940000000001,0.1920336639387673,,False,,1,
p5_auth_84,p5_auth_84,mc_phase5_tattoo.py,phase5.3,2026-07-27,1.0,real_bsim_ptm,simulated,False,3.2,0.045,4,4.5,11.86,27.0,,,60.0,,controlled_tattoo_stress,,digital_tattoo_auth,tattoo_bit1,tattoo_bit1,1.0,,69.12767500000001,11.581055000000001,0.20122934421197633,,False,,1,
p5_auth_85,p5_auth_85,mc_phase5_tattoo.py,phase5.3,2026-07-27,1.0,real_bsim_ptm,simulated,False,3.2,0.045,4,4.5,11.86,27.0,,,60.0,,controlled_tattoo_stress,,digital_tattoo_auth,tattoo_bit1,tattoo_bit1,1.0,,65.471925,11.947695,0.1872770187672979,,False,,1,
p5_auth_86,p5_auth_86,mc_phase5_tattoo.py,phase5.3,2026-07-27,1.0,real_bsim_ptm,simulated,False,3.2,0.045,4,4.5,11.86,27.0,,,60.0,,controlled_tattoo_stress,,digital_tattoo_auth,tattoo_bit1,tattoo_bit1,1.0,,88.4449,13.726962499999999,0.17277074765362987,,False,,1,
p5_auth_87,p5_auth_87,mc_phase5_tattoo.py,phase5.3,2026-07-27,1.0,real_bsim_ptm,simulated,False,3.2,0.045,4,4.5,11.86,27.0,,,60.0,,controlled_tattoo_stress,,digital_tattoo_auth,tattoo_bit1,tattoo_bit1,1.0,,51.82355,14.332354999999998,0.2797530024128294,,False,,1,
p5_auth_88,p5_auth_88,mc_phase5_tattoo.py,phase5.3,2026-07-27,1.0,real_bsim_ptm,simulated,False,3.2,0.045,4,4.5,11.86,27.0,,,60.0,,controlled_tattoo_stress,,digital_tattoo_auth,tattoo_bit1,tattoo_bit1,1.0,,66.077675,12.3629325,0.20838971544633017,,False,,1,
p5_auth_89,p5_auth_89,mc_phase5_tattoo.py,phase5.3,2026-07-27,1.0,real_bsim_ptm,simulated,False,3.2,0.045,4,4.5,11.86,27.0,,,60.0,,controlled_tattoo_stress,,digital_tattoo_auth,tattoo_bit1,tattoo_bit1,1.0,,75.888125,13.84125,0.18351256425647955,,False,,1,
p5_auth_90,p5_auth_90,mc_phase5_tattoo.py,phase5.3,2026-07-27,1.0,real_bsim_ptm,simulated,False,3.2,0.045,4,4.5,11.86,27.0,,,60.0,,controlled_tattoo_stress,,digital_tattoo_auth,tattoo_bit1,tattoo_bit1,1.0,,60.0057,12.2901525,0.21782584165467303,,False,,1,
p5_auth_91,p5_auth_91,mc_phase5_tattoo.py,phase5.3,2026-07-27,1.0,real_bsim_ptm,simulated,False,3.2,0.045,4,4.5,11.86,27.0,,,60.0,,controlled_tattoo_stress,,digital_tattoo_auth,tattoo_bit1,tattoo_bit1,1.0,,89.501,9.8066775,0.12297376150424301,,False,,1,
p5_auth_92,p5_auth_92,mc_phase5_tattoo.py,phase5.3,2026-07-27,1.0,real_bsim_ptm,simulated,False,3.2,0.045,4,4.5,11.86,27.0,,,60.0,,controlled_tattoo_stress,,digital_tattoo_auth,tattoo_bit1,tattoo_bit1,1.0,,75.911375,13.830074999999999,0.18302425635231007,,False,,1,
p5_auth_93,p5_auth_93,mc_phase5_tattoo.py,phase5.3,2026-07-27,1.0,real_bsim_ptm,simulated,False,3.2,0.045,4,4.5,11.86,27.0,,,60.0,,controlled_tattoo_stress,,digital_tattoo_auth,tattoo_bit1,tattoo_bit1,1.0,,63.721875000000004,11.007515,0.19212500941515165,,False,,1,
p5_auth_94,p5_auth_94,mc_phase5_tattoo.py,phase5.3,2026-07-27,1.0,real_bsim_ptm,simulated,False,3.2,0.045,4,4.5,11.86,27.0,,,60.0,,controlled_tattoo_stress,,digital_tattoo_auth,tattoo_bit1,tattoo_bit1,1.0,,79.892625,13.99927,0.21297305762309024,,False,,1,
p5_auth_95,p5_auth_95,mc_phase5_tattoo.py,phase5.3,2026-07-27,1.0,real_bsim_ptm,simulated,False,3.2,0.045,4,4.5,11.86,27.0,,,60.0,,controlled_tattoo_stress,,digital_tattoo_auth,tattoo_bit1,tattoo_bit1,1.0,,114.131075,19.477700000000002,0.2240307185244338,,False,,1,
p5_auth_96,p5_auth_96,mc_phase5_tattoo.py,phase5.3,2026-07-27,1.0,real_bsim_ptm,simulated,False,3.2,0.045,4,4.5,11.86,27.0,,,60.0,,controlled_tattoo_stress,,digital_tattoo_auth,tattoo_bit1,tattoo_bit1,1.0,,77.4057,16.659525,0.2577544256542303,,False,,1,
p5_auth_97,p5_auth_97,mc_phase5_tattoo.py,phase5.3,2026-07-27,1.0,real_bsim_ptm,simulated,False,3.2,0.045,4,4.5,11.86,27.0,,,60.0,,controlled_tattoo_stress,,digital_tattoo_auth,tattoo_bit1,tattoo_bit1,1.0,,84.2123,15.785535000000001,0.22143316803199084,,False,,1,
p5_auth_98,p5_auth_98,mc_phase5_tattoo.py,phase5.3,2026-07-27,1.0,real_bsim_ptm,simulated,False,3.2,0.045,4,4.5,11.86,27.0,,,60.0,,controlled_tattoo_stress,,digital_tattoo_auth,tattoo_bit1,tattoo_bit1,1.0,,92.585725,13.757275,0.15228859760802532,,False,,1,
p5_auth_99,p5_auth_99,mc_phase5_tattoo.py,phase5.3,2026-07-27,1.0,real_bsim_ptm,simulated,False,3.2,0.045,4,4.5,11.86,27.0,,,60.0,,controlled_tattoo_stress,,digital_tattoo_auth,tattoo_bit1,tattoo_bit1,1.0,,73.4329,15.133737499999999,0.2322486430547102,,False,,1,
p5_256bit_0,p5_256bit_chip1,mc_phase5_256bit.py,phase5.2,2026-07-27,1.0,real_bsim_ptm,simulated,False,3.2,0.045,4,4.5,11.86,27.0,,,0.0,,controlled_tattoo_stress,,digital_tattoo_message,tattoo_bit0,tattoo_bit0,0.0,0.0,,,1.2125934445593207,,False,,1,
p5_256bit_1,p5_256bit_chip1,mc_phase5_256bit.py,phase5.2,2026-07-27,1.0,real_bsim_ptm,simulated,False,3.2,0.045,4,4.5,11.86,27.0,,,0.0,,controlled_tattoo_stress,,digital_tattoo_message,tattoo_bit0,tattoo_bit0,0.0,1.0,,,0.7001425043759993,,False,,1,
p5_256bit_2,p5_256bit_chip1,mc_phase5_256bit.py,phase5.2,2026-07-27,1.0,real_bsim_ptm,simulated,False,3.2,0.045,4,4.5,11.86,27.0,,,0.0,,controlled_tattoo_stress,,digital_tattoo_message,tattoo_bit0,tattoo_bit0,0.0,2.0,,,1.0157939858217944,,False,,1,
p5_256bit_3,p5_256bit_chip1,mc_phase5_256bit.py,phase5.2,2026-07-27,1.0,real_bsim_ptm,simulated,False,3.2,0.045,4,4.5,11.86,27.0,,,0.0,,controlled_tattoo_stress,,digital_tattoo_message,tattoo_bit0,tattoo_bit0,0.0,3.0,,,1.4625062087418264,,False,,1,
p5_256bit_4,p5_256bit_chip1,mc_phase5_256bit.py,phase5.2,2026-07-27,1.0,real_bsim_ptm,simulated,False,3.2,0.045,4,4.5,11.86,27.0,,,60.0,,controlled_tattoo_stress,,digital_tattoo_message,tattoo_bit1,tattoo_bit1,1.0,4.0,,,0.1751524673605946,,False,,1,
p5_256bit_5,p5_256bit_chip1,mc_phase5_256bit.py,phase5.2,2026-07-27,1.0,real_bsim_ptm,simulated,False,3.2,0.045,4,4.5,11.86,27.0,,,0.0,,controlled_tattoo_stress,,digital_tattoo_message,tattoo_bit0,tattoo_bit0,0.0,5.0,,,1.1528095370668052,,False,,1,
p5_256bit_6,p5_256bit_chip1,mc_phase5_256bit.py,phase5.2,2026-07-27,1.0,real_bsim_ptm,simulated,False,3.2,0.045,4,4.5,11.86,27.0,,,0.0,,controlled_tattoo_stress,,digital_tattoo_message,tattoo_bit0,tattoo_bit0,0.0,6.0,,,1.5222819282459108,,False,,1,
p5_256bit_7,p5_256bit_chip1,mc_phase5_256bit.py,phase5.2,2026-07-27,1.0,real_bsim_ptm,simulated,False,3.2,0.045,4,4.5,11.86,27.0,,,60.0,,controlled_tattoo_stress,,digital_tattoo_message,tattoo_bit1,tattoo_bit1,1.0,7.0,,,0.21829357970728047,,False,,1,
p5_256bit_8,p5_256bit_chip1,mc_phase5_256bit.py,phase5.2,2026-07-27,1.0,real_bsim_ptm,simulated,False,3.2,0.045,4,4.5,11.86,27.0,,,60.0,,controlled_tattoo_stress,,digital_tattoo_message,tattoo_bit1,tattoo_bit1,1.0,8.0,,,0.18934597825154614,,False,,1,
p5_256bit_9,p5_256bit_chip1,mc_phase5_256bit.py,phase5.2,2026-07-27,1.0,real_bsim_ptm,simulated,False,3.2,0.045,4,4.5,11.86,27.0,,,60.0,,controlled_tattoo_stress,,digital_tattoo_message,tattoo_bit1,tattoo_bit1,1.0,9.0,,,0.17631180820659997,,False,,1,
p5_256bit_10,p5_256bit_chip1,mc_phase5_256bit.py,phase5.2,2026-07-27,1.0,real_bsim_ptm,simulated,False,3.2,0.045,4,4.5,11.86,27.0,,,60.0,,controlled_tattoo_stress,,digital_tattoo_message,tattoo_bit1,tattoo_bit1,1.0,10.0,,,0.16527634769556873,,False,,1,
p5_256bit_11,p5_256bit_chip1,mc_phase5_256bit.py,phase5.2,2026-07-27,1.0,real_bsim_ptm,simulated,False,3.2,0.045,4,4.5,11.86,27.0,,,0.0,,controlled_tattoo_stress,,digital_tattoo_message,tattoo_bit0,tattoo_bit0,0.0,11.0,,,1.1340833945693272,,False,,1,
p5_256bit_12,p5_256bit_chip1,mc_phase5_256bit.py,phase5.2,2026-07-27,1.0,real_bsim_ptm,simulated,False,3.2,0.045,4,4.5,11.86,27.0,,,60.0,,controlled_tattoo_stress,,digital_tattoo_message,tattoo_bit1,tattoo_bit1,1.0,12.0,,,0.3562162779183466,,False,,1,
p5_256bit_13,p5_256bit_chip1,mc_phase5_256bit.py,phase5.2,2026-07-27,1.0,real_bsim_ptm,simulated,False,3.2,0.045,4,4.5,11.86,27.0,,,0.0,,controlled_tattoo_stress,,digital_tattoo_message,tattoo_bit0,tattoo_bit0,0.0,13.0,,,1.3232714407491597,,False,,1,
p5_256bit_14,p5_256bit_chip1,mc_phase5_256bit.py,phase5.2,2026-07-27,1.0,real_bsim_ptm,simulated,False,3.2,0.045,4,4.5,11.86,27.0,,,0.0,,controlled_tattoo_stress,,digital_tattoo_message,tattoo_bit0,tattoo_bit0,0.0,14.0,,,0.726875577543033,,False,,1,
p5_256bit_15,p5_256bit_chip1,mc_phase5_256bit.py,phase5.2,2026-07-27,1.0,real_bsim_ptm,simulated,False,3.2,0.045,4,4.5,11.86,27.0,,,0.0,,controlled_tattoo_stress,,digital_tattoo_message,tattoo_bit0,tattoo_bit0,0.0,15.0,,,1.208327381855708,,False,,1,
p5_256bit_16,p5_256bit_chip1,mc_phase5_256bit.py,phase5.2,2026-07-27,1.0,real_bsim_ptm,simulated,False,3.2,0.045,4,4.5,11.86,27.0,,,60.0,,controlled_tattoo_stress,,digital_tattoo_message,tattoo_bit1,tattoo_bit1,1.0,16.0,,,0.15392827438782788,,False,,1,
p5_256bit_17,p5_256bit_chip1,mc_phase5_256bit.py,phase5.2,2026-07-27,1.0,real_bsim_ptm,simulated,False,3.2,0.045,4,4.5,11.86,27.0,,,0.0,,controlled_tattoo_stress,,digital_tattoo_message,tattoo_bit0,tattoo_bit0,0.0,17.0,,,1.166463306881802,,False,,1,
p5_256bit_18,p5_256bit_chip1,mc_phase5_256bit.py,phase5.2,2026-07-27,1.0,real_bsim_ptm,simulated,False,3.2,0.045,4,4.5,11.86,27.0,,,60.0,,controlled_tattoo_stress,,digital_tattoo_message,tattoo_bit1,tattoo_bit1,1.0,18.0,,,0.13926893142207408,,False,,1,
p5_256bit_19,p5_256bit_chip1,mc_phase5_256bit.py,phase5.2,2026-07-27,1.0,real_bsim_ptm,simulated,False,3.2,0.045,4,4.5,11.86,27.0,,,0.0,,controlled_tattoo_stress,,digital_tattoo_message,tattoo_bit0,tattoo_bit0,0.0,19.0,,,1.3928156383174364,,False,,1,
p5_256bit_20,p5_256bit_chip1,mc_phase5_256bit.py,phase5.2,2026-07-27,1.0,real_bsim_ptm,simulated,False,3.2,0.045,4,4.5,11.86,27.0,,,60.0,,controlled_tattoo_stress,,digital_tattoo_message,tattoo_bit1,tattoo_bit1,1.0,20.0,,,0.1675208613997153,,False,,1,
p5_256bit_21,p5_256bit_chip1,mc_phase5_256bit.py,phase5.2,2026-07-27,1.0,real_bsim_ptm,simulated,False,3.2,0.045,4,4.5,11.86,27.0,,,60.0,,controlled_tattoo_stress,,digital_tattoo_message,tattoo_bit1,tattoo_bit1,1.0,21.0,,,0.2842697265346424,,False,,1,
p5_256bit_22,p5_256bit_chip1,mc_phase5_256bit.py,phase5.2,2026-07-27,1.0,real_bsim_ptm,simulated,False,3.2,0.045,4,4.5,11.86,27.0,,,0.0,,controlled_tattoo_stress,,digital_tattoo_message,tattoo_bit0,tattoo_bit0,0.0,22.0,,,1.3754514449181239,,False,,1,
p5_256bit_23,p5_256bit_chip1,mc_phase5_256bit.py,phase5.2,2026-07-27,1.0,real_bsim_ptm,simulated,False,3.2,0.045,4,4.5,11.86,27.0,,,0.0,,controlled_tattoo_stress,,digital_tattoo_message,tattoo_bit0,tattoo_bit0,0.0,23.0,,,0.8654703680086016,,False,,1,
p5_256bit_24,p5_256bit_chip1,mc_phase5_256bit.py,phase5.2,2026-07-27,1.0,real_bsim_ptm,simulated,False,3.2,0.045,4,4.5,11.86,27.0,,,60.0,,controlled_tattoo_stress,,digital_tattoo_message,tattoo_bit1,tattoo_bit1,1.0,24.0,,,0.20428304746630946,,False,,1,
p5_256bit_25,p5_256bit_chip1,mc_phase5_256bit.py,phase5.2,2026-07-27,1.0,real_bsim_ptm,simulated,False,3.2,0.045,4,4.5,11.86,27.0,,,60.0,,controlled_tattoo_stress,,digital_tattoo_message,tattoo_bit1,tattoo_bit1,1.0,25.0,,,0.19683796062020847,,False,,1,
p5_256bit_26,p5_256bit_chip1,mc_phase5_256bit.py,phase5.2,2026-07-27,1.0,real_bsim_ptm,simulated,False,3.2,0.045,4,4.5,11.86,27.0,,,60.0,,controlled_tattoo_stress,,digital_tattoo_message,tattoo_bit1,tattoo_bit1,1.0,26.0,,,0.2922611325772113,,False,,1,
p5_256bit_27,p5_256bit_chip1,mc_phase5_256bit.py,phase5.2,2026-07-27,1.0,real_bsim_ptm,simulated,False,3.2,0.045,4,4.5,11.86,27.0,,,0.0,,controlled_tattoo_stress,,digital_tattoo_message,tattoo_bit0,tattoo_bit0,0.0,27.0,,,0.7045359990034139,,False,,1,
p5_256bit_28,p5_256bit_chip1,mc_phase5_256bit.py,phase5.2,2026-07-27,1.0,real_bsim_ptm,simulated,False,3.2,0.045,4,4.5,11.86,27.0,,,60.0,,controlled_tattoo_stress,,digital_tattoo_message,tattoo_bit1,tattoo_bit1,1.0,28.0,,,0.20081443407069155,,False,,1,
p5_256bit_29,p5_256bit_chip1,mc_phase5_256bit.py,phase5.2,2026-07-27,1.0,real_bsim_ptm,simulated,False,3.2,0.045,4,4.5,11.86,27.0,,,60.0,,controlled_tattoo_stress,,digital_tattoo_message,tattoo_bit1,tattoo_bit1,1.0,29.0,,,0.26328077796446303,,False,,1,
p5_256bit_30,p5_256bit_chip1,mc_phase5_256bit.py,phase5.2,2026-07-27,1.0,real_bsim_ptm,simulated,False,3.2,0.045,4,4.5,11.86,27.0,,,0.0,,controlled_tattoo_stress,,digital_tattoo_message,tattoo_bit0,tattoo_bit0,0.0,30.0,,,1.3029688761502471,,False,,1,
p5_256bit_31,p5_256bit_chip1,mc_phase5_256bit.py,phase5.2,2026-07-27,1.0,real_bsim_ptm,simulated,False,3.2,0.045,4,4.5,11.86,27.0,,,0.0,,controlled_tattoo_stress,,digital_tattoo_message,tattoo_bit0,tattoo_bit0,0.0,31.0,,,0.9982674605507221,,False,,1,
p5_256bit_32,p5_256bit_chip1,mc_phase5_256bit.py,phase5.2,2026-07-27,1.0,real_bsim_ptm,simulated,False,3.2,0.045,4,4.5,11.86,27.0,,,60.0,,controlled_tattoo_stress,,digital_tattoo_message,tattoo_bit1,tattoo_bit1,1.0,32.0,,,0.2785739251619514,,False,,1,
p5_256bit_33,p5_256bit_chip1,mc_phase5_256bit.py,phase5.2,2026-07-27,1.0,real_bsim_ptm,simulated,False,3.2,0.045,4,4.5,11.86,27.0,,,60.0,,controlled_tattoo_stress,,digital_tattoo_message,tattoo_bit1,tattoo_bit1,1.0,33.0,,,0.14091673563787407,,False,,1,
p5_256bit_34,p5_256bit_chip1,mc_phase5_256bit.py,phase5.2,2026-07-27,1.0,real_bsim_ptm,simulated,False,3.2,0.045,4,4.5,11.86,27.0,,,0.0,,controlled_tattoo_stress,,digital_tattoo_message,tattoo_bit0,tattoo_bit0,0.0,34.0,,,0.7851036035180096,,False,,1,
p5_256bit_35,p5_256bit_chip1,mc_phase5_256bit.py,phase5.2,2026-07-27,1.0,real_bsim_ptm,simulated,False,3.2,0.045,4,4.5,11.86,27.0,,,0.0,,controlled_tattoo_stress,,digital_tattoo_message,tattoo_bit0,tattoo_bit0,0.0,35.0,,,1.410873680261851,,False,,1,
p5_256bit_36,p5_256bit_chip1,mc_phase5_256bit.py,phase5.2,2026-07-27,1.0,real_bsim_ptm,simulated,False,3.2,0.045,4,4.5,11.86,27.0,,,0.0,,controlled_tattoo_stress,,digital_tattoo_message,tattoo_bit0,tattoo_bit0,0.0,36.0,,,1.3631415813987084,,False,,1,
p5_256bit_37,p5_256bit_chip1,mc_phase5_256bit.py,phase5.2,2026-07-27,1.0,real_bsim_ptm,simulated,False,3.2,0.045,4,4.5,11.86,27.0,,,0.0,,controlled_tattoo_stress,,digital_tattoo_message,tattoo_bit0,tattoo_bit0,0.0,37.0,,,1.0692659676941583,,False,,1,
p5_256bit_38,p5_256bit_chip1,mc_phase5_256bit.py,phase5.2,2026-07-27,1.0,real_bsim_ptm,simulated,False,3.2,0.045,4,4.5,11.86,27.0,,,60.0,,controlled_tattoo_stress,,digital_tattoo_message,tattoo_bit1,tattoo_bit1,1.0,38.0,,,0.17707799791129744,,False,,1,
p5_256bit_39,p5_256bit_chip1,mc_phase5_256bit.py,phase5.2,2026-07-27,1.0,real_bsim_ptm,simulated,False,3.2,0.045,4,4.5,11.86,27.0,,,60.0,,controlled_tattoo_stress,,digital_tattoo_message,tattoo_bit1,tattoo_bit1,1.0,39.0,,,0.3692604453940647,,False,,1,
p5_256bit_40,p5_256bit_chip1,mc_phase5_256bit.py,phase5.2,2026-07-27,1.0,real_bsim_ptm,simulated,False,3.2,0.045,4,4.5,11.86,27.0,,,0.0,,controlled_tattoo_stress,,digital_tattoo_message,tattoo_bit0,tattoo_bit0,0.0,40.0,,,0.9366142494634531,,False,,1,
p5_256bit_41,p5_256bit_chip1,mc_phase5_256bit.py,phase5.2,2026-07-27,1.0,real_bsim_ptm,simulated,False,3.2,0.045,4,4.5,11.86,27.0,,,60.0,,controlled_tattoo_stress,,digital_tattoo_message,tattoo_bit1,tattoo_bit1,1.0,41.0,,,0.16995537542009878,,False,,1,
p5_256bit_42,p5_256bit_chip1,mc_phase5_256bit.py,phase5.2,2026-07-27,1.0,real_bsim_ptm,simulated,False,3.2,0.045,4,4.5,11.86,27.0,,,0.0,,controlled_tattoo_stress,,digital_tattoo_message,tattoo_bit0,tattoo_bit0,0.0,42.0,,,1.1295584013007263,,False,,1,
p5_256bit_43,p5_256bit_chip1,mc_phase5_256bit.py,phase5.2,2026-07-27,1.0,real_bsim_ptm,simulated,False,3.2,0.045,4,4.5,11.86,27.0,,,60.0,,controlled_tattoo_stress,,digital_tattoo_message,tattoo_bit1,tattoo_bit1,1.0,43.0,,,0.18011869178054232,,False,,1,
p5_256bit_44,p5_256bit_chip1,mc_phase5_256bit.py,phase5.2,2026-07-27,1.0,real_bsim_ptm,simulated,False,3.2,0.045,4,4.5,11.86,27.0,,,60.0,,controlled_tattoo_stress,,digital_tattoo_message,tattoo_bit1,tattoo_bit1,1.0,44.0,,,0.20865878898804469,,False,,1,
p5_256bit_45,p5_256bit_chip1,mc_phase5_256bit.py,phase5.2,2026-07-27,1.0,real_bsim_ptm,simulated,False,3.2,0.045,4,4.5,11.86,27.0,,,60.0,,controlled_tattoo_stress,,digital_tattoo_message,tattoo_bit1,tattoo_bit1,1.0,45.0,,,0.21436074000638378,,False,,1,
p5_256bit_46,p5_256bit_chip1,mc_phase5_256bit.py,phase5.2,2026-07-27,1.0,real_bsim_ptm,simulated,False,3.2,0.045,4,4.5,11.86,27.0,,,60.0,,controlled_tattoo_stress,,digital_tattoo_message,tattoo_bit1,tattoo_bit1,1.0,46.0,,,0.15628095500778355,,False,,1,
p5_256bit_47,p5_256bit_chip1,mc_phase5_256bit.py,phase5.2,2026-07-27,1.0,real_bsim_ptm,simulated,False,3.2,0.045,4,4.5,11.86,27.0,,,60.0,,controlled_tattoo_stress,,digital_tattoo_message,tattoo_bit1,tattoo_bit1,1.0,47.0,,,0.17655837347292938,,False,,1,
p5_256bit_48,p5_256bit_chip1,mc_phase5_256bit.py,phase5.2,2026-07-27,1.0,real_bsim_ptm,simulated,False,3.2,0.045,4,4.5,11.86,27.0,,,0.0,,controlled_tattoo_stress,,digital_tattoo_message,tattoo_bit0,tattoo_bit0,0.0,48.0,,,1.8955199815879618,,False,,1,
p5_256bit_49,p5_256bit_chip1,mc_phase5_256bit.py,phase5.2,2026-07-27,1.0,real_bsim_ptm,simulated,False,3.2,0.045,4,4.5,11.86,27.0,,,0.0,,controlled_tattoo_stress,,digital_tattoo_message,tattoo_bit0,tattoo_bit0,0.0,49.0,,,0.9144612522826033,,False,,1,
p5_256bit_50,p5_256bit_chip1,mc_phase5_256bit.py,phase5.2,2026-07-27,1.0,real_bsim_ptm,simulated,False,3.2,0.045,4,4.5,11.86,27.0,,,60.0,,controlled_tattoo_stress,,digital_tattoo_message,tattoo_bit1,tattoo_bit1,1.0,50.0,,,0.2486675819512943,,False,,1,
p5_256bit_51,p5_256bit_chip1,mc_phase5_256bit.py,phase5.2,2026-07-27,1.0,real_bsim_ptm,simulated,False,3.2,0.045,4,4.5,11.86,27.0,,,0.0,,controlled_tattoo_stress,,digital_tattoo_message,tattoo_bit0,tattoo_bit0,0.0,51.0,,,1.2522596002063882,,False,,1,
p5_256bit_52,p5_256bit_chip1,mc_phase5_256bit.py,phase5.2,2026-07-27,1.0,real_bsim_ptm,simulated,False,3.2,0.045,4,4.5,11.86,27.0,,,0.0,,controlled_tattoo_stress,,digital_tattoo_message,tattoo_bit0,tattoo_bit0,0.0,52.0,,,1.056983272638775,,False,,1,
p5_256bit_53,p5_256bit_chip1,mc_phase5_256bit.py,phase5.2,2026-07-27,1.0,real_bsim_ptm,simulated,False,3.2,0.045,4,4.5,11.86,27.0,,,0.0,,controlled_tattoo_stress,,digital_tattoo_message,tattoo_bit0,tattoo_bit0,0.0,53.0,,,1.023314375652872,,False,,1,
p5_256bit_54,p5_256bit_chip1,mc_phase5_256bit.py,phase5.2,2026-07-27,1.0,real_bsim_ptm,simulated,False,3.2,0.045,4,4.5,11.86,27.0,,,0.0,,controlled_tattoo_stress,,digital_tattoo_message,tattoo_bit0,tattoo_bit0,0.0,54.0,,,1.0052491409902278,,False,,1,
p5_256bit_55,p5_256bit_chip1,mc_phase5_256bit.py,phase5.2,2026-07-27,1.0,real_bsim_ptm,simulated,False,3.2,0.045,4,4.5,11.86,27.0,,,0.0,,controlled_tattoo_stress,,digital_tattoo_message,tattoo_bit0,tattoo_bit0,0.0,55.0,,,1.3651721176498623,,False,,1,
p5_256bit_56,p5_256bit_chip1,mc_phase5_256bit.py,phase5.2,2026-07-27,1.0,real_bsim_ptm,simulated,False,3.2,0.045,4,4.5,11.86,27.0,,,0.0,,controlled_tattoo_stress,,digital_tattoo_message,tattoo_bit0,tattoo_bit0,0.0,56.0,,,1.0770502573877347,,False,,1,
p5_256bit_57,p5_256bit_chip1,mc_phase5_256bit.py,phase5.2,2026-07-27,1.0,real_bsim_ptm,simulated,False,3.2,0.045,4,4.5,11.86,27.0,,,0.0,,controlled_tattoo_stress,,digital_tattoo_message,tattoo_bit0,tattoo_bit0,0.0,57.0,,,0.9624897630392577,,False,,1,
p5_256bit_58,p5_256bit_chip1,mc_phase5_256bit.py,phase5.2,2026-07-27,1.0,real_bsim_ptm,simulated,False,3.2,0.045,4,4.5,11.86,27.0,,,60.0,,controlled_tattoo_stress,,digital_tattoo_message,tattoo_bit1,tattoo_bit1,1.0,58.0,,,0.2815405904674726,,False,,1,
p5_256bit_59,p5_256bit_chip1,mc_phase5_256bit.py,phase5.2,2026-07-27,1.0,real_bsim_ptm,simulated,False,3.2,0.045,4,4.5,11.86,27.0,,,0.0,,controlled_tattoo_stress,,digital_tattoo_message,tattoo_bit0,tattoo_bit0,0.0,59.0,,,1.146452717683121,,False,,1,
p5_256bit_60,p5_256bit_chip1,mc_phase5_256bit.py,phase5.2,2026-07-27,1.0,real_bsim_ptm,simulated,False,3.2,0.045,4,4.5,11.86,27.0,,,0.0,,controlled_tattoo_stress,,digital_tattoo_message,tattoo_bit0,tattoo_bit0,0.0,60.0,,,1.4960085784722448,,False,,1,
p5_256bit_61,p5_256bit_chip1,mc_phase5_256bit.py,phase5.2,2026-07-27,1.0,real_bsim_ptm,simulated,False,3.2,0.045,4,4.5,11.86,27.0,,,60.0,,controlled_tattoo_stress,,digital_tattoo_message,tattoo_bit1,tattoo_bit1,1.0,61.0,,,0.2592030203960762,,False,,1,
p5_256bit_62,p5_256bit_chip1,mc_phase5_256bit.py,phase5.2,2026-07-27,1.0,real_bsim_ptm,simulated,False,3.2,0.045,4,4.5,11.86,27.0,,,0.0,,controlled_tattoo_stress,,digital_tattoo_message,tattoo_bit0,tattoo_bit0,0.0,62.0,,,1.2248252760153377,,False,,1,
p5_256bit_63,p5_256bit_chip1,mc_phase5_256bit.py,phase5.2,2026-07-27,1.0,real_bsim_ptm,simulated,False,3.2,0.045,4,4.5,11.86,27.0,,,0.0,,controlled_tattoo_stress,,digital_tattoo_message,tattoo_bit0,tattoo_bit0,0.0,63.0,,,1.4619681820859751,,False,,1,
p5_256bit_64,p5_256bit_chip1,mc_phase5_256bit.py,phase5.2,2026-07-27,1.0,real_bsim_ptm,simulated,False,3.2,0.045,4,4.5,11.86,27.0,,,60.0,,controlled_tattoo_stress,,digital_tattoo_message,tattoo_bit1,tattoo_bit1,1.0,64.0,,,0.26067705024252036,,False,,1,
p5_256bit_65,p5_256bit_chip1,mc_phase5_256bit.py,phase5.2,2026-07-27,1.0,real_bsim_ptm,simulated,False,3.2,0.045,4,4.5,11.86,27.0,,,0.0,,controlled_tattoo_stress,,digital_tattoo_message,tattoo_bit0,tattoo_bit0,0.0,65.0,,,0.8485551147260211,,False,,1,
p5_256bit_66,p5_256bit_chip1,mc_phase5_256bit.py,phase5.2,2026-07-27,1.0,real_bsim_ptm,simulated,False,3.2,0.045,4,4.5,11.86,27.0,,,60.0,,controlled_tattoo_stress,,digital_tattoo_message,tattoo_bit1,tattoo_bit1,1.0,66.0,,,0.24379018978230804,,False,,1,
p5_256bit_67,p5_256bit_chip1,mc_phase5_256bit.py,phase5.2,2026-07-27,1.0,real_bsim_ptm,simulated,False,3.2,0.045,4,4.5,11.86,27.0,,,0.0,,controlled_tattoo_stress,,digital_tattoo_message,tattoo_bit0,tattoo_bit0,0.0,67.0,,,1.3570699366422887,,False,,1,
p5_256bit_68,p5_256bit_chip1,mc_phase5_256bit.py,phase5.2,2026-07-27,1.0,real_bsim_ptm,simulated,False,3.2,0.045,4,4.5,11.86,27.0,,,60.0,,controlled_tattoo_stress,,digital_tattoo_message,tattoo_bit1,tattoo_bit1,1.0,68.0,,,0.27725851949229785,,False,,1,
p5_256bit_69,p5_256bit_chip1,mc_phase5_256bit.py,phase5.2,2026-07-27,1.0,real_bsim_ptm,simulated,False,3.2,0.045,4,4.5,11.86,27.0,,,0.0,,controlled_tattoo_stress,,digital_tattoo_message,tattoo_bit0,tattoo_bit0,0.0,69.0,,,0.6881349700491095,,False,,1,
p5_256bit_70,p5_256bit_chip1,mc_phase5_256bit.py,phase5.2,2026-07-27,1.0,real_bsim_ptm,simulated,False,3.2,0.045,4,4.5,11.86,27.0,,,60.0,,controlled_tattoo_stress,,digital_tattoo_message,tattoo_bit1,tattoo_bit1,1.0,70.0,,,0.23252486662608665,,False,,1,
p5_256bit_71,p5_256bit_chip1,mc_phase5_256bit.py,phase5.2,2026-07-27,1.0,real_bsim_ptm,simulated,False,3.2,0.045,4,4.5,11.86,27.0,,,60.0,,controlled_tattoo_stress,,digital_tattoo_message,tattoo_bit1,tattoo_bit1,1.0,71.0,,,0.24263391762645872,,False,,1,
p5_256bit_72,p5_256bit_chip1,mc_phase5_256bit.py,phase5.2,2026-07-27,1.0,real_bsim_ptm,simulated,False,3.2,0.045,4,4.5,11.86,27.0,,,60.0,,controlled_tattoo_stress,,digital_tattoo_message,tattoo_bit1,tattoo_bit1,1.0,72.0,,,0.24837014129141222,,False,,1,
p5_256bit_73,p5_256bit_chip1,mc_phase5_256bit.py,phase5.2,2026-07-27,1.0,real_bsim_ptm,simulated,False,3.2,0.045,4,4.5,11.86,27.0,,,0.0,,controlled_tattoo_stress,,digital_tattoo_message,tattoo_bit0,tattoo_bit0,0.0,73.0,,,1.2261151548621523,,False,,1,
p5_256bit_74,p5_256bit_chip1,mc_phase5_256bit.py,phase5.2,2026-07-27,1.0,real_bsim_ptm,simulated,False,3.2,0.045,4,4.5,11.86,27.0,,,0.0,,controlled_tattoo_stress,,digital_tattoo_message,tattoo_bit0,tattoo_bit0,0.0,74.0,,,0.7981551226336738,,False,,1,
p5_256bit_75,p5_256bit_chip1,mc_phase5_256bit.py,phase5.2,2026-07-27,1.0,real_bsim_ptm,simulated,False,3.2,0.045,4,4.5,11.86,27.0,,,60.0,,controlled_tattoo_stress,,digital_tattoo_message,tattoo_bit1,tattoo_bit1,1.0,75.0,,,0.254500731685863,,False,,1,
p5_256bit_76,p5_256bit_chip1,mc_phase5_256bit.py,phase5.2,2026-07-27,1.0,real_bsim_ptm,simulated,False,3.2,0.045,4,4.5,11.86,27.0,,,60.0,,controlled_tattoo_stress,,digital_tattoo_message,tattoo_bit1,tattoo_bit1,1.0,76.0,,,0.2822109653696634,,False,,1,
p5_256bit_77,p5_256bit_chip1,mc_phase5_256bit.py,phase5.2,2026-07-27,1.0,real_bsim_ptm,simulated,False,3.2,0.045,4,4.5,11.86,27.0,,,0.0,,controlled_tattoo_stress,,digital_tattoo_message,tattoo_bit0,tattoo_bit0,0.0,77.0,,,1.0379813492032022,,False,,1,
p5_256bit_78,p5_256bit_chip1,mc_phase5_256bit.py,phase5.2,2026-07-27,1.0,real_bsim_ptm,simulated,False,3.2,0.045,4,4.5,11.86,27.0,,,60.0,,controlled_tattoo_stress,,digital_tattoo_message,tattoo_bit1,tattoo_bit1,1.0,78.0,,,0.28459867495445257,,False,,1,
p5_256bit_79,p5_256bit_chip1,mc_phase5_256bit.py,phase5.2,2026-07-27,1.0,real_bsim_ptm,simulated,False,3.2,0.045,4,4.5,11.86,27.0,,,0.0,,controlled_tattoo_stress,,digital_tattoo_message,tattoo_bit0,tattoo_bit0,0.0,79.0,,,1.0179833295080205,,False,,1,
p5_256bit_80,p5_256bit_chip1,mc_phase5_256bit.py,phase5.2,2026-07-27,1.0,real_bsim_ptm,simulated,False,3.2,0.045,4,4.5,11.86,27.0,,,60.0,,controlled_tattoo_stress,,digital_tattoo_message,tattoo_bit1,tattoo_bit1,1.0,80.0,,,0.21114987393494794,,False,,1,
p5_256bit_81,p5_256bit_chip1,mc_phase5_256bit.py,phase5.2,2026-07-27,1.0,real_bsim_ptm,simulated,False,3.2,0.045,4,4.5,11.86,27.0,,,60.0,,controlled_tattoo_stress,,digital_tattoo_message,tattoo_bit1,tattoo_bit1,1.0,81.0,,,0.20566875978547564,,False,,1,
p5_256bit_82,p5_256bit_chip1,mc_phase5_256bit.py,phase5.2,2026-07-27,1.0,real_bsim_ptm,simulated,False,3.2,0.045,4,4.5,11.86,27.0,,,0.0,,controlled_tattoo_stress,,digital_tattoo_message,tattoo_bit0,tattoo_bit0,0.0,82.0,,,0.8052046685743435,,False,,1,
p5_256bit_83,p5_256bit_chip1,mc_phase5_256bit.py,phase5.2,2026-07-27,1.0,real_bsim_ptm,simulated,False,3.2,0.045,4,4.5,11.86,27.0,,,60.0,,controlled_tattoo_stress,,digital_tattoo_message,tattoo_bit1,tattoo_bit1,1.0,83.0,,,0.25947965973386183,,False,,1,
p5_256bit_84,p5_256bit_chip1,mc_phase5_256bit.py,phase5.2,2026-07-27,1.0,real_bsim_ptm,simulated,False,3.2,0.045,4,4.5,11.86,27.0,,,60.0,,controlled_tattoo_stress,,digital_tattoo_message,tattoo_bit1,tattoo_bit1,1.0,84.0,,,0.1893780227021115,,False,,1,
p5_256bit_85,p5_256bit_chip1,mc_phase5_256bit.py,phase5.2,2026-07-27,1.0,real_bsim_ptm,simulated,False,3.2,0.045,4,4.5,11.86,27.0,,,0.0,,controlled_tattoo_stress,,digital_tattoo_message,tattoo_bit0,tattoo_bit0,0.0,85.0,,,1.1908902803210044,,False,,1,
p5_256bit_86,p5_256bit_chip1,mc_phase5_256bit.py,phase5.2,2026-07-27,1.0,real_bsim_ptm,simulated,False,3.2,0.045,4,4.5,11.86,27.0,,,0.0,,controlled_tattoo_stress,,digital_tattoo_message,tattoo_bit0,tattoo_bit0,0.0,86.0,,,1.1312910171688382,,False,,1,
p5_256bit_87,p5_256bit_chip1,mc_phase5_256bit.py,phase5.2,2026-07-27,1.0,real_bsim_ptm,simulated,False,3.2,0.045,4,4.5,11.86,27.0,,,0.0,,controlled_tattoo_stress,,digital_tattoo_message,tattoo_bit0,tattoo_bit0,0.0,87.0,,,0.9331291544107487,,False,,1,
p5_256bit_88,p5_256bit_chip1,mc_phase5_256bit.py,phase5.2,2026-07-27,1.0,real_bsim_ptm,simulated,False,3.2,0.045,4,4.5,11.86,27.0,,,0.0,,controlled_tattoo_stress,,digital_tattoo_message,tattoo_bit0,tattoo_bit0,0.0,88.0,,,0.8775701256850716,,False,,1,
p5_256bit_89,p5_256bit_chip1,mc_phase5_256bit.py,phase5.2,2026-07-27,1.0,real_bsim_ptm,simulated,False,3.2,0.045,4,4.5,11.86,27.0,,,0.0,,controlled_tattoo_stress,,digital_tattoo_message,tattoo_bit0,tattoo_bit0,0.0,89.0,,,1.125888734318365,,False,,1,
p5_256bit_90,p5_256bit_chip1,mc_phase5_256bit.py,phase5.2,2026-07-27,1.0,real_bsim_ptm,simulated,False,3.2,0.045,4,4.5,11.86,27.0,,,60.0,,controlled_tattoo_stress,,digital_tattoo_message,tattoo_bit1,tattoo_bit1,1.0,90.0,,,0.20457302268064942,,False,,1,
p5_256bit_91,p5_256bit_chip1,mc_phase5_256bit.py,phase5.2,2026-07-27,1.0,real_bsim_ptm,simulated,False,3.2,0.045,4,4.5,11.86,27.0,,,60.0,,controlled_tattoo_stress,,digital_tattoo_message,tattoo_bit1,tattoo_bit1,1.0,91.0,,,0.27517540147283137,,False,,1,
p5_256bit_92,p5_256bit_chip1,mc_phase5_256bit.py,phase5.2,2026-07-27,1.0,real_bsim_ptm,simulated,False,3.2,0.045,4,4.5,11.86,27.0,,,60.0,,controlled_tattoo_stress,,digital_tattoo_message,tattoo_bit1,tattoo_bit1,1.0,92.0,,,0.28625727755383173,,False,,1,
p5_256bit_93,p5_256bit_chip1,mc_phase5_256bit.py,phase5.2,2026-07-27,1.0,real_bsim_ptm,simulated,False,3.2,0.045,4,4.5,11.86,27.0,,,0.0,,controlled_tattoo_stress,,digital_tattoo_message,tattoo_bit0,tattoo_bit0,0.0,93.0,,,1.0219811660929685,,False,,1,
p5_256bit_94,p5_256bit_chip1,mc_phase5_256bit.py,phase5.2,2026-07-27,1.0,real_bsim_ptm,simulated,False,3.2,0.045,4,4.5,11.86,27.0,,,60.0,,controlled_tattoo_stress,,digital_tattoo_message,tattoo_bit1,tattoo_bit1,1.0,94.0,,,0.35819503621947235,,False,,1,
p5_256bit_95,p5_256bit_chip1,mc_phase5_256bit.py,phase5.2,2026-07-27,1.0,real_bsim_ptm,simulated,False,3.2,0.045,4,4.5,11.86,27.0,,,60.0,,controlled_tattoo_stress,,digital_tattoo_message,tattoo_bit1,tattoo_bit1,1.0,95.0,,,0.22158691956246468,,False,,1,
p5_256bit_96,p5_256bit_chip1,mc_phase5_256bit.py,phase5.2,2026-07-27,1.0,real_bsim_ptm,simulated,False,3.2,0.045,4,4.5,11.86,27.0,,,60.0,,controlled_tattoo_stress,,digital_tattoo_message,tattoo_bit1,tattoo_bit1,1.0,96.0,,,0.223856756406503,,False,,1,
p5_256bit_97,p5_256bit_chip1,mc_phase5_256bit.py,phase5.2,2026-07-27,1.0,real_bsim_ptm,simulated,False,3.2,0.045,4,4.5,11.86,27.0,,,60.0,,controlled_tattoo_stress,,digital_tattoo_message,tattoo_bit1,tattoo_bit1,1.0,97.0,,,0.19395889348997009,,False,,1,
p5_256bit_98,p5_256bit_chip1,mc_phase5_256bit.py,phase5.2,2026-07-27,1.0,real_bsim_ptm,simulated,False,3.2,0.045,4,4.5,11.86,27.0,,,0.0,,controlled_tattoo_stress,,digital_tattoo_message,tattoo_bit0,tattoo_bit0,0.0,98.0,,,0.93088284030297,,False,,1,
p5_256bit_99,p5_256bit_chip1,mc_phase5_256bit.py,phase5.2,2026-07-27,1.0,real_bsim_ptm,simulated,False,3.2,0.045,4,4.5,11.86,27.0,,,0.0,,controlled_tattoo_stress,,digital_tattoo_message,tattoo_bit0,tattoo_bit0,0.0,99.0,,,0.8899309710427012,,False,,1,
p5_256bit_100,p5_256bit_chip1,mc_phase5_256bit.py,phase5.2,2026-07-27,1.0,real_bsim_ptm,simulated,False,3.2,0.045,4,4.5,11.86,27.0,,,60.0,,controlled_tattoo_stress,,digital_tattoo_message,tattoo_bit1,tattoo_bit1,1.0,100.0,,,0.22899113450607256,,False,,1,
p5_256bit_101,p5_256bit_chip1,mc_phase5_256bit.py,phase5.2,2026-07-27,1.0,real_bsim_ptm,simulated,False,3.2,0.045,4,4.5,11.86,27.0,,,60.0,,controlled_tattoo_stress,,digital_tattoo_message,tattoo_bit1,tattoo_bit1,1.0,101.0,,,0.16121522169830033,,False,,1,
p5_256bit_102,p5_256bit_chip1,mc_phase5_256bit.py,phase5.2,2026-07-27,1.0,real_bsim_ptm,simulated,False,3.2,0.045,4,4.5,11.86,27.0,,,0.0,,controlled_tattoo_stress,,digital_tattoo_message,tattoo_bit0,tattoo_bit0,0.0,102.0,,,0.9461471708351331,,False,,1,
p5_256bit_103,p5_256bit_chip1,mc_phase5_256bit.py,phase5.2,2026-07-27,1.0,real_bsim_ptm,simulated,False,3.2,0.045,4,4.5,11.86,27.0,,,60.0,,controlled_tattoo_stress,,digital_tattoo_message,tattoo_bit1,tattoo_bit1,1.0,103.0,,,0.2247242517840175,,False,,1,
p5_256bit_104,p5_256bit_chip1,mc_phase5_256bit.py,phase5.2,2026-07-27,1.0,real_bsim_ptm,simulated,False,3.2,0.045,4,4.5,11.86,27.0,,,0.0,,controlled_tattoo_stress,,digital_tattoo_message,tattoo_bit0,tattoo_bit0,0.0,104.0,,,1.3410642768548007,,False,,1,
p5_256bit_105,p5_256bit_chip1,mc_phase5_256bit.py,phase5.2,2026-07-27,1.0,real_bsim_ptm,simulated,False,3.2,0.045,4,4.5,11.86,27.0,,,60.0,,controlled_tattoo_stress,,digital_tattoo_message,tattoo_bit1,tattoo_bit1,1.0,105.0,,,0.35474490620667387,,False,,1,
p5_256bit_106,p5_256bit_chip1,mc_phase5_256bit.py,phase5.2,2026-07-27,1.0,real_bsim_ptm,simulated,False,3.2,0.045,4,4.5,11.86,27.0,,,0.0,,controlled_tattoo_stress,,digital_tattoo_message,tattoo_bit0,tattoo_bit0,0.0,106.0,,,0.9689137561671559,,False,,1,
p5_256bit_107,p5_256bit_chip1,mc_phase5_256bit.py,phase5.2,2026-07-27,1.0,real_bsim_ptm,simulated,False,3.2,0.045,4,4.5,11.86,27.0,,,0.0,,controlled_tattoo_stress,,digital_tattoo_message,tattoo_bit0,tattoo_bit0,0.0,107.0,,,0.9847952491906882,,False,,1,
p5_256bit_108,p5_256bit_chip1,mc_phase5_256bit.py,phase5.2,2026-07-27,1.0,real_bsim_ptm,simulated,False,3.2,0.045,4,4.5,11.86,27.0,,,0.0,,controlled_tattoo_stress,,digital_tattoo_message,tattoo_bit0,tattoo_bit0,0.0,108.0,,,0.7802281181322983,,False,,1,
p5_256bit_109,p5_256bit_chip1,mc_phase5_256bit.py,phase5.2,2026-07-27,1.0,real_bsim_ptm,simulated,False,3.2,0.045,4,4.5,11.86,27.0,,,60.0,,controlled_tattoo_stress,,digital_tattoo_message,tattoo_bit1,tattoo_bit1,1.0,109.0,,,0.26106585053757314,,False,,1,
p5_256bit_110,p5_256bit_chip1,mc_phase5_256bit.py,phase5.2,2026-07-27,1.0,real_bsim_ptm,simulated,False,3.2,0.045,4,4.5,11.86,27.0,,,60.0,,controlled_tattoo_stress,,digital_tattoo_message,tattoo_bit1,tattoo_bit1,1.0,110.0,,,0.29312255793346775,,False,,1,
p5_256bit_111,p5_256bit_chip1,mc_phase5_256bit.py,phase5.2,2026-07-27,1.0,real_bsim_ptm,simulated,False,3.2,0.045,4,4.5,11.86,27.0,,,0.0,,controlled_tattoo_stress,,digital_tattoo_message,tattoo_bit0,tattoo_bit0,0.0,111.0,,,1.1249553503302834,,False,,1,
p5_256bit_112,p5_256bit_chip1,mc_phase5_256bit.py,phase5.2,2026-07-27,1.0,real_bsim_ptm,simulated,False,3.2,0.045,4,4.5,11.86,27.0,,,0.0,,controlled_tattoo_stress,,digital_tattoo_message,tattoo_bit0,tattoo_bit0,0.0,112.0,,,1.0365997703583552,,False,,1,
p5_256bit_113,p5_256bit_chip1,mc_phase5_256bit.py,phase5.2,2026-07-27,1.0,real_bsim_ptm,simulated,False,3.2,0.045,4,4.5,11.86,27.0,,,60.0,,controlled_tattoo_stress,,digital_tattoo_message,tattoo_bit1,tattoo_bit1,1.0,113.0,,,0.19560275409393735,,False,,1,
p5_256bit_114,p5_256bit_chip1,mc_phase5_256bit.py,phase5.2,2026-07-27,1.0,real_bsim_ptm,simulated,False,3.2,0.045,4,4.5,11.86,27.0,,,0.0,,controlled_tattoo_stress,,digital_tattoo_message,tattoo_bit0,tattoo_bit0,0.0,114.0,,,1.1566504272442268,,False,,1,
p5_256bit_115,p5_256bit_chip1,mc_phase5_256bit.py,phase5.2,2026-07-27,1.0,real_bsim_ptm,simulated,False,3.2,0.045,4,4.5,11.86,27.0,,,60.0,,controlled_tattoo_stress,,digital_tattoo_message,tattoo_bit1,tattoo_bit1,1.0,115.0,,,0.20174797778700032,,False,,1,
p5_256bit_116,p5_256bit_chip1,mc_phase5_256bit.py,phase5.2,2026-07-27,1.0,real_bsim_ptm,simulated,False,3.2,0.045,4,4.5,11.86,27.0,,,0.0,,controlled_tattoo_stress,,digital_tattoo_message,tattoo_bit0,tattoo_bit0,0.0,116.0,,,1.041439877498135,,False,,1,
p5_256bit_117,p5_256bit_chip1,mc_phase5_256bit.py,phase5.2,2026-07-27,1.0,real_bsim_ptm,simulated,False,3.2,0.045,4,4.5,11.86,27.0,,,60.0,,controlled_tattoo_stress,,digital_tattoo_message,tattoo_bit1,tattoo_bit1,1.0,117.0,,,0.2189355373468056,,False,,1,
p5_256bit_118,p5_256bit_chip1,mc_phase5_256bit.py,phase5.2,2026-07-27,1.0,real_bsim_ptm,simulated,False,3.2,0.045,4,4.5,11.86,27.0,,,60.0,,controlled_tattoo_stress,,digital_tattoo_message,tattoo_bit1,tattoo_bit1,1.0,118.0,,,0.19257515652622592,,False,,1,
p5_256bit_119,p5_256bit_chip1,mc_phase5_256bit.py,phase5.2,2026-07-27,1.0,real_bsim_ptm,simulated,False,3.2,0.045,4,4.5,11.86,27.0,,,0.0,,controlled_tattoo_stress,,digital_tattoo_message,tattoo_bit0,tattoo_bit0,0.0,119.0,,,1.1681950509197214,,False,,1,
p5_256bit_120,p5_256bit_chip1,mc_phase5_256bit.py,phase5.2,2026-07-27,1.0,real_bsim_ptm,simulated,False,3.2,0.045,4,4.5,11.86,27.0,,,0.0,,controlled_tattoo_stress,,digital_tattoo_message,tattoo_bit0,tattoo_bit0,0.0,120.0,,,0.7603427057483858,,False,,1,
p5_256bit_121,p5_256bit_chip1,mc_phase5_256bit.py,phase5.2,2026-07-27,1.0,real_bsim_ptm,simulated,False,3.2,0.045,4,4.5,11.86,27.0,,,60.0,,controlled_tattoo_stress,,digital_tattoo_message,tattoo_bit1,tattoo_bit1,1.0,121.0,,,0.23659960730694238,,False,,1,
p5_256bit_122,p5_256bit_chip1,mc_phase5_256bit.py,phase5.2,2026-07-27,1.0,real_bsim_ptm,simulated,False,3.2,0.045,4,4.5,11.86,27.0,,,60.0,,controlled_tattoo_stress,,digital_tattoo_message,tattoo_bit1,tattoo_bit1,1.0,122.0,,,0.15023227863644587,,False,,1,
p5_256bit_123,p5_256bit_chip1,mc_phase5_256bit.py,phase5.2,2026-07-27,1.0,real_bsim_ptm,simulated,False,3.2,0.045,4,4.5,11.86,27.0,,,60.0,,controlled_tattoo_stress,,digital_tattoo_message,tattoo_bit1,tattoo_bit1,1.0,123.0,,,0.21196900362893778,,False,,1,
p5_256bit_124,p5_256bit_chip1,mc_phase5_256bit.py,phase5.2,2026-07-27,1.0,real_bsim_ptm,simulated,False,3.2,0.045,4,4.5,11.86,27.0,,,0.0,,controlled_tattoo_stress,,digital_tattoo_message,tattoo_bit0,tattoo_bit0,0.0,124.0,,,1.2827121669072992,,False,,1,
p5_256bit_125,p5_256bit_chip1,mc_phase5_256bit.py,phase5.2,2026-07-27,1.0,real_bsim_ptm,simulated,False,3.2,0.045,4,4.5,11.86,27.0,,,60.0,,controlled_tattoo_stress,,digital_tattoo_message,tattoo_bit1,tattoo_bit1,1.0,125.0,,,0.23333248035056003,,False,,1,
p5_256bit_126,p5_256bit_chip1,mc_phase5_256bit.py,phase5.2,2026-07-27,1.0,real_bsim_ptm,simulated,False,3.2,0.045,4,4.5,11.86,27.0,,,60.0,,controlled_tattoo_stress,,digital_tattoo_message,tattoo_bit1,tattoo_bit1,1.0,126.0,,,0.17015480969385444,,False,,1,
p5_256bit_127,p5_256bit_chip1,mc_phase5_256bit.py,phase5.2,2026-07-27,1.0,real_bsim_ptm,simulated,False,3.2,0.045,4,4.5,11.86,27.0,,,0.0,,controlled_tattoo_stress,,digital_tattoo_message,tattoo_bit0,tattoo_bit0,0.0,127.0,,,0.9416193337222586,,False,,1,
p5_256bit_128,p5_256bit_chip1,mc_phase5_256bit.py,phase5.2,2026-07-27,1.0,real_bsim_ptm,simulated,False,3.2,0.045,4,4.5,11.86,27.0,,,0.0,,controlled_tattoo_stress,,digital_tattoo_message,tattoo_bit0,tattoo_bit0,0.0,128.0,,,1.0011980579001438,,False,,1,
p5_256bit_129,p5_256bit_chip1,mc_phase5_256bit.py,phase5.2,2026-07-27,1.0,real_bsim_ptm,simulated,False,3.2,0.045,4,4.5,11.86,27.0,,,60.0,,controlled_tattoo_stress,,digital_tattoo_message,tattoo_bit1,tattoo_bit1,1.0,129.0,,,0.12743356493793057,,False,,1,
p5_256bit_130,p5_256bit_chip1,mc_phase5_256bit.py,phase5.2,2026-07-27,1.0,real_bsim_ptm,simulated,False,3.2,0.045,4,4.5,11.86,27.0,,,60.0,,controlled_tattoo_stress,,digital_tattoo_message,tattoo_bit1,tattoo_bit1,1.0,130.0,,,0.16294112688372311,,False,,1,
p5_256bit_131,p5_256bit_chip1,mc_phase5_256bit.py,phase5.2,2026-07-27,1.0,real_bsim_ptm,simulated,False,3.2,0.045,4,4.5,11.86,27.0,,,0.0,,controlled_tattoo_stress,,digital_tattoo_message,tattoo_bit0,tattoo_bit0,0.0,131.0,,,1.3645510016582962,,False,,1,
p5_256bit_132,p5_256bit_chip1,mc_phase5_256bit.py,phase5.2,2026-07-27,1.0,real_bsim_ptm,simulated,False,3.2,0.045,4,4.5,11.86,27.0,,,0.0,,controlled_tattoo_stress,,digital_tattoo_message,tattoo_bit0,tattoo_bit0,0.0,132.0,,,1.3497442204434638,,False,,1,
p5_256bit_133,p5_256bit_chip1,mc_phase5_256bit.py,phase5.2,2026-07-27,1.0,real_bsim_ptm,simulated,False,3.2,0.045,4,4.5,11.86,27.0,,,60.0,,controlled_tattoo_stress,,digital_tattoo_message,tattoo_bit1,tattoo_bit1,1.0,133.0,,,0.2619184164212746,,False,,1,
p5_256bit_134,p5_256bit_chip1,mc_phase5_256bit.py,phase5.2,2026-07-27,1.0,real_bsim_ptm,simulated,False,3.2,0.045,4,4.5,11.86,27.0,,,0.0,,controlled_tattoo_stress,,digital_tattoo_message,tattoo_bit0,tattoo_bit0,0.0,134.0,,,0.9853602593400487,,False,,1,
p5_256bit_135,p5_256bit_chip1,mc_phase5_256bit.py,phase5.2,2026-07-27,1.0,real_bsim_ptm,simulated,False,3.2,0.045,4,4.5,11.86,27.0,,,0.0,,controlled_tattoo_stress,,digital_tattoo_message,tattoo_bit0,tattoo_bit0,0.0,135.0,,,0.7776603002796911,,False,,1,
p5_256bit_136,p5_256bit_chip1,mc_phase5_256bit.py,phase5.2,2026-07-27,1.0,real_bsim_ptm,simulated,False,3.2,0.045,4,4.5,11.86,27.0,,,60.0,,controlled_tattoo_stress,,digital_tattoo_message,tattoo_bit1,tattoo_bit1,1.0,136.0,,,0.1987106156979535,,False,,1,
p5_256bit_137,p5_256bit_chip1,mc_phase5_256bit.py,phase5.2,2026-07-27,1.0,real_bsim_ptm,simulated,False,3.2,0.045,4,4.5,11.86,27.0,,,60.0,,controlled_tattoo_stress,,digital_tattoo_message,tattoo_bit1,tattoo_bit1,1.0,137.0,,,0.11467747509956513,,False,,1,
p5_256bit_138,p5_256bit_chip1,mc_phase5_256bit.py,phase5.2,2026-07-27,1.0,real_bsim_ptm,simulated,False,3.2,0.045,4,4.5,11.86,27.0,,,60.0,,controlled_tattoo_stress,,digital_tattoo_message,tattoo_bit1,tattoo_bit1,1.0,138.0,,,0.24192699008717683,,False,,1,
p5_256bit_139,p5_256bit_chip1,mc_phase5_256bit.py,phase5.2,2026-07-27,1.0,real_bsim_ptm,simulated,False,3.2,0.045,4,4.5,11.86,27.0,,,60.0,,controlled_tattoo_stress,,digital_tattoo_message,tattoo_bit1,tattoo_bit1,1.0,139.0,,,0.22123480002753848,,False,,1,
p5_256bit_140,p5_256bit_chip1,mc_phase5_256bit.py,phase5.2,2026-07-27,1.0,real_bsim_ptm,simulated,False,3.2,0.045,4,4.5,11.86,27.0,,,0.0,,controlled_tattoo_stress,,digital_tattoo_message,tattoo_bit0,tattoo_bit0,0.0,140.0,,,1.1225892807649078,,False,,1,
p5_256bit_141,p5_256bit_chip1,mc_phase5_256bit.py,phase5.2,2026-07-27,1.0,real_bsim_ptm,simulated,False,3.2,0.045,4,4.5,11.86,27.0,,,0.0,,controlled_tattoo_stress,,digital_tattoo_message,tattoo_bit0,tattoo_bit0,0.0,141.0,,,1.0731524714437388,,False,,1,
p5_256bit_142,p5_256bit_chip1,mc_phase5_256bit.py,phase5.2,2026-07-27,1.0,real_bsim_ptm,simulated,False,3.2,0.045,4,4.5,11.86,27.0,,,0.0,,controlled_tattoo_stress,,digital_tattoo_message,tattoo_bit0,tattoo_bit0,0.0,142.0,,,1.2424297079740427,,False,,1,
p5_256bit_143,p5_256bit_chip1,mc_phase5_256bit.py,phase5.2,2026-07-27,1.0,real_bsim_ptm,simulated,False,3.2,0.045,4,4.5,11.86,27.0,,,60.0,,controlled_tattoo_stress,,digital_tattoo_message,tattoo_bit1,tattoo_bit1,1.0,143.0,,,0.31610708417375827,,False,,1,
p5_256bit_144,p5_256bit_chip1,mc_phase5_256bit.py,phase5.2,2026-07-27,1.0,real_bsim_ptm,simulated,False,3.2,0.045,4,4.5,11.86,27.0,,,60.0,,controlled_tattoo_stress,,digital_tattoo_message,tattoo_bit1,tattoo_bit1,1.0,144.0,,,0.2799678682929348,,False,,1,
p5_256bit_145,p5_256bit_chip1,mc_phase5_256bit.py,phase5.2,2026-07-27,1.0,real_bsim_ptm,simulated,False,3.2,0.045,4,4.5,11.86,27.0,,,60.0,,controlled_tattoo_stress,,digital_tattoo_message,tattoo_bit1,tattoo_bit1,1.0,145.0,,,0.1857128642684507,,False,,1,
p5_256bit_146,p5_256bit_chip1,mc_phase5_256bit.py,phase5.2,2026-07-27,1.0,real_bsim_ptm,simulated,False,3.2,0.045,4,4.5,11.86,27.0,,,0.0,,controlled_tattoo_stress,,digital_tattoo_message,tattoo_bit0,tattoo_bit0,0.0,146.0,,,1.3815943263675687,,False,,1,
p5_256bit_147,p5_256bit_chip1,mc_phase5_256bit.py,phase5.2,2026-07-27,1.0,real_bsim_ptm,simulated,False,3.2,0.045,4,4.5,11.86,27.0,,,0.0,,controlled_tattoo_stress,,digital_tattoo_message,tattoo_bit0,tattoo_bit0,0.0,147.0,,,0.864106633361862,,False,,1,
p5_256bit_148,p5_256bit_chip1,mc_phase5_256bit.py,phase5.2,2026-07-27,1.0,real_bsim_ptm,simulated,False,3.2,0.045,4,4.5,11.86,27.0,,,0.0,,controlled_tattoo_stress,,digital_tattoo_message,tattoo_bit0,tattoo_bit0,0.0,148.0,,,1.0373736764834578,,False,,1,
p5_256bit_149,p5_256bit_chip1,mc_phase5_256bit.py,phase5.2,2026-07-27,1.0,real_bsim_ptm,simulated,False,3.2,0.045,4,4.5,11.86,27.0,,,0.0,,controlled_tattoo_stress,,digital_tattoo_message,tattoo_bit0,tattoo_bit0,0.0,149.0,,,1.2131127567583733,,False,,1,
p5_256bit_150,p5_256bit_chip1,mc_phase5_256bit.py,phase5.2,2026-07-27,1.0,real_bsim_ptm,simulated,False,3.2,0.045,4,4.5,11.86,27.0,,,0.0,,controlled_tattoo_stress,,digital_tattoo_message,tattoo_bit0,tattoo_bit0,0.0,150.0,,,0.6348820075588004,,False,,1,
p5_256bit_151,p5_256bit_chip1,mc_phase5_256bit.py,phase5.2,2026-07-27,1.0,real_bsim_ptm,simulated,False,3.2,0.045,4,4.5,11.86,27.0,,,0.0,,controlled_tattoo_stress,,digital_tattoo_message,tattoo_bit0,tattoo_bit0,0.0,151.0,,,1.1752655842381976,,False,,1,
p5_256bit_152,p5_256bit_chip1,mc_phase5_256bit.py,phase5.2,2026-07-27,1.0,real_bsim_ptm,simulated,False,3.2,0.045,4,4.5,11.86,27.0,,,60.0,,controlled_tattoo_stress,,digital_tattoo_message,tattoo_bit1,tattoo_bit1,1.0,152.0,,,0.16755917487907868,,False,,1,
p5_256bit_153,p5_256bit_chip1,mc_phase5_256bit.py,phase5.2,2026-07-27,1.0,real_bsim_ptm,simulated,False,3.2,0.045,4,4.5,11.86,27.0,,,0.0,,controlled_tattoo_stress,,digital_tattoo_message,tattoo_bit0,tattoo_bit0,0.0,153.0,,,1.139996650231262,,False,,1,
p5_256bit_154,p5_256bit_chip1,mc_phase5_256bit.py,phase5.2,2026-07-27,1.0,real_bsim_ptm,simulated,False,3.2,0.045,4,4.5,11.86,27.0,,,60.0,,controlled_tattoo_stress,,digital_tattoo_message,tattoo_bit1,tattoo_bit1,1.0,154.0,,,0.18363358245058675,,False,,1,
p5_256bit_155,p5_256bit_chip1,mc_phase5_256bit.py,phase5.2,2026-07-27,1.0,real_bsim_ptm,simulated,False,3.2,0.045,4,4.5,11.86,27.0,,,0.0,,controlled_tattoo_stress,,digital_tattoo_message,tattoo_bit0,tattoo_bit0,0.0,155.0,,,0.8312169159362206,,False,,1,
p5_256bit_156,p5_256bit_chip1,mc_phase5_256bit.py,phase5.2,2026-07-27,1.0,real_bsim_ptm,simulated,False,3.2,0.045,4,4.5,11.86,27.0,,,60.0,,controlled_tattoo_stress,,digital_tattoo_message,tattoo_bit1,tattoo_bit1,1.0,156.0,,,0.262948493630941,,False,,1,
p5_256bit_157,p5_256bit_chip1,mc_phase5_256bit.py,phase5.2,2026-07-27,1.0,real_bsim_ptm,simulated,False,3.2,0.045,4,4.5,11.86,27.0,,,0.0,,controlled_tattoo_stress,,digital_tattoo_message,tattoo_bit0,tattoo_bit0,0.0,157.0,,,1.2240656745875813,,False,,1,
p5_256bit_158,p5_256bit_chip1,mc_phase5_256bit.py,phase5.2,2026-07-27,1.0,real_bsim_ptm,simulated,False,3.2,0.045,4,4.5,11.86,27.0,,,60.0,,controlled_tattoo_stress,,digital_tattoo_message,tattoo_bit1,tattoo_bit1,1.0,158.0,,,0.2826411840899972,,False,,1,
p5_256bit_159,p5_256bit_chip1,mc_phase5_256bit.py,phase5.2,2026-07-27,1.0,real_bsim_ptm,simulated,False,3.2,0.045,4,4.5,11.86,27.0,,,60.0,,controlled_tattoo_stress,,digital_tattoo_message,tattoo_bit1,tattoo_bit1,1.0,159.0,,,0.14798588273114047,,False,,1,
p5_256bit_160,p5_256bit_chip1,mc_phase5_256bit.py,phase5.2,2026-07-27,1.0,real_bsim_ptm,simulated,False,3.2,0.045,4,4.5,11.86,27.0,,,0.0,,controlled_tattoo_stress,,digital_tattoo_message,tattoo_bit0,tattoo_bit0,0.0,160.0,,,1.2741727999668777,,False,,1,
p5_256bit_161,p5_256bit_chip1,mc_phase5_256bit.py,phase5.2,2026-07-27,1.0,real_bsim_ptm,simulated,False,3.2,0.045,4,4.5,11.86,27.0,,,60.0,,controlled_tattoo_stress,,digital_tattoo_message,tattoo_bit1,tattoo_bit1,1.0,161.0,,,0.18984739579965404,,False,,1,
p5_256bit_162,p5_256bit_chip1,mc_phase5_256bit.py,phase5.2,2026-07-27,1.0,real_bsim_ptm,simulated,False,3.2,0.045,4,4.5,11.86,27.0,,,0.0,,controlled_tattoo_stress,,digital_tattoo_message,tattoo_bit0,tattoo_bit0,0.0,162.0,,,1.1064905927840163,,False,,1,
p5_256bit_163,p5_256bit_chip1,mc_phase5_256bit.py,phase5.2,2026-07-27,1.0,real_bsim_ptm,simulated,False,3.2,0.045,4,4.5,11.86,27.0,,,0.0,,controlled_tattoo_stress,,digital_tattoo_message,tattoo_bit0,tattoo_bit0,0.0,163.0,,,1.1885607222363435,,False,,1,
p5_256bit_164,p5_256bit_chip1,mc_phase5_256bit.py,phase5.2,2026-07-27,1.0,real_bsim_ptm,simulated,False,3.2,0.045,4,4.5,11.86,27.0,,,60.0,,controlled_tattoo_stress,,digital_tattoo_message,tattoo_bit1,tattoo_bit1,1.0,164.0,,,0.2542157898572964,,False,,1,
p5_256bit_165,p5_256bit_chip1,mc_phase5_256bit.py,phase5.2,2026-07-27,1.0,real_bsim_ptm,simulated,False,3.2,0.045,4,4.5,11.86,27.0,,,0.0,,controlled_tattoo_stress,,digital_tattoo_message,tattoo_bit0,tattoo_bit0,0.0,165.0,,,0.9950823615082542,,False,,1,
p5_256bit_166,p5_256bit_chip1,mc_phase5_256bit.py,phase5.2,2026-07-27,1.0,real_bsim_ptm,simulated,False,3.2,0.045,4,4.5,11.86,27.0,,,60.0,,controlled_tattoo_stress,,digital_tattoo_message,tattoo_bit1,tattoo_bit1,1.0,166.0,,,0.17842766175696562,,False,,1,
p5_256bit_167,p5_256bit_chip1,mc_phase5_256bit.py,phase5.2,2026-07-27,1.0,real_bsim_ptm,simulated,False,3.2,0.045,4,4.5,11.86,27.0,,,60.0,,controlled_tattoo_stress,,digital_tattoo_message,tattoo_bit1,tattoo_bit1,1.0,167.0,,,0.2175448517562129,,False,,1,
p5_256bit_168,p5_256bit_chip1,mc_phase5_256bit.py,phase5.2,2026-07-27,1.0,real_bsim_ptm,simulated,False,3.2,0.045,4,4.5,11.86,27.0,,,0.0,,controlled_tattoo_stress,,digital_tattoo_message,tattoo_bit0,tattoo_bit0,0.0,168.0,,,1.0792724960439415,,False,,1,
p5_256bit_169,p5_256bit_chip1,mc_phase5_256bit.py,phase5.2,2026-07-27,1.0,real_bsim_ptm,simulated,False,3.2,0.045,4,4.5,11.86,27.0,,,60.0,,controlled_tattoo_stress,,digital_tattoo_message,tattoo_bit1,tattoo_bit1,1.0,169.0,,,0.19121733184899237,,False,,1,
p5_256bit_170,p5_256bit_chip1,mc_phase5_256bit.py,phase5.2,2026-07-27,1.0,real_bsim_ptm,simulated,False,3.2,0.045,4,4.5,11.86,27.0,,,60.0,,controlled_tattoo_stress,,digital_tattoo_message,tattoo_bit1,tattoo_bit1,1.0,170.0,,,0.29499355877716005,,False,,1,
p5_256bit_171,p5_256bit_chip1,mc_phase5_256bit.py,phase5.2,2026-07-27,1.0,real_bsim_ptm,simulated,False,3.2,0.045,4,4.5,11.86,27.0,,,60.0,,controlled_tattoo_stress,,digital_tattoo_message,tattoo_bit1,tattoo_bit1,1.0,171.0,,,0.17423534090598375,,False,,1,
p5_256bit_172,p5_256bit_chip1,mc_phase5_256bit.py,phase5.2,2026-07-27,1.0,real_bsim_ptm,simulated,False,3.2,0.045,4,4.5,11.86,27.0,,,0.0,,controlled_tattoo_stress,,digital_tattoo_message,tattoo_bit0,tattoo_bit0,0.0,172.0,,,1.208247030505785,,False,,1,
p5_256bit_173,p5_256bit_chip1,mc_phase5_256bit.py,phase5.2,2026-07-27,1.0,real_bsim_ptm,simulated,False,3.2,0.045,4,4.5,11.86,27.0,,,60.0,,controlled_tattoo_stress,,digital_tattoo_message,tattoo_bit1,tattoo_bit1,1.0,173.0,,,0.4534691242162028,,False,,1,
p5_256bit_174,p5_256bit_chip1,mc_phase5_256bit.py,phase5.2,2026-07-27,1.0,real_bsim_ptm,simulated,False,3.2,0.045,4,4.5,11.86,27.0,,,60.0,,controlled_tattoo_stress,,digital_tattoo_message,tattoo_bit1,tattoo_bit1,1.0,174.0,,,0.15810424031766823,,False,,1,
p5_256bit_175,p5_256bit_chip1,mc_phase5_256bit.py,phase5.2,2026-07-27,1.0,real_bsim_ptm,simulated,False,3.2,0.045,4,4.5,11.86,27.0,,,0.0,,controlled_tattoo_stress,,digital_tattoo_message,tattoo_bit0,tattoo_bit0,0.0,175.0,,,1.441227577679899,,False,,1,
p5_256bit_176,p5_256bit_chip1,mc_phase5_256bit.py,phase5.2,2026-07-27,1.0,real_bsim_ptm,simulated,False,3.2,0.045,4,4.5,11.86,27.0,,,0.0,,controlled_tattoo_stress,,digital_tattoo_message,tattoo_bit0,tattoo_bit0,0.0,176.0,,,1.0319126667307907,,False,,1,
p5_256bit_177,p5_256bit_chip1,mc_phase5_256bit.py,phase5.2,2026-07-27,1.0,real_bsim_ptm,simulated,False,3.2,0.045,4,4.5,11.86,27.0,,,60.0,,controlled_tattoo_stress,,digital_tattoo_message,tattoo_bit1,tattoo_bit1,1.0,177.0,,,0.2661853631502009,,False,,1,
p5_256bit_178,p5_256bit_chip1,mc_phase5_256bit.py,phase5.2,2026-07-27,1.0,real_bsim_ptm,simulated,False,3.2,0.045,4,4.5,11.86,27.0,,,60.0,,controlled_tattoo_stress,,digital_tattoo_message,tattoo_bit1,tattoo_bit1,1.0,178.0,,,0.2504411540299202,,False,,1,
p5_256bit_179,p5_256bit_chip1,mc_phase5_256bit.py,phase5.2,2026-07-27,1.0,real_bsim_ptm,simulated,False,3.2,0.045,4,4.5,11.86,27.0,,,60.0,,controlled_tattoo_stress,,digital_tattoo_message,tattoo_bit1,tattoo_bit1,1.0,179.0,,,0.17316142317685296,,False,,1,
p5_256bit_180,p5_256bit_chip1,mc_phase5_256bit.py,phase5.2,2026-07-27,1.0,real_bsim_ptm,simulated,False,3.2,0.045,4,4.5,11.86,27.0,,,0.0,,controlled_tattoo_stress,,digital_tattoo_message,tattoo_bit0,tattoo_bit0,0.0,180.0,,,1.6737758115271122,,False,,1,
p5_256bit_181,p5_256bit_chip1,mc_phase5_256bit.py,phase5.2,2026-07-27,1.0,real_bsim_ptm,simulated,False,3.2,0.045,4,4.5,11.86,27.0,,,60.0,,controlled_tattoo_stress,,digital_tattoo_message,tattoo_bit1,tattoo_bit1,1.0,181.0,,,0.1972416755907227,,False,,1,
p5_256bit_182,p5_256bit_chip1,mc_phase5_256bit.py,phase5.2,2026-07-27,1.0,real_bsim_ptm,simulated,False,3.2,0.045,4,4.5,11.86,27.0,,,60.0,,controlled_tattoo_stress,,digital_tattoo_message,tattoo_bit1,tattoo_bit1,1.0,182.0,,,0.1427654536598186,,False,,1,
p5_256bit_183,p5_256bit_chip1,mc_phase5_256bit.py,phase5.2,2026-07-27,1.0,real_bsim_ptm,simulated,False,3.2,0.045,4,4.5,11.86,27.0,,,0.0,,controlled_tattoo_stress,,digital_tattoo_message,tattoo_bit0,tattoo_bit0,0.0,183.0,,,1.1187373171537611,,False,,1,
p5_256bit_184,p5_256bit_chip1,mc_phase5_256bit.py,phase5.2,2026-07-27,1.0,real_bsim_ptm,simulated,False,3.2,0.045,4,4.5,11.86,27.0,,,0.0,,controlled_tattoo_stress,,digital_tattoo_message,tattoo_bit0,tattoo_bit0,0.0,184.0,,,0.8653996462110637,,False,,1,
p5_256bit_185,p5_256bit_chip1,mc_phase5_256bit.py,phase5.2,2026-07-27,1.0,real_bsim_ptm,simulated,False,3.2,0.045,4,4.5,11.86,27.0,,,0.0,,controlled_tattoo_stress,,digital_tattoo_message,tattoo_bit0,tattoo_bit0,0.0,185.0,,,1.1930377925636144,,False,,1,
p5_256bit_186,p5_256bit_chip1,mc_phase5_256bit.py,phase5.2,2026-07-27,1.0,real_bsim_ptm,simulated,False,3.2,0.045,4,4.5,11.86,27.0,,,60.0,,controlled_tattoo_stress,,digital_tattoo_message,tattoo_bit1,tattoo_bit1,1.0,186.0,,,0.43946545074209176,,False,,1,
p5_256bit_187,p5_256bit_chip1,mc_phase5_256bit.py,phase5.2,2026-07-27,1.0,real_bsim_ptm,simulated,False,3.2,0.045,4,4.5,11.86,27.0,,,0.0,,controlled_tattoo_stress,,digital_tattoo_message,tattoo_bit0,tattoo_bit0,0.0,187.0,,,1.223232649234025,,False,,1,
p5_256bit_188,p5_256bit_chip1,mc_phase5_256bit.py,phase5.2,2026-07-27,1.0,real_bsim_ptm,simulated,False,3.2,0.045,4,4.5,11.86,27.0,,,0.0,,controlled_tattoo_stress,,digital_tattoo_message,tattoo_bit0,tattoo_bit0,0.0,188.0,,,1.2993462861872873,,False,,1,
p5_256bit_189,p5_256bit_chip1,mc_phase5_256bit.py,phase5.2,2026-07-27,1.0,real_bsim_ptm,simulated,False,3.2,0.045,4,4.5,11.86,27.0,,,0.0,,controlled_tattoo_stress,,digital_tattoo_message,tattoo_bit0,tattoo_bit0,0.0,189.0,,,1.2020976417521176,,False,,1,
p5_256bit_190,p5_256bit_chip1,mc_phase5_256bit.py,phase5.2,2026-07-27,1.0,real_bsim_ptm,simulated,False,3.2,0.045,4,4.5,11.86,27.0,,,0.0,,controlled_tattoo_stress,,digital_tattoo_message,tattoo_bit0,tattoo_bit0,0.0,190.0,,,1.016749902064858,,False,,1,
p5_256bit_191,p5_256bit_chip1,mc_phase5_256bit.py,phase5.2,2026-07-27,1.0,real_bsim_ptm,simulated,False,3.2,0.045,4,4.5,11.86,27.0,,,0.0,,controlled_tattoo_stress,,digital_tattoo_message,tattoo_bit0,tattoo_bit0,0.0,191.0,,,0.8366715688995209,,False,,1,
p5_256bit_192,p5_256bit_chip1,mc_phase5_256bit.py,phase5.2,2026-07-27,1.0,real_bsim_ptm,simulated,False,3.2,0.045,4,4.5,11.86,27.0,,,60.0,,controlled_tattoo_stress,,digital_tattoo_message,tattoo_bit1,tattoo_bit1,1.0,192.0,,,0.15759317016851854,,False,,1,
p5_256bit_193,p5_256bit_chip1,mc_phase5_256bit.py,phase5.2,2026-07-27,1.0,real_bsim_ptm,simulated,False,3.2,0.045,4,4.5,11.86,27.0,,,60.0,,controlled_tattoo_stress,,digital_tattoo_message,tattoo_bit1,tattoo_bit1,1.0,193.0,,,0.12116208121086994,,False,,1,
p5_256bit_194,p5_256bit_chip1,mc_phase5_256bit.py,phase5.2,2026-07-27,1.0,real_bsim_ptm,simulated,False,3.2,0.045,4,4.5,11.86,27.0,,,0.0,,controlled_tattoo_stress,,digital_tattoo_message,tattoo_bit0,tattoo_bit0,0.0,194.0,,,1.0655613603275442,,False,,1,
p5_256bit_195,p5_256bit_chip1,mc_phase5_256bit.py,phase5.2,2026-07-27,1.0,real_bsim_ptm,simulated,False,3.2,0.045,4,4.5,11.86,27.0,,,0.0,,controlled_tattoo_stress,,digital_tattoo_message,tattoo_bit0,tattoo_bit0,0.0,195.0,,,1.0127889032156419,,False,,1,
p5_256bit_196,p5_256bit_chip1,mc_phase5_256bit.py,phase5.2,2026-07-27,1.0,real_bsim_ptm,simulated,False,3.2,0.045,4,4.5,11.86,27.0,,,0.0,,controlled_tattoo_stress,,digital_tattoo_message,tattoo_bit0,tattoo_bit0,0.0,196.0,,,1.1778944802535642,,False,,1,
p5_256bit_197,p5_256bit_chip1,mc_phase5_256bit.py,phase5.2,2026-07-27,1.0,real_bsim_ptm,simulated,False,3.2,0.045,4,4.5,11.86,27.0,,,60.0,,controlled_tattoo_stress,,digital_tattoo_message,tattoo_bit1,tattoo_bit1,1.0,197.0,,,0.17980085735834628,,False,,1,
p5_256bit_198,p5_256bit_chip1,mc_phase5_256bit.py,phase5.2,2026-07-27,1.0,real_bsim_ptm,simulated,False,3.2,0.045,4,4.5,11.86,27.0,,,60.0,,controlled_tattoo_stress,,digital_tattoo_message,tattoo_bit1,tattoo_bit1,1.0,198.0,,,0.22682832691052324,,False,,1,
p5_256bit_199,p5_256bit_chip1,mc_phase5_256bit.py,phase5.2,2026-07-27,1.0,real_bsim_ptm,simulated,False,3.2,0.045,4,4.5,11.86,27.0,,,60.0,,controlled_tattoo_stress,,digital_tattoo_message,tattoo_bit1,tattoo_bit1,1.0,199.0,,,0.15013860761921727,,False,,1,
p5_256bit_200,p5_256bit_chip1,mc_phase5_256bit.py,phase5.2,2026-07-27,1.0,real_bsim_ptm,simulated,False,3.2,0.045,4,4.5,11.86,27.0,,,0.0,,controlled_tattoo_stress,,digital_tattoo_message,tattoo_bit0,tattoo_bit0,0.0,200.0,,,1.3394762329711831,,False,,1,
p5_256bit_201,p5_256bit_chip1,mc_phase5_256bit.py,phase5.2,2026-07-27,1.0,real_bsim_ptm,simulated,False,3.2,0.045,4,4.5,11.86,27.0,,,0.0,,controlled_tattoo_stress,,digital_tattoo_message,tattoo_bit0,tattoo_bit0,0.0,201.0,,,0.9886929635435494,,False,,1,
p5_256bit_202,p5_256bit_chip1,mc_phase5_256bit.py,phase5.2,2026-07-27,1.0,real_bsim_ptm,simulated,False,3.2,0.045,4,4.5,11.86,27.0,,,60.0,,controlled_tattoo_stress,,digital_tattoo_message,tattoo_bit1,tattoo_bit1,1.0,202.0,,,0.20377575705717807,,False,,1,
p5_256bit_203,p5_256bit_chip1,mc_phase5_256bit.py,phase5.2,2026-07-27,1.0,real_bsim_ptm,simulated,False,3.2,0.045,4,4.5,11.86,27.0,,,0.0,,controlled_tattoo_stress,,digital_tattoo_message,tattoo_bit0,tattoo_bit0,0.0,203.0,,,0.7749049836516776,,False,,1,
p5_256bit_204,p5_256bit_chip1,mc_phase5_256bit.py,phase5.2,2026-07-27,1.0,real_bsim_ptm,simulated,False,3.2,0.045,4,4.5,11.86,27.0,,,0.0,,controlled_tattoo_stress,,digital_tattoo_message,tattoo_bit0,tattoo_bit0,0.0,204.0,,,0.9154502996829769,,False,,1,
p5_256bit_205,p5_256bit_chip1,mc_phase5_256bit.py,phase5.2,2026-07-27,1.0,real_bsim_ptm,simulated,False,3.2,0.045,4,4.5,11.86,27.0,,,60.0,,controlled_tattoo_stress,,digital_tattoo_message,tattoo_bit1,tattoo_bit1,1.0,205.0,,,0.1612995629475084,,False,,1,
p5_256bit_206,p5_256bit_chip1,mc_phase5_256bit.py,phase5.2,2026-07-27,1.0,real_bsim_ptm,simulated,False,3.2,0.045,4,4.5,11.86,27.0,,,60.0,,controlled_tattoo_stress,,digital_tattoo_message,tattoo_bit1,tattoo_bit1,1.0,206.0,,,0.18225165431372992,,False,,1,
p5_256bit_207,p5_256bit_chip1,mc_phase5_256bit.py,phase5.2,2026-07-27,1.0,real_bsim_ptm,simulated,False,3.2,0.045,4,4.5,11.86,27.0,,,60.0,,controlled_tattoo_stress,,digital_tattoo_message,tattoo_bit1,tattoo_bit1,1.0,207.0,,,0.18328599572040954,,False,,1,
p5_256bit_208,p5_256bit_chip1,mc_phase5_256bit.py,phase5.2,2026-07-27,1.0,real_bsim_ptm,simulated,False,3.2,0.045,4,4.5,11.86,27.0,,,0.0,,controlled_tattoo_stress,,digital_tattoo_message,tattoo_bit0,tattoo_bit0,0.0,208.0,,,0.9769122590791238,,False,,1,
p5_256bit_209,p5_256bit_chip1,mc_phase5_256bit.py,phase5.2,2026-07-27,1.0,real_bsim_ptm,simulated,False,3.2,0.045,4,4.5,11.86,27.0,,,60.0,,controlled_tattoo_stress,,digital_tattoo_message,tattoo_bit1,tattoo_bit1,1.0,209.0,,,0.17106498088741248,,False,,1,
p5_256bit_210,p5_256bit_chip1,mc_phase5_256bit.py,phase5.2,2026-07-27,1.0,real_bsim_ptm,simulated,False,3.2,0.045,4,4.5,11.86,27.0,,,60.0,,controlled_tattoo_stress,,digital_tattoo_message,tattoo_bit1,tattoo_bit1,1.0,210.0,,,0.2074247984601934,,False,,1,
p5_256bit_211,p5_256bit_chip1,mc_phase5_256bit.py,phase5.2,2026-07-27,1.0,real_bsim_ptm,simulated,False,3.2,0.045,4,4.5,11.86,27.0,,,0.0,,controlled_tattoo_stress,,digital_tattoo_message,tattoo_bit0,tattoo_bit0,0.0,211.0,,,1.3372832170663909,,False,,1,
p5_256bit_212,p5_256bit_chip1,mc_phase5_256bit.py,phase5.2,2026-07-27,1.0,real_bsim_ptm,simulated,False,3.2,0.045,4,4.5,11.86,27.0,,,0.0,,controlled_tattoo_stress,,digital_tattoo_message,tattoo_bit0,tattoo_bit0,0.0,212.0,,,1.3015945507700497,,False,,1,
p5_256bit_213,p5_256bit_chip1,mc_phase5_256bit.py,phase5.2,2026-07-27,1.0,real_bsim_ptm,simulated,False,3.2,0.045,4,4.5,11.86,27.0,,,0.0,,controlled_tattoo_stress,,digital_tattoo_message,tattoo_bit0,tattoo_bit0,0.0,213.0,,,1.0990340012660795,,False,,1,
p5_256bit_214,p5_256bit_chip1,mc_phase5_256bit.py,phase5.2,2026-07-27,1.0,real_bsim_ptm,simulated,False,3.2,0.045,4,4.5,11.86,27.0,,,60.0,,controlled_tattoo_stress,,digital_tattoo_message,tattoo_bit1,tattoo_bit1,1.0,214.0,,,0.29006272873226424,,False,,1,
p5_256bit_215,p5_256bit_chip1,mc_phase5_256bit.py,phase5.2,2026-07-27,1.0,real_bsim_ptm,simulated,False,3.2,0.045,4,4.5,11.86,27.0,,,0.0,,controlled_tattoo_stress,,digital_tattoo_message,tattoo_bit0,tattoo_bit0,0.0,215.0,,,1.0366121544894413,,False,,1,
p5_256bit_216,p5_256bit_chip1,mc_phase5_256bit.py,phase5.2,2026-07-27,1.0,real_bsim_ptm,simulated,False,3.2,0.045,4,4.5,11.86,27.0,,,60.0,,controlled_tattoo_stress,,digital_tattoo_message,tattoo_bit1,tattoo_bit1,1.0,216.0,,,0.2119261583051066,,False,,1,
p5_256bit_217,p5_256bit_chip1,mc_phase5_256bit.py,phase5.2,2026-07-27,1.0,real_bsim_ptm,simulated,False,3.2,0.045,4,4.5,11.86,27.0,,,60.0,,controlled_tattoo_stress,,digital_tattoo_message,tattoo_bit1,tattoo_bit1,1.0,217.0,,,0.2648442083000743,,False,,1,
p5_256bit_218,p5_256bit_chip1,mc_phase5_256bit.py,phase5.2,2026-07-27,1.0,real_bsim_ptm,simulated,False,3.2,0.045,4,4.5,11.86,27.0,,,0.0,,controlled_tattoo_stress,,digital_tattoo_message,tattoo_bit0,tattoo_bit0,0.0,218.0,,,0.7846459059384725,,False,,1,
p5_256bit_219,p5_256bit_chip1,mc_phase5_256bit.py,phase5.2,2026-07-27,1.0,real_bsim_ptm,simulated,False,3.2,0.045,4,4.5,11.86,27.0,,,0.0,,controlled_tattoo_stress,,digital_tattoo_message,tattoo_bit0,tattoo_bit0,0.0,219.0,,,1.163851652913325,,False,,1,
p5_256bit_220,p5_256bit_chip1,mc_phase5_256bit.py,phase5.2,2026-07-27,1.0,real_bsim_ptm,simulated,False,3.2,0.045,4,4.5,11.86,27.0,,,60.0,,controlled_tattoo_stress,,digital_tattoo_message,tattoo_bit1,tattoo_bit1,1.0,220.0,,,0.13292077252304405,,False,,1,
p5_256bit_221,p5_256bit_chip1,mc_phase5_256bit.py,phase5.2,2026-07-27,1.0,real_bsim_ptm,simulated,False,3.2,0.045,4,4.5,11.86,27.0,,,0.0,,controlled_tattoo_stress,,digital_tattoo_message,tattoo_bit0,tattoo_bit0,0.0,221.0,,,0.9697023187217755,,False,,1,
p5_256bit_222,p5_256bit_chip1,mc_phase5_256bit.py,phase5.2,2026-07-27,1.0,real_bsim_ptm,simulated,False,3.2,0.045,4,4.5,11.86,27.0,,,0.0,,controlled_tattoo_stress,,digital_tattoo_message,tattoo_bit0,tattoo_bit0,0.0,222.0,,,1.3326225235816653,,False,,1,
p5_256bit_223,p5_256bit_chip1,mc_phase5_256bit.py,phase5.2,2026-07-27,1.0,real_bsim_ptm,simulated,False,3.2,0.045,4,4.5,11.86,27.0,,,60.0,,controlled_tattoo_stress,,digital_tattoo_message,tattoo_bit1,tattoo_bit1,1.0,223.0,,,0.2775930142980909,,False,,1,
p5_256bit_224,p5_256bit_chip1,mc_phase5_256bit.py,phase5.2,2026-07-27,1.0,real_bsim_ptm,simulated,False,3.2,0.045,4,4.5,11.86,27.0,,,0.0,,controlled_tattoo_stress,,digital_tattoo_message,tattoo_bit0,tattoo_bit0,0.0,224.0,,,0.9856100769690359,,False,,1,
p5_256bit_225,p5_256bit_chip1,mc_phase5_256bit.py,phase5.2,2026-07-27,1.0,real_bsim_ptm,simulated,False,3.2,0.045,4,4.5,11.86,27.0,,,0.0,,controlled_tattoo_stress,,digital_tattoo_message,tattoo_bit0,tattoo_bit0,0.0,225.0,,,1.1675335279034087,,False,,1,
p5_256bit_226,p5_256bit_chip1,mc_phase5_256bit.py,phase5.2,2026-07-27,1.0,real_bsim_ptm,simulated,False,3.2,0.045,4,4.5,11.86,27.0,,,0.0,,controlled_tattoo_stress,,digital_tattoo_message,tattoo_bit0,tattoo_bit0,0.0,226.0,,,1.254891954608134,,False,,1,
p5_256bit_227,p5_256bit_chip1,mc_phase5_256bit.py,phase5.2,2026-07-27,1.0,real_bsim_ptm,simulated,False,3.2,0.045,4,4.5,11.86,27.0,,,60.0,,controlled_tattoo_stress,,digital_tattoo_message,tattoo_bit1,tattoo_bit1,1.0,227.0,,,0.1889084829653891,,False,,1,
p5_256bit_228,p5_256bit_chip1,mc_phase5_256bit.py,phase5.2,2026-07-27,1.0,real_bsim_ptm,simulated,False,3.2,0.045,4,4.5,11.86,27.0,,,0.0,,controlled_tattoo_stress,,digital_tattoo_message,tattoo_bit0,tattoo_bit0,0.0,228.0,,,0.5127802923492651,,False,,1,
p5_256bit_229,p5_256bit_chip1,mc_phase5_256bit.py,phase5.2,2026-07-27,1.0,real_bsim_ptm,simulated,False,3.2,0.045,4,4.5,11.86,27.0,,,60.0,,controlled_tattoo_stress,,digital_tattoo_message,tattoo_bit1,tattoo_bit1,1.0,229.0,,,0.21219927406020195,,False,,1,
p5_256bit_230,p5_256bit_chip1,mc_phase5_256bit.py,phase5.2,2026-07-27,1.0,real_bsim_ptm,simulated,False,3.2,0.045,4,4.5,11.86,27.0,,,60.0,,controlled_tattoo_stress,,digital_tattoo_message,tattoo_bit1,tattoo_bit1,1.0,230.0,,,0.16479965717883635,,False,,1,
p5_256bit_231,p5_256bit_chip1,mc_phase5_256bit.py,phase5.2,2026-07-27,1.0,real_bsim_ptm,simulated,False,3.2,0.045,4,4.5,11.86,27.0,,,0.0,,controlled_tattoo_stress,,digital_tattoo_message,tattoo_bit0,tattoo_bit0,0.0,231.0,,,0.8967467538796916,,False,,1,
p5_256bit_232,p5_256bit_chip1,mc_phase5_256bit.py,phase5.2,2026-07-27,1.0,real_bsim_ptm,simulated,False,3.2,0.045,4,4.5,11.86,27.0,,,0.0,,controlled_tattoo_stress,,digital_tattoo_message,tattoo_bit0,tattoo_bit0,0.0,232.0,,,1.5458649667029252,,False,,1,
p5_256bit_233,p5_256bit_chip1,mc_phase5_256bit.py,phase5.2,2026-07-27,1.0,real_bsim_ptm,simulated,False,3.2,0.045,4,4.5,11.86,27.0,,,0.0,,controlled_tattoo_stress,,digital_tattoo_message,tattoo_bit0,tattoo_bit0,0.0,233.0,,,1.3184280023877357,,False,,1,
p5_256bit_234,p5_256bit_chip1,mc_phase5_256bit.py,phase5.2,2026-07-27,1.0,real_bsim_ptm,simulated,False,3.2,0.045,4,4.5,11.86,27.0,,,60.0,,controlled_tattoo_stress,,digital_tattoo_message,tattoo_bit1,tattoo_bit1,1.0,234.0,,,0.26124698472981756,,False,,1,
p5_256bit_235,p5_256bit_chip1,mc_phase5_256bit.py,phase5.2,2026-07-27,1.0,real_bsim_ptm,simulated,False,3.2,0.045,4,4.5,11.86,27.0,,,0.0,,controlled_tattoo_stress,,digital_tattoo_message,tattoo_bit0,tattoo_bit0,0.0,235.0,,,0.8697070972641661,,False,,1,
p5_256bit_236,p5_256bit_chip1,mc_phase5_256bit.py,phase5.2,2026-07-27,1.0,real_bsim_ptm,simulated,False,3.2,0.045,4,4.5,11.86,27.0,,,60.0,,controlled_tattoo_stress,,digital_tattoo_message,tattoo_bit1,tattoo_bit1,1.0,236.0,,,0.23658527598595452,,False,,1,
p5_256bit_237,p5_256bit_chip1,mc_phase5_256bit.py,phase5.2,2026-07-27,1.0,real_bsim_ptm,simulated,False,3.2,0.045,4,4.5,11.86,27.0,,,60.0,,controlled_tattoo_stress,,digital_tattoo_message,tattoo_bit1,tattoo_bit1,1.0,237.0,,,0.25550372207148475,,False,,1,
p5_256bit_238,p5_256bit_chip1,mc_phase5_256bit.py,phase5.2,2026-07-27,1.0,real_bsim_ptm,simulated,False,3.2,0.045,4,4.5,11.86,27.0,,,60.0,,controlled_tattoo_stress,,digital_tattoo_message,tattoo_bit1,tattoo_bit1,1.0,238.0,,,0.23754951398828655,,False,,1,
p5_256bit_239,p5_256bit_chip1,mc_phase5_256bit.py,phase5.2,2026-07-27,1.0,real_bsim_ptm,simulated,False,3.2,0.045,4,4.5,11.86,27.0,,,60.0,,controlled_tattoo_stress,,digital_tattoo_message,tattoo_bit1,tattoo_bit1,1.0,239.0,,,0.1486203688511857,,False,,1,
p5_256bit_240,p5_256bit_chip1,mc_phase5_256bit.py,phase5.2,2026-07-27,1.0,real_bsim_ptm,simulated,False,3.2,0.045,4,4.5,11.86,27.0,,,0.0,,controlled_tattoo_stress,,digital_tattoo_message,tattoo_bit0,tattoo_bit0,0.0,240.0,,,1.622274734108446,,False,,1,
p5_256bit_241,p5_256bit_chip1,mc_phase5_256bit.py,phase5.2,2026-07-27,1.0,real_bsim_ptm,simulated,False,3.2,0.045,4,4.5,11.86,27.0,,,60.0,,controlled_tattoo_stress,,digital_tattoo_message,tattoo_bit1,tattoo_bit1,1.0,241.0,,,0.21837079865397493,,False,,1,
p5_256bit_242,p5_256bit_chip1,mc_phase5_256bit.py,phase5.2,2026-07-27,1.0,real_bsim_ptm,simulated,False,3.2,0.045,4,4.5,11.86,27.0,,,60.0,,controlled_tattoo_stress,,digital_tattoo_message,tattoo_bit1,tattoo_bit1,1.0,242.0,,,0.30071493858697185,,False,,1,
p5_256bit_243,p5_256bit_chip1,mc_phase5_256bit.py,phase5.2,2026-07-27,1.0,real_bsim_ptm,simulated,False,3.2,0.045,4,4.5,11.86,27.0,,,60.0,,controlled_tattoo_stress,,digital_tattoo_message,tattoo_bit1,tattoo_bit1,1.0,243.0,,,0.28891645510904124,,False,,1,
p5_256bit_244,p5_256bit_chip1,mc_phase5_256bit.py,phase5.2,2026-07-27,1.0,real_bsim_ptm,simulated,False,3.2,0.045,4,4.5,11.86,27.0,,,0.0,,controlled_tattoo_stress,,digital_tattoo_message,tattoo_bit0,tattoo_bit0,0.0,244.0,,,1.0581836231299446,,False,,1,
p5_256bit_245,p5_256bit_chip1,mc_phase5_256bit.py,phase5.2,2026-07-27,1.0,real_bsim_ptm,simulated,False,3.2,0.045,4,4.5,11.86,27.0,,,60.0,,controlled_tattoo_stress,,digital_tattoo_message,tattoo_bit1,tattoo_bit1,1.0,245.0,,,0.16752615038400978,,False,,1,
p5_256bit_246,p5_256bit_chip1,mc_phase5_256bit.py,phase5.2,2026-07-27,1.0,real_bsim_ptm,simulated,False,3.2,0.045,4,4.5,11.86,27.0,,,60.0,,controlled_tattoo_stress,,digital_tattoo_message,tattoo_bit1,tattoo_bit1,1.0,246.0,,,0.2047180197934589,,False,,1,
p5_256bit_247,p5_256bit_chip1,mc_phase5_256bit.py,phase5.2,2026-07-27,1.0,real_bsim_ptm,simulated,False,3.2,0.045,4,4.5,11.86,27.0,,,60.0,,controlled_tattoo_stress,,digital_tattoo_message,tattoo_bit1,tattoo_bit1,1.0,247.0,,,0.1635713994229963,,False,,1,
p5_256bit_248,p5_256bit_chip1,mc_phase5_256bit.py,phase5.2,2026-07-27,1.0,real_bsim_ptm,simulated,False,3.2,0.045,4,4.5,11.86,27.0,,,60.0,,controlled_tattoo_stress,,digital_tattoo_message,tattoo_bit1,tattoo_bit1,1.0,248.0,,,0.1878447437496966,,False,,1,
p5_256bit_249,p5_256bit_chip1,mc_phase5_256bit.py,phase5.2,2026-07-27,1.0,real_bsim_ptm,simulated,False,3.2,0.045,4,4.5,11.86,27.0,,,60.0,,controlled_tattoo_stress,,digital_tattoo_message,tattoo_bit1,tattoo_bit1,1.0,249.0,,,0.17969954768386648,,False,,1,
p5_256bit_250,p5_256bit_chip1,mc_phase5_256bit.py,phase5.2,2026-07-27,1.0,real_bsim_ptm,simulated,False,3.2,0.045,4,4.5,11.86,27.0,,,60.0,,controlled_tattoo_stress,,digital_tattoo_message,tattoo_bit1,tattoo_bit1,1.0,250.0,,,0.2719894315799848,,False,,1,
p5_256bit_251,p5_256bit_chip1,mc_phase5_256bit.py,phase5.2,2026-07-27,1.0,real_bsim_ptm,simulated,False,3.2,0.045,4,4.5,11.86,27.0,,,0.0,,controlled_tattoo_stress,,digital_tattoo_message,tattoo_bit0,tattoo_bit0,0.0,251.0,,,1.0124145695391993,,False,,1,
p5_256bit_252,p5_256bit_chip1,mc_phase5_256bit.py,phase5.2,2026-07-27,1.0,real_bsim_ptm,simulated,False,3.2,0.045,4,4.5,11.86,27.0,,,60.0,,controlled_tattoo_stress,,digital_tattoo_message,tattoo_bit1,tattoo_bit1,1.0,252.0,,,0.2753150764711695,,False,,1,
p5_256bit_253,p5_256bit_chip1,mc_phase5_256bit.py,phase5.2,2026-07-27,1.0,real_bsim_ptm,simulated,False,3.2,0.045,4,4.5,11.86,27.0,,,0.0,,controlled_tattoo_stress,,digital_tattoo_message,tattoo_bit0,tattoo_bit0,0.0,253.0,,,1.0144168051574673,,False,,1,
p5_256bit_254,p5_256bit_chip1,mc_phase5_256bit.py,phase5.2,2026-07-27,1.0,real_bsim_ptm,simulated,False,3.2,0.045,4,4.5,11.86,27.0,,,60.0,,controlled_tattoo_stress,,digital_tattoo_message,tattoo_bit1,tattoo_bit1,1.0,254.0,,,0.2835952337193857,,False,,1,
p5_256bit_255,p5_256bit_chip1,mc_phase5_256bit.py,phase5.2,2026-07-27,1.0,real_bsim_ptm,simulated,False,3.2,0.045,4,4.5,11.86,27.0,,,0.0,,controlled_tattoo_stress,,digital_tattoo_message,tattoo_bit0,tattoo_bit0,0.0,255.0,,,0.9521966795571237,,False,,1,
p5_temp_phase5.6_calib_0,p5_temp_fixed_chip1,mc_phase5_temp_ber_FIXED.py,phase5.6_calib,2026-07-27,1.0,real_bsim_ptm,simulated,False,3.2,0.045,4,4.5,11.86,25.0,,,0.0,,controlled_tattoo_stress,,digital_tattoo_message,tattoo_bit0,tattoo_bit0,0.0,0.0,,,1.213787892309549,,False,,1,
p5_temp_phase5.6_field_0,p5_temp_fixed_chip1,mc_phase5_temp_ber_FIXED.py,phase5.6_field,2026-07-27,1.0,real_bsim_ptm,simulated,False,3.2,0.045,4,4.5,11.86,75.0,,,0.0,,controlled_tattoo_stress,,digital_tattoo_message,tattoo_bit0,tattoo_bit0,0.0,0.0,,,1.186643962258544,,False,,1,
p5_temp_phase5.6_calib_1,p5_temp_fixed_chip1,mc_phase5_temp_ber_FIXED.py,phase5.6_calib,2026-07-27,1.0,real_bsim_ptm,simulated,False,3.2,0.045,4,4.5,11.86,25.0,,,0.0,,controlled_tattoo_stress,,digital_tattoo_message,tattoo_bit0,tattoo_bit0,0.0,1.0,,,0.6989888515001632,,False,,1,
p5_temp_phase5.6_field_1,p5_temp_fixed_chip1,mc_phase5_temp_ber_FIXED.py,phase5.6_field,2026-07-27,1.0,real_bsim_ptm,simulated,False,3.2,0.045,4,4.5,11.86,75.0,,,0.0,,controlled_tattoo_stress,,digital_tattoo_message,tattoo_bit0,tattoo_bit0,0.0,1.0,,,0.7264151532360787,,False,,1,
p5_temp_phase5.6_calib_2,p5_temp_fixed_chip1,mc_phase5_temp_ber_FIXED.py,phase5.6_calib,2026-07-27,1.0,real_bsim_ptm,simulated,False,3.2,0.045,4,4.5,11.86,25.0,,,0.0,,controlled_tattoo_stress,,digital_tattoo_message,tattoo_bit0,tattoo_bit0,0.0,2.0,,,1.0162371605480294,,False,,1,
p5_temp_phase5.6_field_2,p5_temp_fixed_chip1,mc_phase5_temp_ber_FIXED.py,phase5.6_field,2026-07-27,1.0,real_bsim_ptm,simulated,False,3.2,0.045,4,4.5,11.86,75.0,,,0.0,,controlled_tattoo_stress,,digital_tattoo_message,tattoo_bit0,tattoo_bit0,0.0,2.0,,,1.0068140473487124,,False,,1,
p5_temp_phase5.6_calib_3,p5_temp_fixed_chip1,mc_phase5_temp_ber_FIXED.py,phase5.6_calib,2026-07-27,1.0,real_bsim_ptm,simulated,False,3.2,0.045,4,4.5,11.86,25.0,,,0.0,,controlled_tattoo_stress,,digital_tattoo_message,tattoo_bit0,tattoo_bit0,0.0,3.0,,,1.4670907384507155,,False,,1,
p5_temp_phase5.6_field_3,p5_temp_fixed_chip1,mc_phase5_temp_ber_FIXED.py,phase5.6_field,2026-07-27,1.0,real_bsim_ptm,simulated,False,3.2,0.045,4,4.5,11.86,75.0,,,0.0,,controlled_tattoo_stress,,digital_tattoo_message,tattoo_bit0,tattoo_bit0,0.0,3.0,,,1.3678236405229305,,False,,1,
p5_temp_phase5.6_calib_4,p5_temp_fixed_chip1,mc_phase5_temp_ber_FIXED.py,phase5.6_calib,2026-07-27,1.0,real_bsim_ptm,simulated,False,3.2,0.045,4,4.5,11.86,25.0,,,60.0,,controlled_tattoo_stress,,digital_tattoo_message,tattoo_bit1,tattoo_bit1,1.0,4.0,,,0.17398205419021517,,False,,1,
p5_temp_phase5.6_field_4,p5_temp_fixed_chip1,mc_phase5_temp_ber_FIXED.py,phase5.6_field,2026-07-27,1.0,real_bsim_ptm,simulated,False,3.2,0.045,4,4.5,11.86,75.0,,,60.0,,controlled_tattoo_stress,,digital_tattoo_message,tattoo_bit1,tattoo_bit1,1.0,4.0,,,0.2067500879590647,,False,,1,
p5_temp_phase5.6_calib_5,p5_temp_fixed_chip1,mc_phase5_temp_ber_FIXED.py,phase5.6_calib,2026-07-27,1.0,real_bsim_ptm,simulated,False,3.2,0.045,4,4.5,11.86,25.0,,,0.0,,controlled_tattoo_stress,,digital_tattoo_message,tattoo_bit0,tattoo_bit0,0.0,5.0,,,1.1536172843341466,,False,,1,
p5_temp_phase5.6_field_5,p5_temp_fixed_chip1,mc_phase5_temp_ber_FIXED.py,phase5.6_field,2026-07-27,1.0,real_bsim_ptm,simulated,False,3.2,0.045,4,4.5,11.86,75.0,,,0.0,,controlled_tattoo_stress,,digital_tattoo_message,tattoo_bit0,tattoo_bit0,0.0,5.0,,,1.134988361027013,,False,,1,
p5_temp_phase5.6_calib_6,p5_temp_fixed_chip1,mc_phase5_temp_ber_FIXED.py,phase5.6_calib,2026-07-27,1.0,real_bsim_ptm,simulated,False,3.2,0.045,4,4.5,11.86,25.0,,,0.0,,controlled_tattoo_stress,,digital_tattoo_message,tattoo_bit0,tattoo_bit0,0.0,6.0,,,1.5256097460521014,,False,,1,
p5_temp_phase5.6_field_6,p5_temp_fixed_chip1,mc_phase5_temp_ber_FIXED.py,phase5.6_field,2026-07-27,1.0,real_bsim_ptm,simulated,False,3.2,0.045,4,4.5,11.86,75.0,,,0.0,,controlled_tattoo_stress,,digital_tattoo_message,tattoo_bit0,tattoo_bit0,0.0,6.0,,,1.4507234447992798,,False,,1,
p5_temp_phase5.6_calib_7,p5_temp_fixed_chip1,mc_phase5_temp_ber_FIXED.py,phase5.6_calib,2026-07-27,1.0,real_bsim_ptm,simulated,False,3.2,0.045,4,4.5,11.86,25.0,,,60.0,,controlled_tattoo_stress,,digital_tattoo_message,tattoo_bit1,tattoo_bit1,1.0,7.0,,,0.21715457025388987,,False,,1,
p5_temp_phase5.6_field_7,p5_temp_fixed_chip1,mc_phase5_temp_ber_FIXED.py,phase5.6_field,2026-07-27,1.0,real_bsim_ptm,simulated,False,3.2,0.045,4,4.5,11.86,75.0,,,60.0,,controlled_tattoo_stress,,digital_tattoo_message,tattoo_bit1,tattoo_bit1,1.0,7.0,,,0.24847004409392015,,False,,1,
p5_temp_phase5.6_calib_8,p5_temp_fixed_chip1,mc_phase5_temp_ber_FIXED.py,phase5.6_calib,2026-07-27,1.0,real_bsim_ptm,simulated,False,3.2,0.045,4,4.5,11.86,25.0,,,60.0,,controlled_tattoo_stress,,digital_tattoo_message,tattoo_bit1,tattoo_bit1,1.0,8.0,,,0.18807454285217626,,False,,1,
p5_temp_phase5.6_field_8,p5_temp_fixed_chip1,mc_phase5_temp_ber_FIXED.py,phase5.6_field,2026-07-27,1.0,real_bsim_ptm,simulated,False,3.2,0.045,4,4.5,11.86,75.0,,,60.0,,controlled_tattoo_stress,,digital_tattoo_message,tattoo_bit1,tattoo_bit1,1.0,8.0,,,0.22296873477744672,,False,,1,
p5_temp_phase5.6_calib_9,p5_temp_fixed_chip1,mc_phase5_temp_ber_FIXED.py,phase5.6_calib,2026-07-27,1.0,real_bsim_ptm,simulated,False,3.2,0.045,4,4.5,11.86,25.0,,,60.0,,controlled_tattoo_stress,,digital_tattoo_message,tattoo_bit1,tattoo_bit1,1.0,9.0,,,0.1750456134959179,,False,,1,
p5_temp_phase5.6_field_9,p5_temp_fixed_chip1,mc_phase5_temp_ber_FIXED.py,phase5.6_field,2026-07-27,1.0,real_bsim_ptm,simulated,False,3.2,0.045,4,4.5,11.86,75.0,,,60.0,,controlled_tattoo_stress,,digital_tattoo_message,tattoo_bit1,tattoo_bit1,1.0,9.0,,,0.2094547926515482,,False,,1,
p5_temp_phase5.6_calib_10,p5_temp_fixed_chip1,mc_phase5_temp_ber_FIXED.py,phase5.6_calib,2026-07-27,1.0,real_bsim_ptm,simulated,False,3.2,0.045,4,4.5,11.86,25.0,,,60.0,,controlled_tattoo_stress,,digital_tattoo_message,tattoo_bit1,tattoo_bit1,1.0,10.0,,,0.16411341122054282,,False,,1,
p5_temp_phase5.6_field_10,p5_temp_fixed_chip1,mc_phase5_temp_ber_FIXED.py,phase5.6_field,2026-07-27,1.0,real_bsim_ptm,simulated,False,3.2,0.045,4,4.5,11.86,75.0,,,60.0,,controlled_tattoo_stress,,digital_tattoo_message,tattoo_bit1,tattoo_bit1,1.0,10.0,,,0.19657336584377721,,False,,1,
p5_temp_phase5.6_calib_11,p5_temp_fixed_chip1,mc_phase5_temp_ber_FIXED.py,phase5.6_calib,2026-07-27,1.0,real_bsim_ptm,simulated,False,3.2,0.045,4,4.5,11.86,25.0,,,0.0,,controlled_tattoo_stress,,digital_tattoo_message,tattoo_bit0,tattoo_bit0,0.0,11.0,,,1.1357594801657873,,False,,1,
p5_temp_phase5.6_field_11,p5_temp_fixed_chip1,mc_phase5_temp_ber_FIXED.py,phase5.6_field,2026-07-27,1.0,real_bsim_ptm,simulated,False,3.2,0.045,4,4.5,11.86,75.0,,,0.0,,controlled_tattoo_stress,,digital_tattoo_message,tattoo_bit0,tattoo_bit0,0.0,11.0,,,1.0999415420277832,,False,,1,
p5_temp_phase5.6_calib_12,p5_temp_fixed_chip1,mc_phase5_temp_ber_FIXED.py,phase5.6_calib,2026-07-27,1.0,real_bsim_ptm,simulated,False,3.2,0.045,4,4.5,11.86,25.0,,,60.0,,controlled_tattoo_stress,,digital_tattoo_message,tattoo_bit1,tattoo_bit1,1.0,12.0,,,0.3550673793574605,,False,,1,
p5_temp_phase5.6_field_12,p5_temp_fixed_chip1,mc_phase5_temp_ber_FIXED.py,phase5.6_field,2026-07-27,1.0,real_bsim_ptm,simulated,False,3.2,0.045,4,4.5,11.86,75.0,,,60.0,,controlled_tattoo_stress,,digital_tattoo_message,tattoo_bit1,tattoo_bit1,1.0,12.0,,,0.3856497952900338,,False,,1,
p5_temp_phase5.6_calib_13,p5_temp_fixed_chip1,mc_phase5_temp_ber_FIXED.py,phase5.6_calib,2026-07-27,1.0,real_bsim_ptm,simulated,False,3.2,0.045,4,4.5,11.86,25.0,,,0.0,,controlled_tattoo_stress,,digital_tattoo_message,tattoo_bit0,tattoo_bit0,0.0,13.0,,,1.3255236203438772,,False,,1,
p5_temp_phase5.6_field_13,p5_temp_fixed_chip1,mc_phase5_temp_ber_FIXED.py,phase5.6_field,2026-07-27,1.0,real_bsim_ptm,simulated,False,3.2,0.045,4,4.5,11.86,75.0,,,0.0,,controlled_tattoo_stress,,digital_tattoo_message,tattoo_bit0,tattoo_bit0,0.0,13.0,,,1.2754484359524922,,False,,1,
p5_temp_phase5.6_calib_14,p5_temp_fixed_chip1,mc_phase5_temp_ber_FIXED.py,phase5.6_calib,2026-07-27,1.0,real_bsim_ptm,simulated,False,3.2,0.045,4,4.5,11.86,25.0,,,0.0,,controlled_tattoo_stress,,digital_tattoo_message,tattoo_bit0,tattoo_bit0,0.0,14.0,,,0.7258881115326974,,False,,1,
p5_temp_phase5.6_field_14,p5_temp_fixed_chip1,mc_phase5_temp_ber_FIXED.py,phase5.6_field,2026-07-27,1.0,real_bsim_ptm,simulated,False,3.2,0.045,4,4.5,11.86,75.0,,,0.0,,controlled_tattoo_stress,,digital_tattoo_message,tattoo_bit0,tattoo_bit0,0.0,14.0,,,0.749489698971988,,False,,1,
p5_temp_phase5.6_calib_15,p5_temp_fixed_chip1,mc_phase5_temp_ber_FIXED.py,phase5.6_calib,2026-07-27,1.0,real_bsim_ptm,simulated,False,3.2,0.045,4,4.5,11.86,25.0,,,0.0,,controlled_tattoo_stress,,digital_tattoo_message,tattoo_bit0,tattoo_bit0,0.0,15.0,,,1.2094862870714203,,False,,1,
p5_temp_phase5.6_field_15,p5_temp_fixed_chip1,mc_phase5_temp_ber_FIXED.py,phase5.6_field,2026-07-27,1.0,real_bsim_ptm,simulated,False,3.2,0.045,4,4.5,11.86,75.0,,,0.0,,controlled_tattoo_stress,,digital_tattoo_message,tattoo_bit0,tattoo_bit0,0.0,15.0,,,1.183179483118782,,False,,1,
p5_temp_phase5.6_calib_16,p5_temp_fixed_chip1,mc_phase5_temp_ber_FIXED.py,phase5.6_calib,2026-07-27,1.0,real_bsim_ptm,simulated,False,3.2,0.045,4,4.5,11.86,25.0,,,60.0,,controlled_tattoo_stress,,digital_tattoo_message,tattoo_bit1,tattoo_bit1,1.0,16.0,,,0.1527784164549271,,False,,1,
p5_temp_phase5.6_field_16,p5_temp_fixed_chip1,mc_phase5_temp_ber_FIXED.py,phase5.6_field,2026-07-27,1.0,real_bsim_ptm,simulated,False,3.2,0.045,4,4.5,11.86,75.0,,,60.0,,controlled_tattoo_stress,,digital_tattoo_message,tattoo_bit1,tattoo_bit1,1.0,16.0,,,0.1847534336891751,,False,,1,
p5_temp_phase5.6_calib_17,p5_temp_fixed_chip1,mc_phase5_temp_ber_FIXED.py,phase5.6_calib,2026-07-27,1.0,real_bsim_ptm,simulated,False,3.2,0.045,4,4.5,11.86,25.0,,,0.0,,controlled_tattoo_stress,,digital_tattoo_message,tattoo_bit0,tattoo_bit0,0.0,17.0,,,1.1675202767497126,,False,,1,
p5_temp_phase5.6_field_17,p5_temp_fixed_chip1,mc_phase5_temp_ber_FIXED.py,phase5.6_field,2026-07-27,1.0,real_bsim_ptm,simulated,False,3.2,0.045,4,4.5,11.86,75.0,,,0.0,,controlled_tattoo_stress,,digital_tattoo_message,tattoo_bit0,tattoo_bit0,0.0,17.0,,,1.1438303961380103,,False,,1,
p5_temp_phase5.6_calib_18,p5_temp_fixed_chip1,mc_phase5_temp_ber_FIXED.py,phase5.6_calib,2026-07-27,1.0,real_bsim_ptm,simulated,False,3.2,0.045,4,4.5,11.86,25.0,,,60.0,,controlled_tattoo_stress,,digital_tattoo_message,tattoo_bit1,tattoo_bit1,1.0,18.0,,,0.1381825594310569,,False,,1,
p5_temp_phase5.6_field_18,p5_temp_fixed_chip1,mc_phase5_temp_ber_FIXED.py,phase5.6_field,2026-07-27,1.0,real_bsim_ptm,simulated,False,3.2,0.045,4,4.5,11.86,75.0,,,60.0,,controlled_tattoo_stress,,digital_tattoo_message,tattoo_bit1,tattoo_bit1,1.0,18.0,,,0.16887255426527814,,False,,1,
p5_temp_phase5.6_calib_19,p5_temp_fixed_chip1,mc_phase5_temp_ber_FIXED.py,phase5.6_calib,2026-07-27,1.0,real_bsim_ptm,simulated,False,3.2,0.045,4,4.5,11.86,25.0,,,0.0,,controlled_tattoo_stress,,digital_tattoo_message,tattoo_bit0,tattoo_bit0,0.0,19.0,,,1.3952333283026053,,False,,1,
p5_temp_phase5.6_field_19,p5_temp_fixed_chip1,mc_phase5_temp_ber_FIXED.py,phase5.6_field,2026-07-27,1.0,real_bsim_ptm,simulated,False,3.2,0.045,4,4.5,11.86,75.0,,,0.0,,controlled_tattoo_stress,,digital_tattoo_message,tattoo_bit0,tattoo_bit0,0.0,19.0,,,1.3405198507674312,,False,,1,
p5_temp_phase5.6_calib_20,p5_temp_fixed_chip1,mc_phase5_temp_ber_FIXED.py,phase5.6_calib,2026-07-27,1.0,real_bsim_ptm,simulated,False,3.2,0.045,4,4.5,11.86,25.0,,,60.0,,controlled_tattoo_stress,,digital_tattoo_message,tattoo_bit1,tattoo_bit1,1.0,20.0,,,0.16626402318532868,,False,,1,
p5_temp_phase5.6_field_20,p5_temp_fixed_chip1,mc_phase5_temp_ber_FIXED.py,phase5.6_field,2026-07-27,1.0,real_bsim_ptm,simulated,False,3.2,0.045,4,4.5,11.86,75.0,,,60.0,,controlled_tattoo_stress,,digital_tattoo_message,tattoo_bit1,tattoo_bit1,1.0,20.0,,,0.20041389935809908,,False,,1,
p5_temp_phase5.6_calib_21,p5_temp_fixed_chip1,mc_phase5_temp_ber_FIXED.py,phase5.6_calib,2026-07-27,1.0,real_bsim_ptm,simulated,False,3.2,0.045,4,4.5,11.86,25.0,,,60.0,,controlled_tattoo_stress,,digital_tattoo_message,tattoo_bit1,tattoo_bit1,1.0,21.0,,,0.28287930542231277,,False,,1,
p5_temp_phase5.6_field_21,p5_temp_fixed_chip1,mc_phase5_temp_ber_FIXED.py,phase5.6_field,2026-07-27,1.0,real_bsim_ptm,simulated,False,3.2,0.045,4,4.5,11.86,75.0,,,60.0,,controlled_tattoo_stress,,digital_tattoo_message,tattoo_bit1,tattoo_bit1,1.0,21.0,,,0.31987762588614643,,False,,1,
p5_temp_phase5.6_calib_22,p5_temp_fixed_chip1,mc_phase5_temp_ber_FIXED.py,phase5.6_calib,2026-07-27,1.0,real_bsim_ptm,simulated,False,3.2,0.045,4,4.5,11.86,25.0,,,0.0,,controlled_tattoo_stress,,digital_tattoo_message,tattoo_bit0,tattoo_bit0,0.0,22.0,,,1.3777045015406788,,False,,1,
p5_temp_phase5.6_field_22,p5_temp_fixed_chip1,mc_phase5_temp_ber_FIXED.py,phase5.6_field,2026-07-27,1.0,real_bsim_ptm,simulated,False,3.2,0.045,4,4.5,11.86,75.0,,,0.0,,controlled_tattoo_stress,,digital_tattoo_message,tattoo_bit0,tattoo_bit0,0.0,22.0,,,1.3271486266688282,,False,,1,
p5_temp_phase5.6_calib_23,p5_temp_fixed_chip1,mc_phase5_temp_ber_FIXED.py,phase5.6_calib,2026-07-27,1.0,real_bsim_ptm,simulated,False,3.2,0.045,4,4.5,11.86,25.0,,,0.0,,controlled_tattoo_stress,,digital_tattoo_message,tattoo_bit0,tattoo_bit0,0.0,23.0,,,0.8650164354765302,,False,,1,
p5_temp_phase5.6_field_23,p5_temp_fixed_chip1,mc_phase5_temp_ber_FIXED.py,phase5.6_field,2026-07-27,1.0,real_bsim_ptm,simulated,False,3.2,0.045,4,4.5,11.86,75.0,,,0.0,,controlled_tattoo_stress,,digital_tattoo_message,tattoo_bit0,tattoo_bit0,0.0,23.0,,,0.8757753217494302,,False,,1,
p5_temp_phase5.6_calib_24,p5_temp_fixed_chip1,mc_phase5_temp_ber_FIXED.py,phase5.6_calib,2026-07-27,1.0,real_bsim_ptm,simulated,False,3.2,0.045,4,4.5,11.86,25.0,,,60.0,,controlled_tattoo_stress,,digital_tattoo_message,tattoo_bit1,tattoo_bit1,1.0,24.0,,,0.20298434035789173,,False,,1,
p5_temp_phase5.6_field_24,p5_temp_fixed_chip1,mc_phase5_temp_ber_FIXED.py,phase5.6_field,2026-07-27,1.0,real_bsim_ptm,simulated,False,3.2,0.045,4,4.5,11.86,75.0,,,60.0,,controlled_tattoo_stress,,digital_tattoo_message,tattoo_bit1,tattoo_bit1,1.0,24.0,,,0.2379008890200157,,False,,1,
p5_temp_phase5.6_calib_25,p5_temp_fixed_chip1,mc_phase5_temp_ber_FIXED.py,phase5.6_calib,2026-07-27,1.0,real_bsim_ptm,simulated,False,3.2,0.045,4,4.5,11.86,25.0,,,60.0,,controlled_tattoo_stress,,digital_tattoo_message,tattoo_bit1,tattoo_bit1,1.0,25.0,,,0.19555221088150362,,False,,1,
p5_temp_phase5.6_field_25,p5_temp_fixed_chip1,mc_phase5_temp_ber_FIXED.py,phase5.6_field,2026-07-27,1.0,real_bsim_ptm,simulated,False,3.2,0.045,4,4.5,11.86,75.0,,,60.0,,controlled_tattoo_stress,,digital_tattoo_message,tattoo_bit1,tattoo_bit1,1.0,25.0,,,0.2303335534035043,,False,,1,
p5_temp_phase5.6_calib_26,p5_temp_fixed_chip1,mc_phase5_temp_ber_FIXED.py,phase5.6_calib,2026-07-27,1.0,real_bsim_ptm,simulated,False,3.2,0.045,4,4.5,11.86,25.0,,,60.0,,controlled_tattoo_stress,,digital_tattoo_message,tattoo_bit1,tattoo_bit1,1.0,26.0,,,0.2908563584681054,,False,,1,
p5_temp_phase5.6_field_26,p5_temp_fixed_chip1,mc_phase5_temp_ber_FIXED.py,phase5.6_field,2026-07-27,1.0,real_bsim_ptm,simulated,False,3.2,0.045,4,4.5,11.86,75.0,,,60.0,,controlled_tattoo_stress,,digital_tattoo_message,tattoo_bit1,tattoo_bit1,1.0,26.0,,,0.3281616683038191,,False,,1,
p5_temp_phase5.6_calib_27,p5_temp_fixed_chip1,mc_phase5_temp_ber_FIXED.py,phase5.6_calib,2026-07-27,1.0,real_bsim_ptm,simulated,False,3.2,0.045,4,4.5,11.86,25.0,,,0.0,,controlled_tattoo_stress,,digital_tattoo_message,tattoo_bit0,tattoo_bit0,0.0,27.0,,,0.7036166583247119,,False,,1,
p5_temp_phase5.6_field_27,p5_temp_fixed_chip1,mc_phase5_temp_ber_FIXED.py,phase5.6_field,2026-07-27,1.0,real_bsim_ptm,simulated,False,3.2,0.045,4,4.5,11.86,75.0,,,0.0,,controlled_tattoo_stress,,digital_tattoo_message,tattoo_bit0,tattoo_bit0,0.0,27.0,,,0.7260022267100963,,False,,1,
p5_temp_phase5.6_calib_28,p5_temp_fixed_chip1,mc_phase5_temp_ber_FIXED.py,phase5.6_calib,2026-07-27,1.0,real_bsim_ptm,simulated,False,3.2,0.045,4,4.5,11.86,25.0,,,60.0,,controlled_tattoo_stress,,digital_tattoo_message,tattoo_bit1,tattoo_bit1,1.0,28.0,,,0.19943994412735933,,False,,1,
p5_temp_phase5.6_field_28,p5_temp_fixed_chip1,mc_phase5_temp_ber_FIXED.py,phase5.6_field,2026-07-27,1.0,real_bsim_ptm,simulated,False,3.2,0.045,4,4.5,11.86,75.0,,,60.0,,controlled_tattoo_stress,,digital_tattoo_message,tattoo_bit1,tattoo_bit1,1.0,28.0,,,0.2360726542807243,,False,,1,
p5_temp_phase5.6_calib_29,p5_temp_fixed_chip1,mc_phase5_temp_ber_FIXED.py,phase5.6_calib,2026-07-27,1.0,real_bsim_ptm,simulated,False,3.2,0.045,4,4.5,11.86,25.0,,,60.0,,controlled_tattoo_stress,,digital_tattoo_message,tattoo_bit1,tattoo_bit1,1.0,29.0,,,0.2619867764263959,,False,,1,
p5_temp_phase5.6_field_29,p5_temp_fixed_chip1,mc_phase5_temp_ber_FIXED.py,phase5.6_field,2026-07-27,1.0,real_bsim_ptm,simulated,False,3.2,0.045,4,4.5,11.86,75.0,,,60.0,,controlled_tattoo_stress,,digital_tattoo_message,tattoo_bit1,tattoo_bit1,1.0,29.0,,,0.29725223286370034,,False,,1,
p5_temp_phase5.6_calib_30,p5_temp_fixed_chip1,mc_phase5_temp_ber_FIXED.py,phase5.6_calib,2026-07-27,1.0,real_bsim_ptm,simulated,False,3.2,0.045,4,4.5,11.86,25.0,,,0.0,,controlled_tattoo_stress,,digital_tattoo_message,tattoo_bit0,tattoo_bit0,0.0,30.0,,,1.3050837739597818,,False,,1,
p5_temp_phase5.6_field_30,p5_temp_fixed_chip1,mc_phase5_temp_ber_FIXED.py,phase5.6_field,2026-07-27,1.0,real_bsim_ptm,simulated,False,3.2,0.045,4,4.5,11.86,75.0,,,0.0,,controlled_tattoo_stress,,digital_tattoo_message,tattoo_bit0,tattoo_bit0,0.0,30.0,,,1.257836113451222,,False,,1,
p5_temp_phase5.6_calib_31,p5_temp_fixed_chip1,mc_phase5_temp_ber_FIXED.py,phase5.6_calib,2026-07-27,1.0,real_bsim_ptm,simulated,False,3.2,0.045,4,4.5,11.86,25.0,,,0.0,,controlled_tattoo_stress,,digital_tattoo_message,tattoo_bit0,tattoo_bit0,0.0,31.0,,,0.998595645047269,,False,,1,
p5_temp_phase5.6_field_31,p5_temp_fixed_chip1,mc_phase5_temp_ber_FIXED.py,phase5.6_field,2026-07-27,1.0,real_bsim_ptm,simulated,False,3.2,0.045,4,4.5,11.86,75.0,,,0.0,,controlled_tattoo_stress,,digital_tattoo_message,tattoo_bit0,tattoo_bit0,0.0,31.0,,,0.9919549856749383,,False,,1,
p5_temp_phase5.6_calib_32,p5_temp_fixed_chip1,mc_phase5_temp_ber_FIXED.py,phase5.6_calib,2026-07-27,1.0,real_bsim_ptm,simulated,False,3.2,0.045,4,4.5,11.86,25.0,,,60.0,,controlled_tattoo_stress,,digital_tattoo_message,tattoo_bit1,tattoo_bit1,1.0,32.0,,,0.27724135353054613,,False,,1,
p5_temp_phase5.6_field_32,p5_temp_fixed_chip1,mc_phase5_temp_ber_FIXED.py,phase5.6_field,2026-07-27,1.0,real_bsim_ptm,simulated,False,3.2,0.045,4,4.5,11.86,75.0,,,60.0,,controlled_tattoo_stress,,digital_tattoo_message,tattoo_bit1,tattoo_bit1,1.0,32.0,,,0.31297847601959633,,False,,1,
p5_temp_phase5.6_calib_33,p5_temp_fixed_chip1,mc_phase5_temp_ber_FIXED.py,phase5.6_calib,2026-07-27,1.0,real_bsim_ptm,simulated,False,3.2,0.045,4,4.5,11.86,25.0,,,60.0,,controlled_tattoo_stress,,digital_tattoo_message,tattoo_bit1,tattoo_bit1,1.0,33.0,,,0.13986533113297953,,False,,1,
p5_temp_phase5.6_field_33,p5_temp_fixed_chip1,mc_phase5_temp_ber_FIXED.py,phase5.6_field,2026-07-27,1.0,real_bsim_ptm,simulated,False,3.2,0.045,4,4.5,11.86,75.0,,,60.0,,controlled_tattoo_stress,,digital_tattoo_message,tattoo_bit1,tattoo_bit1,1.0,33.0,,,0.16964377493574895,,False,,1,
p5_temp_phase5.6_calib_34,p5_temp_fixed_chip1,mc_phase5_temp_ber_FIXED.py,phase5.6_calib,2026-07-27,1.0,real_bsim_ptm,simulated,False,3.2,0.045,4,4.5,11.86,25.0,,,0.0,,controlled_tattoo_stress,,digital_tattoo_message,tattoo_bit0,tattoo_bit0,0.0,34.0,,,0.7848756926871152,,False,,1,
p5_temp_phase5.6_field_34,p5_temp_fixed_chip1,mc_phase5_temp_ber_FIXED.py,phase5.6_field,2026-07-27,1.0,real_bsim_ptm,simulated,False,3.2,0.045,4,4.5,11.86,75.0,,,0.0,,controlled_tattoo_stress,,digital_tattoo_message,tattoo_bit0,tattoo_bit0,0.0,34.0,,,0.792094704803269,,False,,1,
p5_temp_phase5.6_calib_35,p5_temp_fixed_chip1,mc_phase5_temp_ber_FIXED.py,phase5.6_calib,2026-07-27,1.0,real_bsim_ptm,simulated,False,3.2,0.045,4,4.5,11.86,25.0,,,0.0,,controlled_tattoo_stress,,digital_tattoo_message,tattoo_bit0,tattoo_bit0,0.0,35.0,,,1.4139004710074832,,False,,1,
p5_temp_phase5.6_field_35,p5_temp_fixed_chip1,mc_phase5_temp_ber_FIXED.py,phase5.6_field,2026-07-27,1.0,real_bsim_ptm,simulated,False,3.2,0.045,4,4.5,11.86,75.0,,,0.0,,controlled_tattoo_stress,,digital_tattoo_message,tattoo_bit0,tattoo_bit0,0.0,35.0,,,1.3467361222212142,,False,,1,
p5_temp_phase5.6_calib_36,p5_temp_fixed_chip1,mc_phase5_temp_ber_FIXED.py,phase5.6_calib,2026-07-27,1.0,real_bsim_ptm,simulated,False,3.2,0.045,4,4.5,11.86,25.0,,,0.0,,controlled_tattoo_stress,,digital_tattoo_message,tattoo_bit0,tattoo_bit0,0.0,36.0,,,1.3661968438362986,,False,,1,
p5_temp_phase5.6_field_36,p5_temp_fixed_chip1,mc_phase5_temp_ber_FIXED.py,phase5.6_field,2026-07-27,1.0,real_bsim_ptm,simulated,False,3.2,0.045,4,4.5,11.86,75.0,,,0.0,,controlled_tattoo_stress,,digital_tattoo_message,tattoo_bit0,tattoo_bit0,0.0,36.0,,,1.2987297339478607,,False,,1,
p5_temp_phase5.6_calib_37,p5_temp_fixed_chip1,mc_phase5_temp_ber_FIXED.py,phase5.6_calib,2026-07-27,1.0,real_bsim_ptm,simulated,False,3.2,0.045,4,4.5,11.86,25.0,,,0.0,,controlled_tattoo_stress,,digital_tattoo_message,tattoo_bit0,tattoo_bit0,0.0,37.0,,,1.0696646800905072,,False,,1,
p5_temp_phase5.6_field_37,p5_temp_fixed_chip1,mc_phase5_temp_ber_FIXED.py,phase5.6_field,2026-07-27,1.0,real_bsim_ptm,simulated,False,3.2,0.045,4,4.5,11.86,75.0,,,0.0,,controlled_tattoo_stress,,digital_tattoo_message,tattoo_bit0,tattoo_bit0,0.0,37.0,,,1.06053453276424,,False,,1,
p5_temp_phase5.6_calib_38,p5_temp_fixed_chip1,mc_phase5_temp_ber_FIXED.py,phase5.6_calib,2026-07-27,1.0,real_bsim_ptm,simulated,False,3.2,0.045,4,4.5,11.86,25.0,,,60.0,,controlled_tattoo_stress,,digital_tattoo_message,tattoo_bit1,tattoo_bit1,1.0,38.0,,,0.17587540805417878,,False,,1,
p5_temp_phase5.6_field_38,p5_temp_fixed_chip1,mc_phase5_temp_ber_FIXED.py,phase5.6_field,2026-07-27,1.0,real_bsim_ptm,simulated,False,3.2,0.045,4,4.5,11.86,75.0,,,60.0,,controlled_tattoo_stress,,digital_tattoo_message,tattoo_bit1,tattoo_bit1,1.0,38.0,,,0.20944351213759888,,False,,1,
p5_temp_phase5.6_calib_39,p5_temp_fixed_chip1,mc_phase5_temp_ber_FIXED.py,phase5.6_calib,2026-07-27,1.0,real_bsim_ptm,simulated,False,3.2,0.045,4,4.5,11.86,25.0,,,60.0,,controlled_tattoo_stress,,digital_tattoo_message,tattoo_bit1,tattoo_bit1,1.0,39.0,,,0.36776411161220945,,False,,1,
p5_temp_phase5.6_field_39,p5_temp_fixed_chip1,mc_phase5_temp_ber_FIXED.py,phase5.6_field,2026-07-27,1.0,real_bsim_ptm,simulated,False,3.2,0.045,4,4.5,11.86,75.0,,,60.0,,controlled_tattoo_stress,,digital_tattoo_message,tattoo_bit1,tattoo_bit1,1.0,39.0,,,0.40700284434755435,,False,,1,
p5_temp_phase5.6_calib_40,p5_temp_fixed_chip1,mc_phase5_temp_ber_FIXED.py,phase5.6_calib,2026-07-27,1.0,real_bsim_ptm,simulated,False,3.2,0.045,4,4.5,11.86,25.0,,,0.0,,controlled_tattoo_stress,,digital_tattoo_message,tattoo_bit0,tattoo_bit0,0.0,40.0,,,0.9367690707709351,,False,,1,
p5_temp_phase5.6_field_40,p5_temp_fixed_chip1,mc_phase5_temp_ber_FIXED.py,phase5.6_field,2026-07-27,1.0,real_bsim_ptm,simulated,False,3.2,0.045,4,4.5,11.86,75.0,,,0.0,,controlled_tattoo_stress,,digital_tattoo_message,tattoo_bit0,tattoo_bit0,0.0,40.0,,,0.9341016932659526,,False,,1,
p5_temp_phase5.6_calib_41,p5_temp_fixed_chip1,mc_phase5_temp_ber_FIXED.py,phase5.6_calib,2026-07-27,1.0,real_bsim_ptm,simulated,False,3.2,0.045,4,4.5,11.86,25.0,,,60.0,,controlled_tattoo_stress,,digital_tattoo_message,tattoo_bit1,tattoo_bit1,1.0,41.0,,,0.1687590153238482,,False,,1,
p5_temp_phase5.6_field_41,p5_temp_fixed_chip1,mc_phase5_temp_ber_FIXED.py,phase5.6_field,2026-07-27,1.0,real_bsim_ptm,simulated,False,3.2,0.045,4,4.5,11.86,75.0,,,60.0,,controlled_tattoo_stress,,digital_tattoo_message,tattoo_bit1,tattoo_bit1,1.0,41.0,,,0.20175103569216526,,False,,1,
p5_temp_phase5.6_calib_42,p5_temp_fixed_chip1,mc_phase5_temp_ber_FIXED.py,phase5.6_calib,2026-07-27,1.0,real_bsim_ptm,simulated,False,3.2,0.045,4,4.5,11.86,25.0,,,0.0,,controlled_tattoo_stress,,digital_tattoo_message,tattoo_bit0,tattoo_bit0,0.0,42.0,,,1.1309629673927282,,False,,1,
p5_temp_phase5.6_field_42,p5_temp_fixed_chip1,mc_phase5_temp_ber_FIXED.py,phase5.6_field,2026-07-27,1.0,real_bsim_ptm,simulated,False,3.2,0.045,4,4.5,11.86,75.0,,,0.0,,controlled_tattoo_stress,,digital_tattoo_message,tattoo_bit0,tattoo_bit0,0.0,42.0,,,1.1003249805429716,,False,,1,
p5_temp_phase5.6_calib_43,p5_temp_fixed_chip1,mc_phase5_temp_ber_FIXED.py,phase5.6_calib,2026-07-27,1.0,real_bsim_ptm,simulated,False,3.2,0.045,4,4.5,11.86,25.0,,,60.0,,controlled_tattoo_stress,,digital_tattoo_message,tattoo_bit1,tattoo_bit1,1.0,43.0,,,0.1788665954755859,,False,,1,
p5_temp_phase5.6_field_43,p5_temp_fixed_chip1,mc_phase5_temp_ber_FIXED.py,phase5.6_field,2026-07-27,1.0,real_bsim_ptm,simulated,False,3.2,0.045,4,4.5,11.86,75.0,,,60.0,,controlled_tattoo_stress,,digital_tattoo_message,tattoo_bit1,tattoo_bit1,1.0,43.0,,,0.21285115205275143,,False,,1,
p5_temp_phase5.6_calib_44,p5_temp_fixed_chip1,mc_phase5_temp_ber_FIXED.py,phase5.6_calib,2026-07-27,1.0,real_bsim_ptm,simulated,False,3.2,0.045,4,4.5,11.86,25.0,,,60.0,,controlled_tattoo_stress,,digital_tattoo_message,tattoo_bit1,tattoo_bit1,1.0,44.0,,,0.20733467253782056,,False,,1,
p5_temp_phase5.6_field_44,p5_temp_fixed_chip1,mc_phase5_temp_ber_FIXED.py,phase5.6_field,2026-07-27,1.0,real_bsim_ptm,simulated,False,3.2,0.045,4,4.5,11.86,75.0,,,60.0,,controlled_tattoo_stress,,digital_tattoo_message,tattoo_bit1,tattoo_bit1,1.0,44.0,,,0.24319001890532316,,False,,1,
p5_temp_phase5.6_calib_45,p5_temp_fixed_chip1,mc_phase5_temp_ber_FIXED.py,phase5.6_calib,2026-07-27,1.0,real_bsim_ptm,simulated,False,3.2,0.045,4,4.5,11.86,25.0,,,60.0,,controlled_tattoo_stress,,digital_tattoo_message,tattoo_bit1,tattoo_bit1,1.0,45.0,,,0.2130039849608576,,False,,1,
p5_temp_phase5.6_field_45,p5_temp_fixed_chip1,mc_phase5_temp_ber_FIXED.py,phase5.6_field,2026-07-27,1.0,real_bsim_ptm,simulated,False,3.2,0.045,4,4.5,11.86,75.0,,,60.0,,controlled_tattoo_stress,,digital_tattoo_message,tattoo_bit1,tattoo_bit1,1.0,45.0,,,0.24923726322283946,,False,,1,
p5_temp_phase5.6_calib_46,p5_temp_fixed_chip1,mc_phase5_temp_ber_FIXED.py,phase5.6_calib,2026-07-27,1.0,real_bsim_ptm,simulated,False,3.2,0.045,4,4.5,11.86,25.0,,,60.0,,controlled_tattoo_stress,,digital_tattoo_message,tattoo_bit1,tattoo_bit1,1.0,46.0,,,0.15519830158489287,,False,,1,
p5_temp_phase5.6_field_46,p5_temp_fixed_chip1,mc_phase5_temp_ber_FIXED.py,phase5.6_field,2026-07-27,1.0,real_bsim_ptm,simulated,False,3.2,0.045,4,4.5,11.86,75.0,,,60.0,,controlled_tattoo_stress,,digital_tattoo_message,tattoo_bit1,tattoo_bit1,1.0,46.0,,,0.1856449164902138,,False,,1,
p5_temp_phase5.6_calib_47,p5_temp_fixed_chip1,mc_phase5_temp_ber_FIXED.py,phase5.6_calib,2026-07-27,1.0,real_bsim_ptm,simulated,False,3.2,0.045,4,4.5,11.86,25.0,,,60.0,,controlled_tattoo_stress,,digital_tattoo_message,tattoo_bit1,tattoo_bit1,1.0,47.0,,,0.17542416015986903,,False,,1,
p5_temp_phase5.6_field_47,p5_temp_fixed_chip1,mc_phase5_temp_ber_FIXED.py,phase5.6_field,2026-07-27,1.0,real_bsim_ptm,simulated,False,3.2,0.045,4,4.5,11.86,75.0,,,60.0,,controlled_tattoo_stress,,digital_tattoo_message,tattoo_bit1,tattoo_bit1,1.0,47.0,,,0.20667509846680548,,False,,1,
p5_temp_phase5.6_calib_48,p5_temp_fixed_chip1,mc_phase5_temp_ber_FIXED.py,phase5.6_calib,2026-07-27,1.0,real_bsim_ptm,simulated,False,3.2,0.045,4,4.5,11.86,25.0,,,0.0,,controlled_tattoo_stress,,digital_tattoo_message,tattoo_bit0,tattoo_bit0,0.0,48.0,,,1.9024121029105818,,False,,1,
p5_temp_phase5.6_field_48,p5_temp_fixed_chip1,mc_phase5_temp_ber_FIXED.py,phase5.6_field,2026-07-27,1.0,real_bsim_ptm,simulated,False,3.2,0.045,4,4.5,11.86,75.0,,,0.0,,controlled_tattoo_stress,,digital_tattoo_message,tattoo_bit0,tattoo_bit0,0.0,48.0,,,1.7512232940730632,,False,,1,
p5_temp_phase5.6_calib_49,p5_temp_fixed_chip1,mc_phase5_temp_ber_FIXED.py,phase5.6_calib,2026-07-27,1.0,real_bsim_ptm,simulated,False,3.2,0.045,4,4.5,11.86,25.0,,,0.0,,controlled_tattoo_stress,,digital_tattoo_message,tattoo_bit0,tattoo_bit0,0.0,49.0,,,0.9143699661452356,,False,,1,
p5_temp_phase5.6_field_49,p5_temp_fixed_chip1,mc_phase5_temp_ber_FIXED.py,phase5.6_field,2026-07-27,1.0,real_bsim_ptm,simulated,False,3.2,0.045,4,4.5,11.86,75.0,,,0.0,,controlled_tattoo_stress,,digital_tattoo_message,tattoo_bit0,tattoo_bit0,0.0,49.0,,,0.9170884780576328,,False,,1,
p5_temp_phase5.6_calib_50,p5_temp_fixed_chip1,mc_phase5_temp_ber_FIXED.py,phase5.6_calib,2026-07-27,1.0,real_bsim_ptm,simulated,False,3.2,0.045,4,4.5,11.86,25.0,,,60.0,,controlled_tattoo_stress,,digital_tattoo_message,tattoo_bit1,tattoo_bit1,1.0,50.0,,,0.24742228769551983,,False,,1,
p5_temp_phase5.6_field_50,p5_temp_fixed_chip1,mc_phase5_temp_ber_FIXED.py,phase5.6_field,2026-07-27,1.0,real_bsim_ptm,simulated,False,3.2,0.045,4,4.5,11.86,75.0,,,60.0,,controlled_tattoo_stress,,digital_tattoo_message,tattoo_bit1,tattoo_bit1,1.0,50.0,,,0.2814633527780528,,False,,1,
p5_temp_phase5.6_calib_51,p5_temp_fixed_chip1,mc_phase5_temp_ber_FIXED.py,phase5.6_calib,2026-07-27,1.0,real_bsim_ptm,simulated,False,3.2,0.045,4,4.5,11.86,25.0,,,0.0,,controlled_tattoo_stress,,digital_tattoo_message,tattoo_bit0,tattoo_bit0,0.0,51.0,,,1.2537885152411896,,False,,1,
p5_temp_phase5.6_field_51,p5_temp_fixed_chip1,mc_phase5_temp_ber_FIXED.py,phase5.6_field,2026-07-27,1.0,real_bsim_ptm,simulated,False,3.2,0.045,4,4.5,11.86,75.0,,,0.0,,controlled_tattoo_stress,,digital_tattoo_message,tattoo_bit0,tattoo_bit0,0.0,51.0,,,1.2196022344915338,,False,,1,
p5_temp_phase5.6_calib_52,p5_temp_fixed_chip1,mc_phase5_temp_ber_FIXED.py,phase5.6_calib,2026-07-27,1.0,real_bsim_ptm,simulated,False,3.2,0.045,4,4.5,11.86,25.0,,,0.0,,controlled_tattoo_stress,,digital_tattoo_message,tattoo_bit0,tattoo_bit0,0.0,52.0,,,1.0576291347170028,,False,,1,
p5_temp_phase5.6_field_52,p5_temp_fixed_chip1,mc_phase5_temp_ber_FIXED.py,phase5.6_field,2026-07-27,1.0,real_bsim_ptm,simulated,False,3.2,0.045,4,4.5,11.86,75.0,,,0.0,,controlled_tattoo_stress,,digital_tattoo_message,tattoo_bit0,tattoo_bit0,0.0,52.0,,,1.0436177611756747,,False,,1,
p5_temp_phase5.6_calib_53,p5_temp_fixed_chip1,mc_phase5_temp_ber_FIXED.py,phase5.6_calib,2026-07-27,1.0,real_bsim_ptm,simulated,False,3.2,0.045,4,4.5,11.86,25.0,,,0.0,,controlled_tattoo_stress,,digital_tattoo_message,tattoo_bit0,tattoo_bit0,0.0,53.0,,,1.0236157987623473,,False,,1,
p5_temp_phase5.6_field_53,p5_temp_fixed_chip1,mc_phase5_temp_ber_FIXED.py,phase5.6_field,2026-07-27,1.0,real_bsim_ptm,simulated,False,3.2,0.045,4,4.5,11.86,75.0,,,0.0,,controlled_tattoo_stress,,digital_tattoo_message,tattoo_bit0,tattoo_bit0,0.0,53.0,,,1.0171028007445342,,False,,1,
p5_temp_phase5.6_calib_54,p5_temp_fixed_chip1,mc_phase5_temp_ber_FIXED.py,phase5.6_calib,2026-07-27,1.0,real_bsim_ptm,simulated,False,3.2,0.045,4,4.5,11.86,25.0,,,0.0,,controlled_tattoo_stress,,digital_tattoo_message,tattoo_bit0,tattoo_bit0,0.0,54.0,,,1.0054292873587536,,False,,1,
p5_temp_phase5.6_field_54,p5_temp_fixed_chip1,mc_phase5_temp_ber_FIXED.py,phase5.6_field,2026-07-27,1.0,real_bsim_ptm,simulated,False,3.2,0.045,4,4.5,11.86,75.0,,,0.0,,controlled_tattoo_stress,,digital_tattoo_message,tattoo_bit0,tattoo_bit0,0.0,54.0,,,1.0013338720831784,,False,,1,
p5_temp_phase5.6_calib_55,p5_temp_fixed_chip1,mc_phase5_temp_ber_FIXED.py,phase5.6_calib,2026-07-27,1.0,real_bsim_ptm,simulated,False,3.2,0.045,4,4.5,11.86,25.0,,,0.0,,controlled_tattoo_stress,,digital_tattoo_message,tattoo_bit0,tattoo_bit0,0.0,55.0,,,1.3673825723144617,,False,,1,
p5_temp_phase5.6_field_55,p5_temp_fixed_chip1,mc_phase5_temp_ber_FIXED.py,phase5.6_field,2026-07-27,1.0,real_bsim_ptm,simulated,False,3.2,0.045,4,4.5,11.86,75.0,,,0.0,,controlled_tattoo_stress,,digital_tattoo_message,tattoo_bit0,tattoo_bit0,0.0,55.0,,,1.3171123691812576,,False,,1,
p5_temp_phase5.6_calib_56,p5_temp_fixed_chip1,mc_phase5_temp_ber_FIXED.py,phase5.6_calib,2026-07-27,1.0,real_bsim_ptm,simulated,False,3.2,0.045,4,4.5,11.86,25.0,,,0.0,,controlled_tattoo_stress,,digital_tattoo_message,tattoo_bit0,tattoo_bit0,0.0,56.0,,,1.0776952586750093,,False,,1,
p5_temp_phase5.6_field_56,p5_temp_fixed_chip1,mc_phase5_temp_ber_FIXED.py,phase5.6_field,2026-07-27,1.0,real_bsim_ptm,simulated,False,3.2,0.045,4,4.5,11.86,75.0,,,0.0,,controlled_tattoo_stress,,digital_tattoo_message,tattoo_bit0,tattoo_bit0,0.0,56.0,,,1.0632560643121858,,False,,1,
p5_temp_phase5.6_calib_57,p5_temp_fixed_chip1,mc_phase5_temp_ber_FIXED.py,phase5.6_calib,2026-07-27,1.0,real_bsim_ptm,simulated,False,3.2,0.045,4,4.5,11.86,25.0,,,0.0,,controlled_tattoo_stress,,digital_tattoo_message,tattoo_bit0,tattoo_bit0,0.0,57.0,,,0.9628840218752646,,False,,1,
p5_temp_phase5.6_field_57,p5_temp_fixed_chip1,mc_phase5_temp_ber_FIXED.py,phase5.6_field,2026-07-27,1.0,real_bsim_ptm,simulated,False,3.2,0.045,4,4.5,11.86,75.0,,,0.0,,controlled_tattoo_stress,,digital_tattoo_message,tattoo_bit0,tattoo_bit0,0.0,57.0,,,0.9554190885116421,,False,,1,
p5_temp_phase5.6_calib_58,p5_temp_fixed_chip1,mc_phase5_temp_ber_FIXED.py,phase5.6_calib,2026-07-27,1.0,real_bsim_ptm,simulated,False,3.2,0.045,4,4.5,11.86,25.0,,,60.0,,controlled_tattoo_stress,,digital_tattoo_message,tattoo_bit1,tattoo_bit1,1.0,58.0,,,0.2800875378901761,,False,,1,
p5_temp_phase5.6_field_58,p5_temp_fixed_chip1,mc_phase5_temp_ber_FIXED.py,phase5.6_field,2026-07-27,1.0,real_bsim_ptm,simulated,False,3.2,0.045,4,4.5,11.86,75.0,,,60.0,,controlled_tattoo_stress,,digital_tattoo_message,tattoo_bit1,tattoo_bit1,1.0,58.0,,,0.3180395243228571,,False,,1,
p5_temp_phase5.6_calib_59,p5_temp_fixed_chip1,mc_phase5_temp_ber_FIXED.py,phase5.6_calib,2026-07-27,1.0,real_bsim_ptm,simulated,False,3.2,0.045,4,4.5,11.86,25.0,,,0.0,,controlled_tattoo_stress,,digital_tattoo_message,tattoo_bit0,tattoo_bit0,0.0,59.0,,,1.147705582677434,,False,,1,
p5_temp_phase5.6_field_59,p5_temp_fixed_chip1,mc_phase5_temp_ber_FIXED.py,phase5.6_field,2026-07-27,1.0,real_bsim_ptm,simulated,False,3.2,0.045,4,4.5,11.86,75.0,,,0.0,,controlled_tattoo_stress,,digital_tattoo_message,tattoo_bit0,tattoo_bit0,0.0,59.0,,,1.1203492442350467,,False,,1,
p5_temp_phase5.6_calib_60,p5_temp_fixed_chip1,mc_phase5_temp_ber_FIXED.py,phase5.6_calib,2026-07-27,1.0,real_bsim_ptm,simulated,False,3.2,0.045,4,4.5,11.86,25.0,,,0.0,,controlled_tattoo_stress,,digital_tattoo_message,tattoo_bit0,tattoo_bit0,0.0,60.0,,,1.49899992067128,,False,,1,
p5_temp_phase5.6_field_60,p5_temp_fixed_chip1,mc_phase5_temp_ber_FIXED.py,phase5.6_field,2026-07-27,1.0,real_bsim_ptm,simulated,False,3.2,0.045,4,4.5,11.86,75.0,,,0.0,,controlled_tattoo_stress,,digital_tattoo_message,tattoo_bit0,tattoo_bit0,0.0,60.0,,,1.4309345130824225,,False,,1,
p5_temp_phase5.6_calib_61,p5_temp_fixed_chip1,mc_phase5_temp_ber_FIXED.py,phase5.6_calib,2026-07-27,1.0,real_bsim_ptm,simulated,False,3.2,0.045,4,4.5,11.86,25.0,,,60.0,,controlled_tattoo_stress,,digital_tattoo_message,tattoo_bit1,tattoo_bit1,1.0,61.0,,,0.25779683392851493,,False,,1,
p5_temp_phase5.6_field_61,p5_temp_fixed_chip1,mc_phase5_temp_ber_FIXED.py,phase5.6_field,2026-07-27,1.0,real_bsim_ptm,simulated,False,3.2,0.045,4,4.5,11.86,75.0,,,60.0,,controlled_tattoo_stress,,digital_tattoo_message,tattoo_bit1,tattoo_bit1,1.0,61.0,,,0.29574519138775435,,False,,1,
p5_temp_phase5.6_calib_62,p5_temp_fixed_chip1,mc_phase5_temp_ber_FIXED.py,phase5.6_calib,2026-07-27,1.0,real_bsim_ptm,simulated,False,3.2,0.045,4,4.5,11.86,25.0,,,0.0,,controlled_tattoo_stress,,digital_tattoo_message,tattoo_bit0,tattoo_bit0,0.0,62.0,,,1.2266059216591203,,False,,1,
p5_temp_phase5.6_field_62,p5_temp_fixed_chip1,mc_phase5_temp_ber_FIXED.py,phase5.6_field,2026-07-27,1.0,real_bsim_ptm,simulated,False,3.2,0.045,4,4.5,11.86,75.0,,,0.0,,controlled_tattoo_stress,,digital_tattoo_message,tattoo_bit0,tattoo_bit0,0.0,62.0,,,1.1877415382377245,,False,,1,
p5_temp_phase5.6_calib_63,p5_temp_fixed_chip1,mc_phase5_temp_ber_FIXED.py,phase5.6_calib,2026-07-27,1.0,real_bsim_ptm,simulated,False,3.2,0.045,4,4.5,11.86,25.0,,,0.0,,controlled_tattoo_stress,,digital_tattoo_message,tattoo_bit0,tattoo_bit0,0.0,63.0,,,1.4652745245234047,,False,,1,
p5_temp_phase5.6_field_63,p5_temp_fixed_chip1,mc_phase5_temp_ber_FIXED.py,phase5.6_field,2026-07-27,1.0,real_bsim_ptm,simulated,False,3.2,0.045,4,4.5,11.86,75.0,,,0.0,,controlled_tattoo_stress,,digital_tattoo_message,tattoo_bit0,tattoo_bit0,0.0,63.0,,,1.3916851976210345,,False,,1,
p5_temp_phase5.6_calib_64,p5_temp_fixed_chip1,mc_phase5_temp_ber_FIXED.py,phase5.6_calib,2026-07-27,1.0,real_bsim_ptm,simulated,False,3.2,0.045,4,4.5,11.86,25.0,,,60.0,,controlled_tattoo_stress,,digital_tattoo_message,tattoo_bit1,tattoo_bit1,1.0,64.0,,,0.25929934182638975,,False,,1,
p5_temp_phase5.6_field_64,p5_temp_fixed_chip1,mc_phase5_temp_ber_FIXED.py,phase5.6_field,2026-07-27,1.0,real_bsim_ptm,simulated,False,3.2,0.045,4,4.5,11.86,75.0,,,60.0,,controlled_tattoo_stress,,digital_tattoo_message,tattoo_bit1,tattoo_bit1,1.0,64.0,,,0.296722094964843,,False,,1,
p5_temp_phase5.6_calib_65,p5_temp_fixed_chip1,mc_phase5_temp_ber_FIXED.py,phase5.6_calib,2026-07-27,1.0,real_bsim_ptm,simulated,False,3.2,0.045,4,4.5,11.86,25.0,,,0.0,,controlled_tattoo_stress,,digital_tattoo_message,tattoo_bit0,tattoo_bit0,0.0,65.0,,,0.8481798409788244,,False,,1,
p5_temp_phase5.6_field_65,p5_temp_fixed_chip1,mc_phase5_temp_ber_FIXED.py,phase5.6_field,2026-07-27,1.0,real_bsim_ptm,simulated,False,3.2,0.045,4,4.5,11.86,75.0,,,0.0,,controlled_tattoo_stress,,digital_tattoo_message,tattoo_bit0,tattoo_bit0,0.0,65.0,,,0.8575492409695935,,False,,1,
p5_temp_phase5.6_calib_66,p5_temp_fixed_chip1,mc_phase5_temp_ber_FIXED.py,phase5.6_calib,2026-07-27,1.0,real_bsim_ptm,simulated,False,3.2,0.045,4,4.5,11.86,25.0,,,60.0,,controlled_tattoo_stress,,digital_tattoo_message,tattoo_bit1,tattoo_bit1,1.0,66.0,,,0.24254783734954533,,False,,1,
p5_temp_phase5.6_field_66,p5_temp_fixed_chip1,mc_phase5_temp_ber_FIXED.py,phase5.6_field,2026-07-27,1.0,real_bsim_ptm,simulated,False,3.2,0.045,4,4.5,11.86,75.0,,,60.0,,controlled_tattoo_stress,,digital_tattoo_message,tattoo_bit1,tattoo_bit1,1.0,66.0,,,0.27705462033628414,,False,,1,
p5_temp_phase5.6_calib_67,p5_temp_fixed_chip1,mc_phase5_temp_ber_FIXED.py,phase5.6_calib,2026-07-27,1.0,real_bsim_ptm,simulated,False,3.2,0.045,4,4.5,11.86,25.0,,,0.0,,controlled_tattoo_stress,,digital_tattoo_message,tattoo_bit0,tattoo_bit0,0.0,67.0,,,1.359330013566159,,False,,1,
p5_temp_phase5.6_field_67,p5_temp_fixed_chip1,mc_phase5_temp_ber_FIXED.py,phase5.6_field,2026-07-27,1.0,real_bsim_ptm,simulated,False,3.2,0.045,4,4.5,11.86,75.0,,,0.0,,controlled_tattoo_stress,,digital_tattoo_message,tattoo_bit0,tattoo_bit0,0.0,67.0,,,1.3081978572906756,,False,,1,
p5_temp_phase5.6_calib_68,p5_temp_fixed_chip1,mc_phase5_temp_ber_FIXED.py,phase5.6_calib,2026-07-27,1.0,real_bsim_ptm,simulated,False,3.2,0.045,4,4.5,11.86,25.0,,,60.0,,controlled_tattoo_stress,,digital_tattoo_message,tattoo_bit1,tattoo_bit1,1.0,68.0,,,0.2758060614470896,,False,,1,
p5_temp_phase5.6_field_68,p5_temp_fixed_chip1,mc_phase5_temp_ber_FIXED.py,phase5.6_field,2026-07-27,1.0,real_bsim_ptm,simulated,False,3.2,0.045,4,4.5,11.86,75.0,,,60.0,,controlled_tattoo_stress,,digital_tattoo_message,tattoo_bit1,tattoo_bit1,1.0,68.0,,,0.31375164169117886,,False,,1,
p5_temp_phase5.6_calib_69,p5_temp_fixed_chip1,mc_phase5_temp_ber_FIXED.py,phase5.6_calib,2026-07-27,1.0,real_bsim_ptm,simulated,False,3.2,0.045,4,4.5,11.86,25.0,,,0.0,,controlled_tattoo_stress,,digital_tattoo_message,tattoo_bit0,tattoo_bit0,0.0,69.0,,,0.6871566664005464,,False,,1,
p5_temp_phase5.6_field_69,p5_temp_fixed_chip1,mc_phase5_temp_ber_FIXED.py,phase5.6_field,2026-07-27,1.0,real_bsim_ptm,simulated,False,3.2,0.045,4,4.5,11.86,75.0,,,0.0,,controlled_tattoo_stress,,digital_tattoo_message,tattoo_bit0,tattoo_bit0,0.0,69.0,,,0.7109637511795286,,False,,1,
p5_temp_phase5.6_calib_70,p5_temp_fixed_chip1,mc_phase5_temp_ber_FIXED.py,phase5.6_calib,2026-07-27,1.0,real_bsim_ptm,simulated,False,3.2,0.045,4,4.5,11.86,25.0,,,60.0,,controlled_tattoo_stress,,digital_tattoo_message,tattoo_bit1,tattoo_bit1,1.0,70.0,,,0.23121472266975707,,False,,1,
p5_temp_phase5.6_field_70,p5_temp_fixed_chip1,mc_phase5_temp_ber_FIXED.py,phase5.6_field,2026-07-27,1.0,real_bsim_ptm,simulated,False,3.2,0.045,4,4.5,11.86,75.0,,,60.0,,controlled_tattoo_stress,,digital_tattoo_message,tattoo_bit1,tattoo_bit1,1.0,70.0,,,0.26677298312779574,,False,,1,
p5_temp_phase5.6_calib_71,p5_temp_fixed_chip1,mc_phase5_temp_ber_FIXED.py,phase5.6_calib,2026-07-27,1.0,real_bsim_ptm,simulated,False,3.2,0.045,4,4.5,11.86,25.0,,,60.0,,controlled_tattoo_stress,,digital_tattoo_message,tattoo_bit1,tattoo_bit1,1.0,71.0,,,0.24117574145035006,,False,,1,
p5_temp_phase5.6_field_71,p5_temp_fixed_chip1,mc_phase5_temp_ber_FIXED.py,phase5.6_field,2026-07-27,1.0,real_bsim_ptm,simulated,False,3.2,0.045,4,4.5,11.86,75.0,,,60.0,,controlled_tattoo_stress,,digital_tattoo_message,tattoo_bit1,tattoo_bit1,1.0,71.0,,,0.2798548326376449,,False,,1,
p5_temp_phase5.6_calib_72,p5_temp_fixed_chip1,mc_phase5_temp_ber_FIXED.py,phase5.6_calib,2026-07-27,1.0,real_bsim_ptm,simulated,False,3.2,0.045,4,4.5,11.86,25.0,,,60.0,,controlled_tattoo_stress,,digital_tattoo_message,tattoo_bit1,tattoo_bit1,1.0,72.0,,,0.246978241888424,,False,,1,
p5_temp_phase5.6_field_72,p5_temp_fixed_chip1,mc_phase5_temp_ber_FIXED.py,phase5.6_field,2026-07-27,1.0,real_bsim_ptm,simulated,False,3.2,0.045,4,4.5,11.86,75.0,,,60.0,,controlled_tattoo_stress,,digital_tattoo_message,tattoo_bit1,tattoo_bit1,1.0,72.0,,,0.28391968187251715,,False,,1,
p5_temp_phase5.6_calib_73,p5_temp_fixed_chip1,mc_phase5_temp_ber_FIXED.py,phase5.6_calib,2026-07-27,1.0,real_bsim_ptm,simulated,False,3.2,0.045,4,4.5,11.86,25.0,,,0.0,,controlled_tattoo_stress,,digital_tattoo_message,tattoo_bit0,tattoo_bit0,0.0,73.0,,,1.2277802169173064,,False,,1,
p5_temp_phase5.6_field_73,p5_temp_fixed_chip1,mc_phase5_temp_ber_FIXED.py,phase5.6_field,2026-07-27,1.0,real_bsim_ptm,simulated,False,3.2,0.045,4,4.5,11.86,75.0,,,0.0,,controlled_tattoo_stress,,digital_tattoo_message,tattoo_bit0,tattoo_bit0,0.0,73.0,,,1.1910545600336828,,False,,1,
p5_temp_phase5.6_calib_74,p5_temp_fixed_chip1,mc_phase5_temp_ber_FIXED.py,phase5.6_calib,2026-07-27,1.0,real_bsim_ptm,simulated,False,3.2,0.045,4,4.5,11.86,25.0,,,0.0,,controlled_tattoo_stress,,digital_tattoo_message,tattoo_bit0,tattoo_bit0,0.0,74.0,,,0.7975913459485554,,False,,1,
p5_temp_phase5.6_field_74,p5_temp_fixed_chip1,mc_phase5_temp_ber_FIXED.py,phase5.6_field,2026-07-27,1.0,real_bsim_ptm,simulated,False,3.2,0.045,4,4.5,11.86,75.0,,,0.0,,controlled_tattoo_stress,,digital_tattoo_message,tattoo_bit0,tattoo_bit0,0.0,74.0,,,0.8113381580834689,,False,,1,
p5_temp_phase5.6_calib_75,p5_temp_fixed_chip1,mc_phase5_temp_ber_FIXED.py,phase5.6_calib,2026-07-27,1.0,real_bsim_ptm,simulated,False,3.2,0.045,4,4.5,11.86,25.0,,,60.0,,controlled_tattoo_stress,,digital_tattoo_message,tattoo_bit1,tattoo_bit1,1.0,75.0,,,0.2531128085603201,,False,,1,
p5_temp_phase5.6_field_75,p5_temp_fixed_chip1,mc_phase5_temp_ber_FIXED.py,phase5.6_field,2026-07-27,1.0,real_bsim_ptm,simulated,False,3.2,0.045,4,4.5,11.86,75.0,,,60.0,,controlled_tattoo_stress,,digital_tattoo_message,tattoo_bit1,tattoo_bit1,1.0,75.0,,,0.29055824571370015,,False,,1,
p5_temp_phase5.6_calib_76,p5_temp_fixed_chip1,mc_phase5_temp_ber_FIXED.py,phase5.6_calib,2026-07-27,1.0,real_bsim_ptm,simulated,False,3.2,0.045,4,4.5,11.86,25.0,,,60.0,,controlled_tattoo_stress,,digital_tattoo_message,tattoo_bit1,tattoo_bit1,1.0,76.0,,,0.28085874081288426,,False,,1,
p5_temp_phase5.6_field_76,p5_temp_fixed_chip1,mc_phase5_temp_ber_FIXED.py,phase5.6_field,2026-07-27,1.0,real_bsim_ptm,simulated,False,3.2,0.045,4,4.5,11.86,75.0,,,60.0,,controlled_tattoo_stress,,digital_tattoo_message,tattoo_bit1,tattoo_bit1,1.0,76.0,,,0.31687507510609203,,False,,1,
p5_temp_phase5.6_calib_77,p5_temp_fixed_chip1,mc_phase5_temp_ber_FIXED.py,phase5.6_calib,2026-07-27,1.0,real_bsim_ptm,simulated,False,3.2,0.045,4,4.5,11.86,25.0,,,0.0,,controlled_tattoo_stress,,digital_tattoo_message,tattoo_bit0,tattoo_bit0,0.0,77.0,,,1.0383089773602465,,False,,1,
p5_temp_phase5.6_field_77,p5_temp_fixed_chip1,mc_phase5_temp_ber_FIXED.py,phase5.6_field,2026-07-27,1.0,real_bsim_ptm,simulated,False,3.2,0.045,4,4.5,11.86,75.0,,,0.0,,controlled_tattoo_stress,,digital_tattoo_message,tattoo_bit0,tattoo_bit0,0.0,77.0,,,1.030994080720582,,False,,1,
p5_temp_phase5.6_calib_78,p5_temp_fixed_chip1,mc_phase5_temp_ber_FIXED.py,phase5.6_calib,2026-07-27,1.0,real_bsim_ptm,simulated,False,3.2,0.045,4,4.5,11.86,25.0,,,60.0,,controlled_tattoo_stress,,digital_tattoo_message,tattoo_bit1,tattoo_bit1,1.0,78.0,,,0.2831407025133112,,False,,1,
p5_temp_phase5.6_field_78,p5_temp_fixed_chip1,mc_phase5_temp_ber_FIXED.py,phase5.6_field,2026-07-27,1.0,real_bsim_ptm,simulated,False,3.2,0.045,4,4.5,11.86,75.0,,,60.0,,controlled_tattoo_stress,,digital_tattoo_message,tattoo_bit1,tattoo_bit1,1.0,78.0,,,0.32149710920461533,,False,,1,
p5_temp_phase5.6_calib_79,p5_temp_fixed_chip1,mc_phase5_temp_ber_FIXED.py,phase5.6_calib,2026-07-27,1.0,real_bsim_ptm,simulated,False,3.2,0.045,4,4.5,11.86,25.0,,,0.0,,controlled_tattoo_stress,,digital_tattoo_message,tattoo_bit0,tattoo_bit0,0.0,79.0,,,1.0181233789540554,,False,,1,
p5_temp_phase5.6_field_79,p5_temp_fixed_chip1,mc_phase5_temp_ber_FIXED.py,phase5.6_field,2026-07-27,1.0,real_bsim_ptm,simulated,False,3.2,0.045,4,4.5,11.86,75.0,,,0.0,,controlled_tattoo_stress,,digital_tattoo_message,tattoo_bit0,tattoo_bit0,0.0,79.0,,,1.0150025335052928,,False,,1,
p5_temp_phase5.6_calib_80,p5_temp_fixed_chip1,mc_phase5_temp_ber_FIXED.py,phase5.6_calib,2026-07-27,1.0,real_bsim_ptm,simulated,False,3.2,0.045,4,4.5,11.86,25.0,,,60.0,,controlled_tattoo_stress,,digital_tattoo_message,tattoo_bit1,tattoo_bit1,1.0,80.0,,,0.2098659391489032,,False,,1,
p5_temp_phase5.6_field_80,p5_temp_fixed_chip1,mc_phase5_temp_ber_FIXED.py,phase5.6_field,2026-07-27,1.0,real_bsim_ptm,simulated,False,3.2,0.045,4,4.5,11.86,75.0,,,60.0,,controlled_tattoo_stress,,digital_tattoo_message,tattoo_bit1,tattoo_bit1,1.0,80.0,,,0.24515669416269628,,False,,1,
p5_temp_phase5.6_calib_81,p5_temp_fixed_chip1,mc_phase5_temp_ber_FIXED.py,phase5.6_calib,2026-07-27,1.0,real_bsim_ptm,simulated,False,3.2,0.045,4,4.5,11.86,25.0,,,60.0,,controlled_tattoo_stress,,digital_tattoo_message,tattoo_bit1,tattoo_bit1,1.0,81.0,,,0.20454961730934296,,False,,1,
p5_temp_phase5.6_field_81,p5_temp_fixed_chip1,mc_phase5_temp_ber_FIXED.py,phase5.6_field,2026-07-27,1.0,real_bsim_ptm,simulated,False,3.2,0.045,4,4.5,11.86,75.0,,,60.0,,controlled_tattoo_stress,,digital_tattoo_message,tattoo_bit1,tattoo_bit1,1.0,81.0,,,0.23624693340974856,,False,,1,
p5_temp_phase5.6_calib_82,p5_temp_fixed_chip1,mc_phase5_temp_ber_FIXED.py,phase5.6_calib,2026-07-27,1.0,real_bsim_ptm,simulated,False,3.2,0.045,4,4.5,11.86,25.0,,,0.0,,controlled_tattoo_stress,,digital_tattoo_message,tattoo_bit0,tattoo_bit0,0.0,82.0,,,0.8044905431573838,,False,,1,
p5_temp_phase5.6_field_82,p5_temp_fixed_chip1,mc_phase5_temp_ber_FIXED.py,phase5.6_field,2026-07-27,1.0,real_bsim_ptm,simulated,False,3.2,0.045,4,4.5,11.86,75.0,,,0.0,,controlled_tattoo_stress,,digital_tattoo_message,tattoo_bit0,tattoo_bit0,0.0,82.0,,,0.8215025623057747,,False,,1,
p5_temp_phase5.6_calib_83,p5_temp_fixed_chip1,mc_phase5_temp_ber_FIXED.py,phase5.6_calib,2026-07-27,1.0,real_bsim_ptm,simulated,False,3.2,0.045,4,4.5,11.86,25.0,,,60.0,,controlled_tattoo_stress,,digital_tattoo_message,tattoo_bit1,tattoo_bit1,1.0,83.0,,,0.25814974923383344,,False,,1,
p5_temp_phase5.6_field_83,p5_temp_fixed_chip1,mc_phase5_temp_ber_FIXED.py,phase5.6_field,2026-07-27,1.0,real_bsim_ptm,simulated,False,3.2,0.045,4,4.5,11.86,75.0,,,60.0,,controlled_tattoo_stress,,digital_tattoo_message,tattoo_bit1,tattoo_bit1,1.0,83.0,,,0.29389483586821846,,False,,1,
p5_temp_phase5.6_calib_84,p5_temp_fixed_chip1,mc_phase5_temp_ber_FIXED.py,phase5.6_calib,2026-07-27,1.0,real_bsim_ptm,simulated,False,3.2,0.045,4,4.5,11.86,25.0,,,60.0,,controlled_tattoo_stress,,digital_tattoo_message,tattoo_bit1,tattoo_bit1,1.0,84.0,,,0.18810952553499116,,False,,1,
p5_temp_phase5.6_field_84,p5_temp_fixed_chip1,mc_phase5_temp_ber_FIXED.py,phase5.6_field,2026-07-27,1.0,real_bsim_ptm,simulated,False,3.2,0.045,4,4.5,11.86,75.0,,,60.0,,controlled_tattoo_stress,,digital_tattoo_message,tattoo_bit1,tattoo_bit1,1.0,84.0,,,0.22250786195756123,,False,,1,
p5_temp_phase5.6_calib_85,p5_temp_fixed_chip1,mc_phase5_temp_ber_FIXED.py,phase5.6_calib,2026-07-27,1.0,real_bsim_ptm,simulated,False,3.2,0.045,4,4.5,11.86,25.0,,,0.0,,controlled_tattoo_stress,,digital_tattoo_message,tattoo_bit0,tattoo_bit0,0.0,85.0,,,1.1921584197734292,,False,,1,
p5_temp_phase5.6_field_85,p5_temp_fixed_chip1,mc_phase5_temp_ber_FIXED.py,phase5.6_field,2026-07-27,1.0,real_bsim_ptm,simulated,False,3.2,0.045,4,4.5,11.86,75.0,,,0.0,,controlled_tattoo_stress,,digital_tattoo_message,tattoo_bit0,tattoo_bit0,0.0,85.0,,,1.1639842281809036,,False,,1,
p5_temp_phase5.6_calib_86,p5_temp_fixed_chip1,mc_phase5_temp_ber_FIXED.py,phase5.6_calib,2026-07-27,1.0,real_bsim_ptm,simulated,False,3.2,0.045,4,4.5,11.86,25.0,,,0.0,,controlled_tattoo_stress,,digital_tattoo_message,tattoo_bit0,tattoo_bit0,0.0,86.0,,,1.1321140205615077,,False,,1,
p5_temp_phase5.6_field_86,p5_temp_fixed_chip1,mc_phase5_temp_ber_FIXED.py,phase5.6_field,2026-07-27,1.0,real_bsim_ptm,simulated,False,3.2,0.045,4,4.5,11.86,75.0,,,0.0,,controlled_tattoo_stress,,digital_tattoo_message,tattoo_bit0,tattoo_bit0,0.0,86.0,,,1.1134652277185917,,False,,1,
p5_temp_phase5.6_calib_87,p5_temp_fixed_chip1,mc_phase5_temp_ber_FIXED.py,phase5.6_calib,2026-07-27,1.0,real_bsim_ptm,simulated,False,3.2,0.045,4,4.5,11.86,25.0,,,0.0,,controlled_tattoo_stress,,digital_tattoo_message,tattoo_bit0,tattoo_bit0,0.0,87.0,,,0.933082655784707,,False,,1,
p5_temp_phase5.6_field_87,p5_temp_fixed_chip1,mc_phase5_temp_ber_FIXED.py,phase5.6_field,2026-07-27,1.0,real_bsim_ptm,simulated,False,3.2,0.045,4,4.5,11.86,75.0,,,0.0,,controlled_tattoo_stress,,digital_tattoo_message,tattoo_bit0,tattoo_bit0,0.0,87.0,,,0.9344965172257994,,False,,1,
p5_temp_phase5.6_calib_88,p5_temp_fixed_chip1,mc_phase5_temp_ber_FIXED.py,phase5.6_calib,2026-07-27,1.0,real_bsim_ptm,simulated,False,3.2,0.045,4,4.5,11.86,25.0,,,0.0,,controlled_tattoo_stress,,digital_tattoo_message,tattoo_bit0,tattoo_bit0,0.0,88.0,,,0.8774272893049984,,False,,1,
p5_temp_phase5.6_field_88,p5_temp_fixed_chip1,mc_phase5_temp_ber_FIXED.py,phase5.6_field,2026-07-27,1.0,real_bsim_ptm,simulated,False,3.2,0.045,4,4.5,11.86,75.0,,,0.0,,controlled_tattoo_stress,,digital_tattoo_message,tattoo_bit0,tattoo_bit0,0.0,88.0,,,0.8816307235865293,,False,,1,
p5_temp_phase5.6_calib_89,p5_temp_fixed_chip1,mc_phase5_temp_ber_FIXED.py,phase5.6_calib,2026-07-27,1.0,real_bsim_ptm,simulated,False,3.2,0.045,4,4.5,11.86,25.0,,,0.0,,controlled_tattoo_stress,,digital_tattoo_message,tattoo_bit0,tattoo_bit0,0.0,89.0,,,1.1268106597329013,,False,,1,
p5_temp_phase5.6_field_89,p5_temp_fixed_chip1,mc_phase5_temp_ber_FIXED.py,phase5.6_field,2026-07-27,1.0,real_bsim_ptm,simulated,False,3.2,0.045,4,4.5,11.86,75.0,,,0.0,,controlled_tattoo_stress,,digital_tattoo_message,tattoo_bit0,tattoo_bit0,0.0,89.0,,,1.1062432648180447,,False,,1,
p5_temp_phase5.6_calib_90,p5_temp_fixed_chip1,mc_phase5_temp_ber_FIXED.py,phase5.6_calib,2026-07-27,1.0,real_bsim_ptm,simulated,False,3.2,0.045,4,4.5,11.86,25.0,,,60.0,,controlled_tattoo_stress,,digital_tattoo_message,tattoo_bit1,tattoo_bit1,1.0,90.0,,,0.20327085203342557,,False,,1,
p5_temp_phase5.6_field_90,p5_temp_fixed_chip1,mc_phase5_temp_ber_FIXED.py,phase5.6_field,2026-07-27,1.0,real_bsim_ptm,simulated,False,3.2,0.045,4,4.5,11.86,75.0,,,60.0,,controlled_tattoo_stress,,digital_tattoo_message,tattoo_bit1,tattoo_bit1,1.0,90.0,,,0.23849027214733826,,False,,1,
p5_temp_phase5.6_calib_91,p5_temp_fixed_chip1,mc_phase5_temp_ber_FIXED.py,phase5.6_calib,2026-07-27,1.0,real_bsim_ptm,simulated,False,3.2,0.045,4,4.5,11.86,25.0,,,60.0,,controlled_tattoo_stress,,digital_tattoo_message,tattoo_bit1,tattoo_bit1,1.0,91.0,,,0.27387237495586797,,False,,1,
p5_temp_phase5.6_field_91,p5_temp_fixed_chip1,mc_phase5_temp_ber_FIXED.py,phase5.6_field,2026-07-27,1.0,real_bsim_ptm,simulated,False,3.2,0.045,4,4.5,11.86,75.0,,,60.0,,controlled_tattoo_stress,,digital_tattoo_message,tattoo_bit1,tattoo_bit1,1.0,91.0,,,0.30993495334122695,,False,,1,
p5_temp_phase5.6_calib_92,p5_temp_fixed_chip1,mc_phase5_temp_ber_FIXED.py,phase5.6_calib,2026-07-27,1.0,real_bsim_ptm,simulated,False,3.2,0.045,4,4.5,11.86,25.0,,,60.0,,controlled_tattoo_stress,,digital_tattoo_message,tattoo_bit1,tattoo_bit1,1.0,92.0,,,0.2849809143597135,,False,,1,
p5_temp_phase5.6_field_92,p5_temp_fixed_chip1,mc_phase5_temp_ber_FIXED.py,phase5.6_field,2026-07-27,1.0,real_bsim_ptm,simulated,False,3.2,0.045,4,4.5,11.86,75.0,,,60.0,,controlled_tattoo_stress,,digital_tattoo_message,tattoo_bit1,tattoo_bit1,1.0,92.0,,,0.3195958903155765,,False,,1,
p5_temp_phase5.6_calib_93,p5_temp_fixed_chip1,mc_phase5_temp_ber_FIXED.py,phase5.6_calib,2026-07-27,1.0,real_bsim_ptm,simulated,False,3.2,0.045,4,4.5,11.86,25.0,,,0.0,,controlled_tattoo_stress,,digital_tattoo_message,tattoo_bit0,tattoo_bit0,0.0,93.0,,,1.0226136173346239,,False,,1,
p5_temp_phase5.6_field_93,p5_temp_fixed_chip1,mc_phase5_temp_ber_FIXED.py,phase5.6_field,2026-07-27,1.0,real_bsim_ptm,simulated,False,3.2,0.045,4,4.5,11.86,75.0,,,0.0,,controlled_tattoo_stress,,digital_tattoo_message,tattoo_bit0,tattoo_bit0,0.0,93.0,,,1.0092121460287067,,False,,1,
p5_temp_phase5.6_calib_94,p5_temp_fixed_chip1,mc_phase5_temp_ber_FIXED.py,phase5.6_calib,2026-07-27,1.0,real_bsim_ptm,simulated,False,3.2,0.045,4,4.5,11.86,25.0,,,60.0,,controlled_tattoo_stress,,digital_tattoo_message,tattoo_bit1,tattoo_bit1,1.0,94.0,,,0.35681216516597036,,False,,1,
p5_temp_phase5.6_field_94,p5_temp_fixed_chip1,mc_phase5_temp_ber_FIXED.py,phase5.6_field,2026-07-27,1.0,real_bsim_ptm,simulated,False,3.2,0.045,4,4.5,11.86,75.0,,,60.0,,controlled_tattoo_stress,,digital_tattoo_message,tattoo_bit1,tattoo_bit1,1.0,94.0,,,0.3930154994108822,,False,,1,
p5_temp_phase5.6_calib_95,p5_temp_fixed_chip1,mc_phase5_temp_ber_FIXED.py,phase5.6_calib,2026-07-27,1.0,real_bsim_ptm,simulated,False,3.2,0.045,4,4.5,11.86,25.0,,,60.0,,controlled_tattoo_stress,,digital_tattoo_message,tattoo_bit1,tattoo_bit1,1.0,95.0,,,0.2202057759336808,,False,,1,
p5_temp_phase5.6_field_95,p5_temp_fixed_chip1,mc_phase5_temp_ber_FIXED.py,phase5.6_field,2026-07-27,1.0,real_bsim_ptm,simulated,False,3.2,0.045,4,4.5,11.86,75.0,,,60.0,,controlled_tattoo_stress,,digital_tattoo_message,tattoo_bit1,tattoo_bit1,1.0,95.0,,,0.257353102647849,,False,,1,
p5_temp_phase5.6_calib_96,p5_temp_fixed_chip1,mc_phase5_temp_ber_FIXED.py,phase5.6_calib,2026-07-27,1.0,real_bsim_ptm,simulated,False,3.2,0.045,4,4.5,11.86,25.0,,,60.0,,controlled_tattoo_stress,,digital_tattoo_message,tattoo_bit1,tattoo_bit1,1.0,96.0,,,0.2225763742165056,,False,,1,
p5_temp_phase5.6_field_96,p5_temp_fixed_chip1,mc_phase5_temp_ber_FIXED.py,phase5.6_field,2026-07-27,1.0,real_bsim_ptm,simulated,False,3.2,0.045,4,4.5,11.86,75.0,,,60.0,,controlled_tattoo_stress,,digital_tattoo_message,tattoo_bit1,tattoo_bit1,1.0,96.0,,,0.2573683511159161,,False,,1,
p5_temp_phase5.6_calib_97,p5_temp_fixed_chip1,mc_phase5_temp_ber_FIXED.py,phase5.6_calib,2026-07-27,1.0,real_bsim_ptm,simulated,False,3.2,0.045,4,4.5,11.86,25.0,,,60.0,,controlled_tattoo_stress,,digital_tattoo_message,tattoo_bit1,tattoo_bit1,1.0,97.0,,,0.19263500352916868,,False,,1,
p5_temp_phase5.6_field_97,p5_temp_fixed_chip1,mc_phase5_temp_ber_FIXED.py,phase5.6_field,2026-07-27,1.0,real_bsim_ptm,simulated,False,3.2,0.045,4,4.5,11.86,75.0,,,60.0,,controlled_tattoo_stress,,digital_tattoo_message,tattoo_bit1,tattoo_bit1,1.0,97.0,,,0.22827872622260106,,False,,1,
p5_temp_phase5.6_calib_98,p5_temp_fixed_chip1,mc_phase5_temp_ber_FIXED.py,phase5.6_calib,2026-07-27,1.0,real_bsim_ptm,simulated,False,3.2,0.045,4,4.5,11.86,25.0,,,0.0,,controlled_tattoo_stress,,digital_tattoo_message,tattoo_bit0,tattoo_bit0,0.0,98.0,,,0.9306629702107903,,False,,1,
p5_temp_phase5.6_field_98,p5_temp_fixed_chip1,mc_phase5_temp_ber_FIXED.py,phase5.6_field,2026-07-27,1.0,real_bsim_ptm,simulated,False,3.2,0.045,4,4.5,11.86,75.0,,,0.0,,controlled_tattoo_stress,,digital_tattoo_message,tattoo_bit0,tattoo_bit0,0.0,98.0,,,0.9360659882621397,,False,,1,
p5_temp_phase5.6_calib_99,p5_temp_fixed_chip1,mc_phase5_temp_ber_FIXED.py,phase5.6_calib,2026-07-27,1.0,real_bsim_ptm,simulated,False,3.2,0.045,4,4.5,11.86,25.0,,,0.0,,controlled_tattoo_stress,,digital_tattoo_message,tattoo_bit0,tattoo_bit0,0.0,99.0,,,0.8898429198460049,,False,,1,
p5_temp_phase5.6_field_99,p5_temp_fixed_chip1,mc_phase5_temp_ber_FIXED.py,phase5.6_field,2026-07-27,1.0,real_bsim_ptm,simulated,False,3.2,0.045,4,4.5,11.86,75.0,,,0.0,,controlled_tattoo_stress,,digital_tattoo_message,tattoo_bit0,tattoo_bit0,0.0,99.0,,,0.8928321616630096,,False,,1,
p5_temp_phase5.6_calib_100,p5_temp_fixed_chip1,mc_phase5_temp_ber_FIXED.py,phase5.6_calib,2026-07-27,1.0,real_bsim_ptm,simulated,False,3.2,0.045,4,4.5,11.86,25.0,,,60.0,,controlled_tattoo_stress,,digital_tattoo_message,tattoo_bit1,tattoo_bit1,1.0,100.0,,,0.22771375964709267,,False,,1,
p5_temp_phase5.6_field_100,p5_temp_fixed_chip1,mc_phase5_temp_ber_FIXED.py,phase5.6_field,2026-07-27,1.0,real_bsim_ptm,simulated,False,3.2,0.045,4,4.5,11.86,75.0,,,60.0,,controlled_tattoo_stress,,digital_tattoo_message,tattoo_bit1,tattoo_bit1,1.0,100.0,,,0.2627638063953748,,False,,1,
p5_temp_phase5.6_calib_101,p5_temp_fixed_chip1,mc_phase5_temp_ber_FIXED.py,phase5.6_calib,2026-07-27,1.0,real_bsim_ptm,simulated,False,3.2,0.045,4,4.5,11.86,25.0,,,60.0,,controlled_tattoo_stress,,digital_tattoo_message,tattoo_bit1,tattoo_bit1,1.0,101.0,,,0.1599970155014184,,False,,1,
p5_temp_phase5.6_field_101,p5_temp_fixed_chip1,mc_phase5_temp_ber_FIXED.py,phase5.6_field,2026-07-27,1.0,real_bsim_ptm,simulated,False,3.2,0.045,4,4.5,11.86,75.0,,,60.0,,controlled_tattoo_stress,,digital_tattoo_message,tattoo_bit1,tattoo_bit1,1.0,101.0,,,0.1932240529150643,,False,,1,
p5_temp_phase5.6_calib_102,p5_temp_fixed_chip1,mc_phase5_temp_ber_FIXED.py,phase5.6_calib,2026-07-27,1.0,real_bsim_ptm,simulated,False,3.2,0.045,4,4.5,11.86,25.0,,,0.0,,controlled_tattoo_stress,,digital_tattoo_message,tattoo_bit0,tattoo_bit0,0.0,102.0,,,0.9464272627231807,,False,,1,
p5_temp_phase5.6_field_102,p5_temp_fixed_chip1,mc_phase5_temp_ber_FIXED.py,phase5.6_field,2026-07-27,1.0,real_bsim_ptm,simulated,False,3.2,0.045,4,4.5,11.86,75.0,,,0.0,,controlled_tattoo_stress,,digital_tattoo_message,tattoo_bit0,tattoo_bit0,0.0,102.0,,,0.9412072097304922,,False,,1,
p5_temp_phase5.6_calib_103,p5_temp_fixed_chip1,mc_phase5_temp_ber_FIXED.py,phase5.6_calib,2026-07-27,1.0,real_bsim_ptm,simulated,False,3.2,0.045,4,4.5,11.86,25.0,,,60.0,,controlled_tattoo_stress,,digital_tattoo_message,tattoo_bit1,tattoo_bit1,1.0,103.0,,,0.22344152452169075,,False,,1,
p5_temp_phase5.6_field_103,p5_temp_fixed_chip1,mc_phase5_temp_ber_FIXED.py,phase5.6_field,2026-07-27,1.0,real_bsim_ptm,simulated,False,3.2,0.045,4,4.5,11.86,75.0,,,60.0,,controlled_tattoo_stress,,digital_tattoo_message,tattoo_bit1,tattoo_bit1,1.0,103.0,,,0.25888284796678807,,False,,1,
p5_temp_phase5.6_calib_104,p5_temp_fixed_chip1,mc_phase5_temp_ber_FIXED.py,phase5.6_calib,2026-07-27,1.0,real_bsim_ptm,simulated,False,3.2,0.045,4,4.5,11.86,25.0,,,0.0,,controlled_tattoo_stress,,digital_tattoo_message,tattoo_bit0,tattoo_bit0,0.0,104.0,,,1.3431415508711457,,False,,1,
p5_temp_phase5.6_field_104,p5_temp_fixed_chip1,mc_phase5_temp_ber_FIXED.py,phase5.6_field,2026-07-27,1.0,real_bsim_ptm,simulated,False,3.2,0.045,4,4.5,11.86,75.0,,,0.0,,controlled_tattoo_stress,,digital_tattoo_message,tattoo_bit0,tattoo_bit0,0.0,104.0,,,1.2960061799183829,,False,,1,
p5_temp_phase5.6_calib_105,p5_temp_fixed_chip1,mc_phase5_temp_ber_FIXED.py,phase5.6_calib,2026-07-27,1.0,real_bsim_ptm,simulated,False,3.2,0.045,4,4.5,11.86,25.0,,,60.0,,controlled_tattoo_stress,,digital_tattoo_message,tattoo_bit1,tattoo_bit1,1.0,105.0,,,0.3532418771865169,,False,,1,
p5_temp_phase5.6_field_105,p5_temp_fixed_chip1,mc_phase5_temp_ber_FIXED.py,phase5.6_field,2026-07-27,1.0,real_bsim_ptm,simulated,False,3.2,0.045,4,4.5,11.86,75.0,,,60.0,,controlled_tattoo_stress,,digital_tattoo_message,tattoo_bit1,tattoo_bit1,1.0,105.0,,,0.3926667355152911,,False,,1,
p5_temp_phase5.6_calib_106,p5_temp_fixed_chip1,mc_phase5_temp_ber_FIXED.py,phase5.6_calib,2026-07-27,1.0,real_bsim_ptm,simulated,False,3.2,0.045,4,4.5,11.86,25.0,,,0.0,,controlled_tattoo_stress,,digital_tattoo_message,tattoo_bit0,tattoo_bit0,0.0,106.0,,,0.9687847073842615,,False,,1,
p5_temp_phase5.6_field_106,p5_temp_fixed_chip1,mc_phase5_temp_ber_FIXED.py,phase5.6_field,2026-07-27,1.0,real_bsim_ptm,simulated,False,3.2,0.045,4,4.5,11.86,75.0,,,0.0,,controlled_tattoo_stress,,digital_tattoo_message,tattoo_bit0,tattoo_bit0,0.0,106.0,,,0.9718253234256985,,False,,1,
p5_temp_phase5.6_calib_107,p5_temp_fixed_chip1,mc_phase5_temp_ber_FIXED.py,phase5.6_calib,2026-07-27,1.0,real_bsim_ptm,simulated,False,3.2,0.045,4,4.5,11.86,25.0,,,0.0,,controlled_tattoo_stress,,digital_tattoo_message,tattoo_bit0,tattoo_bit0,0.0,107.0,,,0.9850750718043059,,False,,1,
p5_temp_phase5.6_field_107,p5_temp_fixed_chip1,mc_phase5_temp_ber_FIXED.py,phase5.6_field,2026-07-27,1.0,real_bsim_ptm,simulated,False,3.2,0.045,4,4.5,11.86,75.0,,,0.0,,controlled_tattoo_stress,,digital_tattoo_message,tattoo_bit0,tattoo_bit0,0.0,107.0,,,0.9795065319531793,,False,,1,
p5_temp_phase5.6_calib_108,p5_temp_fixed_chip1,mc_phase5_temp_ber_FIXED.py,phase5.6_calib,2026-07-27,1.0,real_bsim_ptm,simulated,False,3.2,0.045,4,4.5,11.86,25.0,,,0.0,,controlled_tattoo_stress,,digital_tattoo_message,tattoo_bit0,tattoo_bit0,0.0,108.0,,,0.7793777173974485,,False,,1,
p5_temp_phase5.6_field_108,p5_temp_fixed_chip1,mc_phase5_temp_ber_FIXED.py,phase5.6_field,2026-07-27,1.0,real_bsim_ptm,simulated,False,3.2,0.045,4,4.5,11.86,75.0,,,0.0,,controlled_tattoo_stress,,digital_tattoo_message,tattoo_bit0,tattoo_bit0,0.0,108.0,,,0.7994611555513231,,False,,1,
p5_temp_phase5.6_calib_109,p5_temp_fixed_chip1,mc_phase5_temp_ber_FIXED.py,phase5.6_calib,2026-07-27,1.0,real_bsim_ptm,simulated,False,3.2,0.045,4,4.5,11.86,25.0,,,60.0,,controlled_tattoo_stress,,digital_tattoo_message,tattoo_bit1,tattoo_bit1,1.0,109.0,,,0.2597786699132232,,False,,1,
p5_temp_phase5.6_field_109,p5_temp_fixed_chip1,mc_phase5_temp_ber_FIXED.py,phase5.6_field,2026-07-27,1.0,real_bsim_ptm,simulated,False,3.2,0.045,4,4.5,11.86,75.0,,,60.0,,controlled_tattoo_stress,,digital_tattoo_message,tattoo_bit1,tattoo_bit1,1.0,109.0,,,0.2948388425555657,,False,,1,
p5_temp_phase5.6_calib_110,p5_temp_fixed_chip1,mc_phase5_temp_ber_FIXED.py,phase5.6_calib,2026-07-27,1.0,real_bsim_ptm,simulated,False,3.2,0.045,4,4.5,11.86,25.0,,,60.0,,controlled_tattoo_stress,,digital_tattoo_message,tattoo_bit1,tattoo_bit1,1.0,110.0,,,0.2916825852464927,,False,,1,
p5_temp_phase5.6_field_110,p5_temp_fixed_chip1,mc_phase5_temp_ber_FIXED.py,phase5.6_field,2026-07-27,1.0,real_bsim_ptm,simulated,False,3.2,0.045,4,4.5,11.86,75.0,,,60.0,,controlled_tattoo_stress,,digital_tattoo_message,tattoo_bit1,tattoo_bit1,1.0,110.0,,,0.3303561722548708,,False,,1,
p5_temp_phase5.6_calib_111,p5_temp_fixed_chip1,mc_phase5_temp_ber_FIXED.py,phase5.6_calib,2026-07-27,1.0,real_bsim_ptm,simulated,False,3.2,0.045,4,4.5,11.86,25.0,,,0.0,,controlled_tattoo_stress,,digital_tattoo_message,tattoo_bit0,tattoo_bit0,0.0,111.0,,,1.1257083638607837,,False,,1,
p5_temp_phase5.6_field_111,p5_temp_fixed_chip1,mc_phase5_temp_ber_FIXED.py,phase5.6_field,2026-07-27,1.0,real_bsim_ptm,simulated,False,3.2,0.045,4,4.5,11.86,75.0,,,0.0,,controlled_tattoo_stress,,digital_tattoo_message,tattoo_bit0,tattoo_bit0,0.0,111.0,,,1.1084957075370037,,False,,1,
p5_temp_phase5.6_calib_112,p5_temp_fixed_chip1,mc_phase5_temp_ber_FIXED.py,phase5.6_calib,2026-07-27,1.0,real_bsim_ptm,simulated,False,3.2,0.045,4,4.5,11.86,25.0,,,0.0,,controlled_tattoo_stress,,digital_tattoo_message,tattoo_bit0,tattoo_bit0,0.0,112.0,,,1.0368076655090825,,False,,1,
p5_temp_phase5.6_field_112,p5_temp_fixed_chip1,mc_phase5_temp_ber_FIXED.py,phase5.6_field,2026-07-27,1.0,real_bsim_ptm,simulated,False,3.2,0.045,4,4.5,11.86,75.0,,,0.0,,controlled_tattoo_stress,,digital_tattoo_message,tattoo_bit0,tattoo_bit0,0.0,112.0,,,1.0320696477894655,,False,,1,
p5_temp_phase5.6_calib_113,p5_temp_fixed_chip1,mc_phase5_temp_ber_FIXED.py,phase5.6_calib,2026-07-27,1.0,real_bsim_ptm,simulated,False,3.2,0.045,4,4.5,11.86,25.0,,,60.0,,controlled_tattoo_stress,,digital_tattoo_message,tattoo_bit1,tattoo_bit1,1.0,113.0,,,0.1943062498385819,,False,,1,
p5_temp_phase5.6_field_113,p5_temp_fixed_chip1,mc_phase5_temp_ber_FIXED.py,phase5.6_field,2026-07-27,1.0,real_bsim_ptm,simulated,False,3.2,0.045,4,4.5,11.86,75.0,,,60.0,,controlled_tattoo_stress,,digital_tattoo_message,tattoo_bit1,tattoo_bit1,1.0,113.0,,,0.2298632111787732,,False,,1,
p5_temp_phase5.6_calib_114,p5_temp_fixed_chip1,mc_phase5_temp_ber_FIXED.py,phase5.6_calib,2026-07-27,1.0,real_bsim_ptm,simulated,False,3.2,0.045,4,4.5,11.86,25.0,,,0.0,,controlled_tattoo_stress,,digital_tattoo_message,tattoo_bit0,tattoo_bit0,0.0,114.0,,,1.1579223285092306,,False,,1,
p5_temp_phase5.6_field_114,p5_temp_fixed_chip1,mc_phase5_temp_ber_FIXED.py,phase5.6_field,2026-07-27,1.0,real_bsim_ptm,simulated,False,3.2,0.045,4,4.5,11.86,75.0,,,0.0,,controlled_tattoo_stress,,digital_tattoo_message,tattoo_bit0,tattoo_bit0,0.0,114.0,,,1.1298091522882332,,False,,1,
p5_temp_phase5.6_calib_115,p5_temp_fixed_chip1,mc_phase5_temp_ber_FIXED.py,phase5.6_calib,2026-07-27,1.0,real_bsim_ptm,simulated,False,3.2,0.045,4,4.5,11.86,25.0,,,60.0,,controlled_tattoo_stress,,digital_tattoo_message,tattoo_bit1,tattoo_bit1,1.0,115.0,,,0.20047002151406274,,False,,1,
p5_temp_phase5.6_field_115,p5_temp_fixed_chip1,mc_phase5_temp_ber_FIXED.py,phase5.6_field,2026-07-27,1.0,real_bsim_ptm,simulated,False,3.2,0.045,4,4.5,11.86,75.0,,,60.0,,controlled_tattoo_stress,,digital_tattoo_message,tattoo_bit1,tattoo_bit1,1.0,115.0,,,0.23512033042791056,,False,,1,
p5_temp_phase5.6_calib_116,p5_temp_fixed_chip1,mc_phase5_temp_ber_FIXED.py,phase5.6_calib,2026-07-27,1.0,real_bsim_ptm,simulated,False,3.2,0.045,4,4.5,11.86,25.0,,,0.0,,controlled_tattoo_stress,,digital_tattoo_message,tattoo_bit0,tattoo_bit0,0.0,116.0,,,1.0417049063237214,,False,,1,
p5_temp_phase5.6_field_116,p5_temp_fixed_chip1,mc_phase5_temp_ber_FIXED.py,phase5.6_field,2026-07-27,1.0,real_bsim_ptm,simulated,False,3.2,0.045,4,4.5,11.86,75.0,,,0.0,,controlled_tattoo_stress,,digital_tattoo_message,tattoo_bit0,tattoo_bit0,0.0,116.0,,,1.035742104811438,,False,,1,
p5_temp_phase5.6_calib_117,p5_temp_fixed_chip1,mc_phase5_temp_ber_FIXED.py,phase5.6_calib,2026-07-27,1.0,real_bsim_ptm,simulated,False,3.2,0.045,4,4.5,11.86,25.0,,,60.0,,controlled_tattoo_stress,,digital_tattoo_message,tattoo_bit1,tattoo_bit1,1.0,117.0,,,0.21765023625935542,,False,,1,
p5_temp_phase5.6_field_117,p5_temp_fixed_chip1,mc_phase5_temp_ber_FIXED.py,phase5.6_field,2026-07-27,1.0,real_bsim_ptm,simulated,False,3.2,0.045,4,4.5,11.86,75.0,,,60.0,,controlled_tattoo_stress,,digital_tattoo_message,tattoo_bit1,tattoo_bit1,1.0,117.0,,,0.2526222521078515,,False,,1,
p5_temp_phase5.6_calib_118,p5_temp_fixed_chip1,mc_phase5_temp_ber_FIXED.py,phase5.6_calib,2026-07-27,1.0,real_bsim_ptm,simulated,False,3.2,0.045,4,4.5,11.86,25.0,,,60.0,,controlled_tattoo_stress,,digital_tattoo_message,tattoo_bit1,tattoo_bit1,1.0,118.0,,,0.19131287344746195,,False,,1,
p5_temp_phase5.6_field_118,p5_temp_fixed_chip1,mc_phase5_temp_ber_FIXED.py,phase5.6_field,2026-07-27,1.0,real_bsim_ptm,simulated,False,3.2,0.045,4,4.5,11.86,75.0,,,60.0,,controlled_tattoo_stress,,digital_tattoo_message,tattoo_bit1,tattoo_bit1,1.0,118.0,,,0.22548602506901438,,False,,1,
p5_temp_phase5.6_calib_119,p5_temp_fixed_chip1,mc_phase5_temp_ber_FIXED.py,phase5.6_calib,2026-07-27,1.0,real_bsim_ptm,simulated,False,3.2,0.045,4,4.5,11.86,25.0,,,0.0,,controlled_tattoo_stress,,digital_tattoo_message,tattoo_bit0,tattoo_bit0,0.0,119.0,,,1.1691364031373026,,False,,1,
p5_temp_phase5.6_field_119,p5_temp_fixed_chip1,mc_phase5_temp_ber_FIXED.py,phase5.6_field,2026-07-27,1.0,real_bsim_ptm,simulated,False,3.2,0.045,4,4.5,11.86,75.0,,,0.0,,controlled_tattoo_stress,,digital_tattoo_message,tattoo_bit0,tattoo_bit0,0.0,119.0,,,1.1477408328569387,,False,,1,
p5_temp_phase5.6_calib_120,p5_temp_fixed_chip1,mc_phase5_temp_ber_FIXED.py,phase5.6_calib,2026-07-27,1.0,real_bsim_ptm,simulated,False,3.2,0.045,4,4.5,11.86,25.0,,,0.0,,controlled_tattoo_stress,,digital_tattoo_message,tattoo_bit0,tattoo_bit0,0.0,120.0,,,0.7595604548545212,,False,,1,
p5_temp_phase5.6_field_120,p5_temp_fixed_chip1,mc_phase5_temp_ber_FIXED.py,phase5.6_field,2026-07-27,1.0,real_bsim_ptm,simulated,False,3.2,0.045,4,4.5,11.86,75.0,,,0.0,,controlled_tattoo_stress,,digital_tattoo_message,tattoo_bit0,tattoo_bit0,0.0,120.0,,,0.7784004018034578,,False,,1,
p5_temp_phase5.6_calib_121,p5_temp_fixed_chip1,mc_phase5_temp_ber_FIXED.py,phase5.6_calib,2026-07-27,1.0,real_bsim_ptm,simulated,False,3.2,0.045,4,4.5,11.86,25.0,,,60.0,,controlled_tattoo_stress,,digital_tattoo_message,tattoo_bit1,tattoo_bit1,1.0,121.0,,,0.2352883170072042,,False,,1,
p5_temp_phase5.6_field_121,p5_temp_fixed_chip1,mc_phase5_temp_ber_FIXED.py,phase5.6_field,2026-07-27,1.0,real_bsim_ptm,simulated,False,3.2,0.045,4,4.5,11.86,75.0,,,60.0,,controlled_tattoo_stress,,digital_tattoo_message,tattoo_bit1,tattoo_bit1,1.0,121.0,,,0.2699179654639678,,False,,1,
p5_temp_phase5.6_calib_122,p5_temp_fixed_chip1,mc_phase5_temp_ber_FIXED.py,phase5.6_calib,2026-07-27,1.0,real_bsim_ptm,simulated,False,3.2,0.045,4,4.5,11.86,25.0,,,60.0,,controlled_tattoo_stress,,digital_tattoo_message,tattoo_bit1,tattoo_bit1,1.0,122.0,,,0.14907206056191238,,False,,1,
p5_temp_phase5.6_field_122,p5_temp_fixed_chip1,mc_phase5_temp_ber_FIXED.py,phase5.6_field,2026-07-27,1.0,real_bsim_ptm,simulated,False,3.2,0.045,4,4.5,11.86,75.0,,,60.0,,controlled_tattoo_stress,,digital_tattoo_message,tattoo_bit1,tattoo_bit1,1.0,122.0,,,0.18069070900853473,,False,,1,
p5_temp_phase5.6_calib_123,p5_temp_fixed_chip1,mc_phase5_temp_ber_FIXED.py,phase5.6_calib,2026-07-27,1.0,real_bsim_ptm,simulated,False,3.2,0.045,4,4.5,11.86,25.0,,,60.0,,controlled_tattoo_stress,,digital_tattoo_message,tattoo_bit1,tattoo_bit1,1.0,123.0,,,0.21056753737322104,,False,,1,
p5_temp_phase5.6_field_123,p5_temp_fixed_chip1,mc_phase5_temp_ber_FIXED.py,phase5.6_field,2026-07-27,1.0,real_bsim_ptm,simulated,False,3.2,0.045,4,4.5,11.86,75.0,,,60.0,,controlled_tattoo_stress,,digital_tattoo_message,tattoo_bit1,tattoo_bit1,1.0,123.0,,,0.24781015382777816,,False,,1,
p5_temp_phase5.6_calib_124,p5_temp_fixed_chip1,mc_phase5_temp_ber_FIXED.py,phase5.6_calib,2026-07-27,1.0,real_bsim_ptm,simulated,False,3.2,0.045,4,4.5,11.86,25.0,,,0.0,,controlled_tattoo_stress,,digital_tattoo_message,tattoo_bit0,tattoo_bit0,0.0,124.0,,,1.284963695284504,,False,,1,
p5_temp_phase5.6_field_124,p5_temp_fixed_chip1,mc_phase5_temp_ber_FIXED.py,phase5.6_field,2026-07-27,1.0,real_bsim_ptm,simulated,False,3.2,0.045,4,4.5,11.86,75.0,,,0.0,,controlled_tattoo_stress,,digital_tattoo_message,tattoo_bit0,tattoo_bit0,0.0,124.0,,,1.2353277275799146,,False,,1,
p5_temp_phase5.6_calib_125,p5_temp_fixed_chip1,mc_phase5_temp_ber_FIXED.py,phase5.6_calib,2026-07-27,1.0,real_bsim_ptm,simulated,False,3.2,0.045,4,4.5,11.86,25.0,,,60.0,,controlled_tattoo_stress,,digital_tattoo_message,tattoo_bit1,tattoo_bit1,1.0,125.0,,,0.2319231124419752,,False,,1,
p5_temp_phase5.6_field_125,p5_temp_fixed_chip1,mc_phase5_temp_ber_FIXED.py,phase5.6_field,2026-07-27,1.0,real_bsim_ptm,simulated,False,3.2,0.045,4,4.5,11.86,75.0,,,60.0,,controlled_tattoo_stress,,digital_tattoo_message,tattoo_bit1,tattoo_bit1,1.0,125.0,,,0.2691508775914462,,False,,1,
p5_temp_phase5.6_calib_126,p5_temp_fixed_chip1,mc_phase5_temp_ber_FIXED.py,phase5.6_calib,2026-07-27,1.0,real_bsim_ptm,simulated,False,3.2,0.045,4,4.5,11.86,25.0,,,60.0,,controlled_tattoo_stress,,digital_tattoo_message,tattoo_bit1,tattoo_bit1,1.0,126.0,,,0.16894875692134387,,False,,1,
p5_temp_phase5.6_field_126,p5_temp_fixed_chip1,mc_phase5_temp_ber_FIXED.py,phase5.6_field,2026-07-27,1.0,real_bsim_ptm,simulated,False,3.2,0.045,4,4.5,11.86,75.0,,,60.0,,controlled_tattoo_stress,,digital_tattoo_message,tattoo_bit1,tattoo_bit1,1.0,126.0,,,0.2022774675329586,,False,,1,
p5_temp_phase5.6_calib_127,p5_temp_fixed_chip1,mc_phase5_temp_ber_FIXED.py,phase5.6_calib,2026-07-27,1.0,real_bsim_ptm,simulated,False,3.2,0.045,4,4.5,11.86,25.0,,,0.0,,controlled_tattoo_stress,,digital_tattoo_message,tattoo_bit0,tattoo_bit0,0.0,127.0,,,0.9415875847242158,,False,,1,
p5_temp_phase5.6_field_127,p5_temp_fixed_chip1,mc_phase5_temp_ber_FIXED.py,phase5.6_field,2026-07-27,1.0,real_bsim_ptm,simulated,False,3.2,0.045,4,4.5,11.86,75.0,,,0.0,,controlled_tattoo_stress,,digital_tattoo_message,tattoo_bit0,tattoo_bit0,0.0,127.0,,,0.9429213290353297,,False,,1,
p5_temp_phase5.6_calib_128,p5_temp_fixed_chip1,mc_phase5_temp_ber_FIXED.py,phase5.6_calib,2026-07-27,1.0,real_bsim_ptm,simulated,False,3.2,0.045,4,4.5,11.86,25.0,,,0.0,,controlled_tattoo_stress,,digital_tattoo_message,tattoo_bit0,tattoo_bit0,0.0,128.0,,,1.0013573327542584,,False,,1,
p5_temp_phase5.6_field_128,p5_temp_fixed_chip1,mc_phase5_temp_ber_FIXED.py,phase5.6_field,2026-07-27,1.0,real_bsim_ptm,simulated,False,3.2,0.045,4,4.5,11.86,75.0,,,0.0,,controlled_tattoo_stress,,digital_tattoo_message,tattoo_bit0,tattoo_bit0,0.0,128.0,,,0.9981652744421066,,False,,1,
p5_temp_phase5.6_calib_129,p5_temp_fixed_chip1,mc_phase5_temp_ber_FIXED.py,phase5.6_calib,2026-07-27,1.0,real_bsim_ptm,simulated,False,3.2,0.045,4,4.5,11.86,25.0,,,60.0,,controlled_tattoo_stress,,digital_tattoo_message,tattoo_bit1,tattoo_bit1,1.0,129.0,,,0.12637062218372888,,False,,1,
p5_temp_phase5.6_field_129,p5_temp_fixed_chip1,mc_phase5_temp_ber_FIXED.py,phase5.6_field,2026-07-27,1.0,real_bsim_ptm,simulated,False,3.2,0.045,4,4.5,11.86,75.0,,,60.0,,controlled_tattoo_stress,,digital_tattoo_message,tattoo_bit1,tattoo_bit1,1.0,129.0,,,0.15581740061126148,,False,,1,
p5_temp_phase5.6_calib_130,p5_temp_fixed_chip1,mc_phase5_temp_ber_FIXED.py,phase5.6_calib,2026-07-27,1.0,real_bsim_ptm,simulated,False,3.2,0.045,4,4.5,11.86,25.0,,,60.0,,controlled_tattoo_stress,,digital_tattoo_message,tattoo_bit1,tattoo_bit1,1.0,130.0,,,0.1616857204187975,,False,,1,
p5_temp_phase5.6_field_130,p5_temp_fixed_chip1,mc_phase5_temp_ber_FIXED.py,phase5.6_field,2026-07-27,1.0,real_bsim_ptm,simulated,False,3.2,0.045,4,4.5,11.86,75.0,,,60.0,,controlled_tattoo_stress,,digital_tattoo_message,tattoo_bit1,tattoo_bit1,1.0,130.0,,,0.19571165616349823,,False,,1,
p5_temp_phase5.6_calib_131,p5_temp_fixed_chip1,mc_phase5_temp_ber_FIXED.py,phase5.6_calib,2026-07-27,1.0,real_bsim_ptm,simulated,False,3.2,0.045,4,4.5,11.86,25.0,,,0.0,,controlled_tattoo_stress,,digital_tattoo_message,tattoo_bit0,tattoo_bit0,0.0,131.0,,,1.3673977042928938,,False,,1,
p5_temp_phase5.6_field_131,p5_temp_fixed_chip1,mc_phase5_temp_ber_FIXED.py,phase5.6_field,2026-07-27,1.0,real_bsim_ptm,simulated,False,3.2,0.045,4,4.5,11.86,75.0,,,0.0,,controlled_tattoo_stress,,digital_tattoo_message,tattoo_bit0,tattoo_bit0,0.0,131.0,,,1.3051935785756759,,False,,1,
p5_temp_phase5.6_calib_132,p5_temp_fixed_chip1,mc_phase5_temp_ber_FIXED.py,phase5.6_calib,2026-07-27,1.0,real_bsim_ptm,simulated,False,3.2,0.045,4,4.5,11.86,25.0,,,0.0,,controlled_tattoo_stress,,digital_tattoo_message,tattoo_bit0,tattoo_bit0,0.0,132.0,,,1.3518189498381907,,False,,1,
p5_temp_phase5.6_field_132,p5_temp_fixed_chip1,mc_phase5_temp_ber_FIXED.py,phase5.6_field,2026-07-27,1.0,real_bsim_ptm,simulated,False,3.2,0.045,4,4.5,11.86,75.0,,,0.0,,controlled_tattoo_stress,,digital_tattoo_message,tattoo_bit0,tattoo_bit0,0.0,132.0,,,1.3045142752781702,,False,,1,
p5_temp_phase5.6_calib_133,p5_temp_fixed_chip1,mc_phase5_temp_ber_FIXED.py,phase5.6_calib,2026-07-27,1.0,real_bsim_ptm,simulated,False,3.2,0.045,4,4.5,11.86,25.0,,,60.0,,controlled_tattoo_stress,,digital_tattoo_message,tattoo_bit1,tattoo_bit1,1.0,133.0,,,0.26066210433663506,,False,,1,
p5_temp_phase5.6_field_133,p5_temp_fixed_chip1,mc_phase5_temp_ber_FIXED.py,phase5.6_field,2026-07-27,1.0,real_bsim_ptm,simulated,False,3.2,0.045,4,4.5,11.86,75.0,,,60.0,,controlled_tattoo_stress,,digital_tattoo_message,tattoo_bit1,tattoo_bit1,1.0,133.0,,,0.2947319118433844,,False,,1,
p5_temp_phase5.6_calib_134,p5_temp_fixed_chip1,mc_phase5_temp_ber_FIXED.py,phase5.6_calib,2026-07-27,1.0,real_bsim_ptm,simulated,False,3.2,0.045,4,4.5,11.86,25.0,,,0.0,,controlled_tattoo_stress,,digital_tattoo_message,tattoo_bit0,tattoo_bit0,0.0,134.0,,,0.9859807410678134,,False,,1,
p5_temp_phase5.6_field_134,p5_temp_fixed_chip1,mc_phase5_temp_ber_FIXED.py,phase5.6_field,2026-07-27,1.0,real_bsim_ptm,simulated,False,3.2,0.045,4,4.5,11.86,75.0,,,0.0,,controlled_tattoo_stress,,digital_tattoo_message,tattoo_bit0,tattoo_bit0,0.0,134.0,,,0.9732846873014749,,False,,1,
p5_temp_phase5.6_calib_135,p5_temp_fixed_chip1,mc_phase5_temp_ber_FIXED.py,phase5.6_calib,2026-07-27,1.0,real_bsim_ptm,simulated,False,3.2,0.045,4,4.5,11.86,25.0,,,0.0,,controlled_tattoo_stress,,digital_tattoo_message,tattoo_bit0,tattoo_bit0,0.0,135.0,,,0.7767696134612864,,False,,1,
p5_temp_phase5.6_field_135,p5_temp_fixed_chip1,mc_phase5_temp_ber_FIXED.py,phase5.6_field,2026-07-27,1.0,real_bsim_ptm,simulated,False,3.2,0.045,4,4.5,11.86,75.0,,,0.0,,controlled_tattoo_stress,,digital_tattoo_message,tattoo_bit0,tattoo_bit0,0.0,135.0,,,0.7979070076184862,,False,,1,
p5_temp_phase5.6_calib_136,p5_temp_fixed_chip1,mc_phase5_temp_ber_FIXED.py,phase5.6_calib,2026-07-27,1.0,real_bsim_ptm,simulated,False,3.2,0.045,4,4.5,11.86,25.0,,,60.0,,controlled_tattoo_stress,,digital_tattoo_message,tattoo_bit1,tattoo_bit1,1.0,136.0,,,0.19738439325345775,,False,,1,
p5_temp_phase5.6_field_136,p5_temp_fixed_chip1,mc_phase5_temp_ber_FIXED.py,phase5.6_field,2026-07-27,1.0,real_bsim_ptm,simulated,False,3.2,0.045,4,4.5,11.86,75.0,,,60.0,,controlled_tattoo_stress,,digital_tattoo_message,tattoo_bit1,tattoo_bit1,1.0,136.0,,,0.23329812607591888,,False,,1,
p5_temp_phase5.6_calib_137,p5_temp_fixed_chip1,mc_phase5_temp_ber_FIXED.py,phase5.6_calib,2026-07-27,1.0,real_bsim_ptm,simulated,False,3.2,0.045,4,4.5,11.86,25.0,,,60.0,,controlled_tattoo_stress,,digital_tattoo_message,tattoo_bit1,tattoo_bit1,1.0,137.0,,,0.11372600778903637,,False,,1,
p5_temp_phase5.6_field_137,p5_temp_fixed_chip1,mc_phase5_temp_ber_FIXED.py,phase5.6_field,2026-07-27,1.0,real_bsim_ptm,simulated,False,3.2,0.045,4,4.5,11.86,75.0,,,60.0,,controlled_tattoo_stress,,digital_tattoo_message,tattoo_bit1,tattoo_bit1,1.0,137.0,,,0.14093856202279426,,False,,1,
p5_temp_phase5.6_calib_138,p5_temp_fixed_chip1,mc_phase5_temp_ber_FIXED.py,phase5.6_calib,2026-07-27,1.0,real_bsim_ptm,simulated,False,3.2,0.045,4,4.5,11.86,25.0,,,60.0,,controlled_tattoo_stress,,digital_tattoo_message,tattoo_bit1,tattoo_bit1,1.0,138.0,,,0.24066108090355973,,False,,1,
p5_temp_phase5.6_field_138,p5_temp_fixed_chip1,mc_phase5_temp_ber_FIXED.py,phase5.6_field,2026-07-27,1.0,real_bsim_ptm,simulated,False,3.2,0.045,4,4.5,11.86,75.0,,,60.0,,controlled_tattoo_stress,,digital_tattoo_message,tattoo_bit1,tattoo_bit1,1.0,138.0,,,0.27559308003218896,,False,,1,
p5_temp_phase5.6_calib_139,p5_temp_fixed_chip1,mc_phase5_temp_ber_FIXED.py,phase5.6_calib,2026-07-27,1.0,real_bsim_ptm,simulated,False,3.2,0.045,4,4.5,11.86,25.0,,,60.0,,controlled_tattoo_stress,,digital_tattoo_message,tattoo_bit1,tattoo_bit1,1.0,139.0,,,0.21987603168258124,,False,,1,
p5_temp_phase5.6_field_139,p5_temp_fixed_chip1,mc_phase5_temp_ber_FIXED.py,phase5.6_field,2026-07-27,1.0,real_bsim_ptm,simulated,False,3.2,0.045,4,4.5,11.86,75.0,,,60.0,,controlled_tattoo_stress,,digital_tattoo_message,tattoo_bit1,tattoo_bit1,1.0,139.0,,,0.25655475463962396,,False,,1,
p5_temp_phase5.6_calib_140,p5_temp_fixed_chip1,mc_phase5_temp_ber_FIXED.py,phase5.6_calib,2026-07-27,1.0,real_bsim_ptm,simulated,False,3.2,0.045,4,4.5,11.86,25.0,,,0.0,,controlled_tattoo_stress,,digital_tattoo_message,tattoo_bit0,tattoo_bit0,0.0,140.0,,,1.1241201244933097,,False,,1,
p5_temp_phase5.6_field_140,p5_temp_fixed_chip1,mc_phase5_temp_ber_FIXED.py,phase5.6_field,2026-07-27,1.0,real_bsim_ptm,simulated,False,3.2,0.045,4,4.5,11.86,75.0,,,0.0,,controlled_tattoo_stress,,digital_tattoo_message,tattoo_bit0,tattoo_bit0,0.0,140.0,,,1.091277136180787,,False,,1,
p5_temp_phase5.6_calib_141,p5_temp_fixed_chip1,mc_phase5_temp_ber_FIXED.py,phase5.6_calib,2026-07-27,1.0,real_bsim_ptm,simulated,False,3.2,0.045,4,4.5,11.86,25.0,,,0.0,,controlled_tattoo_stress,,digital_tattoo_message,tattoo_bit0,tattoo_bit0,0.0,141.0,,,1.0736890030380128,,False,,1,
p5_temp_phase5.6_field_141,p5_temp_fixed_chip1,mc_phase5_temp_ber_FIXED.py,phase5.6_field,2026-07-27,1.0,real_bsim_ptm,simulated,False,3.2,0.045,4,4.5,11.86,75.0,,,0.0,,controlled_tattoo_stress,,digital_tattoo_message,tattoo_bit0,tattoo_bit0,0.0,141.0,,,1.0619594329472222,,False,,1,
p5_temp_phase5.6_calib_142,p5_temp_fixed_chip1,mc_phase5_temp_ber_FIXED.py,phase5.6_calib,2026-07-27,1.0,real_bsim_ptm,simulated,False,3.2,0.045,4,4.5,11.86,25.0,,,0.0,,controlled_tattoo_stress,,digital_tattoo_message,tattoo_bit0,tattoo_bit0,0.0,142.0,,,1.2444734337503685,,False,,1,
p5_temp_phase5.6_field_142,p5_temp_fixed_chip1,mc_phase5_temp_ber_FIXED.py,phase5.6_field,2026-07-27,1.0,real_bsim_ptm,simulated,False,3.2,0.045,4,4.5,11.86,75.0,,,0.0,,controlled_tattoo_stress,,digital_tattoo_message,tattoo_bit0,tattoo_bit0,0.0,142.0,,,1.1998956848890003,,False,,1,
p5_temp_phase5.6_calib_143,p5_temp_fixed_chip1,mc_phase5_temp_ber_FIXED.py,phase5.6_calib,2026-07-27,1.0,real_bsim_ptm,simulated,False,3.2,0.045,4,4.5,11.86,25.0,,,60.0,,controlled_tattoo_stress,,digital_tattoo_message,tattoo_bit1,tattoo_bit1,1.0,143.0,,,0.31462762576982733,,False,,1,
p5_temp_phase5.6_field_143,p5_temp_fixed_chip1,mc_phase5_temp_ber_FIXED.py,phase5.6_field,2026-07-27,1.0,real_bsim_ptm,simulated,False,3.2,0.045,4,4.5,11.86,75.0,,,60.0,,controlled_tattoo_stress,,digital_tattoo_message,tattoo_bit1,tattoo_bit1,1.0,143.0,,,0.35401572264501374,,False,,1,
p5_temp_phase5.6_calib_144,p5_temp_fixed_chip1,mc_phase5_temp_ber_FIXED.py,phase5.6_calib,2026-07-27,1.0,real_bsim_ptm,simulated,False,3.2,0.045,4,4.5,11.86,25.0,,,60.0,,controlled_tattoo_stress,,digital_tattoo_message,tattoo_bit1,tattoo_bit1,1.0,144.0,,,0.27883910590468747,,False,,1,
p5_temp_phase5.6_field_144,p5_temp_fixed_chip1,mc_phase5_temp_ber_FIXED.py,phase5.6_field,2026-07-27,1.0,real_bsim_ptm,simulated,False,3.2,0.045,4,4.5,11.86,75.0,,,60.0,,controlled_tattoo_stress,,digital_tattoo_message,tattoo_bit1,tattoo_bit1,1.0,144.0,,,0.30962732196877263,,False,,1,
p5_temp_phase5.6_calib_145,p5_temp_fixed_chip1,mc_phase5_temp_ber_FIXED.py,phase5.6_calib,2026-07-27,1.0,real_bsim_ptm,simulated,False,3.2,0.045,4,4.5,11.86,25.0,,,60.0,,controlled_tattoo_stress,,digital_tattoo_message,tattoo_bit1,tattoo_bit1,1.0,145.0,,,0.18448810839087562,,False,,1,
p5_temp_phase5.6_field_145,p5_temp_fixed_chip1,mc_phase5_temp_ber_FIXED.py,phase5.6_field,2026-07-27,1.0,real_bsim_ptm,simulated,False,3.2,0.045,4,4.5,11.86,75.0,,,60.0,,controlled_tattoo_stress,,digital_tattoo_message,tattoo_bit1,tattoo_bit1,1.0,145.0,,,0.21823160598698102,,False,,1,
p5_temp_phase5.6_calib_146,p5_temp_fixed_chip1,mc_phase5_temp_ber_FIXED.py,phase5.6_calib,2026-07-27,1.0,real_bsim_ptm,simulated,False,3.2,0.045,4,4.5,11.86,25.0,,,0.0,,controlled_tattoo_stress,,digital_tattoo_message,tattoo_bit0,tattoo_bit0,0.0,146.0,,,1.3844810944855404,,False,,1,
p5_temp_phase5.6_field_146,p5_temp_fixed_chip1,mc_phase5_temp_ber_FIXED.py,phase5.6_field,2026-07-27,1.0,real_bsim_ptm,simulated,False,3.2,0.045,4,4.5,11.86,75.0,,,0.0,,controlled_tattoo_stress,,digital_tattoo_message,tattoo_bit0,tattoo_bit0,0.0,146.0,,,1.3208860756548422,,False,,1,
p5_temp_phase5.6_calib_147,p5_temp_fixed_chip1,mc_phase5_temp_ber_FIXED.py,phase5.6_calib,2026-07-27,1.0,real_bsim_ptm,simulated,False,3.2,0.045,4,4.5,11.86,25.0,,,0.0,,controlled_tattoo_stress,,digital_tattoo_message,tattoo_bit0,tattoo_bit0,0.0,147.0,,,0.8640590071599773,,False,,1,
p5_temp_phase5.6_field_147,p5_temp_fixed_chip1,mc_phase5_temp_ber_FIXED.py,phase5.6_field,2026-07-27,1.0,real_bsim_ptm,simulated,False,3.2,0.045,4,4.5,11.86,75.0,,,0.0,,controlled_tattoo_stress,,digital_tattoo_message,tattoo_bit0,tattoo_bit0,0.0,147.0,,,0.8664734080997233,,False,,1,
p5_temp_phase5.6_calib_148,p5_temp_fixed_chip1,mc_phase5_temp_ber_FIXED.py,phase5.6_calib,2026-07-27,1.0,real_bsim_ptm,simulated,False,3.2,0.045,4,4.5,11.86,25.0,,,0.0,,controlled_tattoo_stress,,digital_tattoo_message,tattoo_bit0,tattoo_bit0,0.0,148.0,,,1.0381702594491742,,False,,1,
p5_temp_phase5.6_field_148,p5_temp_fixed_chip1,mc_phase5_temp_ber_FIXED.py,phase5.6_field,2026-07-27,1.0,real_bsim_ptm,simulated,False,3.2,0.045,4,4.5,11.86,75.0,,,0.0,,controlled_tattoo_stress,,digital_tattoo_message,tattoo_bit0,tattoo_bit0,0.0,148.0,,,1.0217831186460509,,False,,1,
p5_temp_phase5.6_calib_149,p5_temp_fixed_chip1,mc_phase5_temp_ber_FIXED.py,phase5.6_calib,2026-07-27,1.0,real_bsim_ptm,simulated,False,3.2,0.045,4,4.5,11.86,25.0,,,0.0,,controlled_tattoo_stress,,digital_tattoo_message,tattoo_bit0,tattoo_bit0,0.0,149.0,,,1.2145541842594427,,False,,1,
p5_temp_phase5.6_field_149,p5_temp_fixed_chip1,mc_phase5_temp_ber_FIXED.py,phase5.6_field,2026-07-27,1.0,real_bsim_ptm,simulated,False,3.2,0.045,4,4.5,11.86,75.0,,,0.0,,controlled_tattoo_stress,,digital_tattoo_message,tattoo_bit0,tattoo_bit0,0.0,149.0,,,1.181807352061223,,False,,1,
p5_temp_phase5.6_calib_150,p5_temp_fixed_chip1,mc_phase5_temp_ber_FIXED.py,phase5.6_calib,2026-07-27,1.0,real_bsim_ptm,simulated,False,3.2,0.045,4,4.5,11.86,25.0,,,0.0,,controlled_tattoo_stress,,digital_tattoo_message,tattoo_bit0,tattoo_bit0,0.0,150.0,,,0.6336112273320055,,False,,1,
p5_temp_phase5.6_field_150,p5_temp_fixed_chip1,mc_phase5_temp_ber_FIXED.py,phase5.6_field,2026-07-27,1.0,real_bsim_ptm,simulated,False,3.2,0.045,4,4.5,11.86,75.0,,,0.0,,controlled_tattoo_stress,,digital_tattoo_message,tattoo_bit0,tattoo_bit0,0.0,150.0,,,0.6641734503797359,,False,,1,
p5_temp_phase5.6_calib_151,p5_temp_fixed_chip1,mc_phase5_temp_ber_FIXED.py,phase5.6_calib,2026-07-27,1.0,real_bsim_ptm,simulated,False,3.2,0.045,4,4.5,11.86,25.0,,,0.0,,controlled_tattoo_stress,,digital_tattoo_message,tattoo_bit0,tattoo_bit0,0.0,151.0,,,1.1765166164812133,,False,,1,
p5_temp_phase5.6_field_151,p5_temp_fixed_chip1,mc_phase5_temp_ber_FIXED.py,phase5.6_field,2026-07-27,1.0,real_bsim_ptm,simulated,False,3.2,0.045,4,4.5,11.86,75.0,,,0.0,,controlled_tattoo_stress,,digital_tattoo_message,tattoo_bit0,tattoo_bit0,0.0,151.0,,,1.148511968012959,,False,,1,
p5_temp_phase5.6_calib_152,p5_temp_fixed_chip1,mc_phase5_temp_ber_FIXED.py,phase5.6_calib,2026-07-27,1.0,real_bsim_ptm,simulated,False,3.2,0.045,4,4.5,11.86,25.0,,,60.0,,controlled_tattoo_stress,,digital_tattoo_message,tattoo_bit1,tattoo_bit1,1.0,152.0,,,0.16636121801010328,,False,,1,
p5_temp_phase5.6_field_152,p5_temp_fixed_chip1,mc_phase5_temp_ber_FIXED.py,phase5.6_field,2026-07-27,1.0,real_bsim_ptm,simulated,False,3.2,0.045,4,4.5,11.86,75.0,,,60.0,,controlled_tattoo_stress,,digital_tattoo_message,tattoo_bit1,tattoo_bit1,1.0,152.0,,,0.19941178197790319,,False,,1,
p5_temp_phase5.6_calib_153,p5_temp_fixed_chip1,mc_phase5_temp_ber_FIXED.py,phase5.6_calib,2026-07-27,1.0,real_bsim_ptm,simulated,False,3.2,0.045,4,4.5,11.86,25.0,,,0.0,,controlled_tattoo_stress,,digital_tattoo_message,tattoo_bit0,tattoo_bit0,0.0,153.0,,,1.1413559588403934,,False,,1,
p5_temp_phase5.6_field_153,p5_temp_fixed_chip1,mc_phase5_temp_ber_FIXED.py,phase5.6_field,2026-07-27,1.0,real_bsim_ptm,simulated,False,3.2,0.045,4,4.5,11.86,75.0,,,0.0,,controlled_tattoo_stress,,digital_tattoo_message,tattoo_bit0,tattoo_bit0,0.0,153.0,,,1.1119073186825683,,False,,1,
p5_temp_phase5.6_calib_154,p5_temp_fixed_chip1,mc_phase5_temp_ber_FIXED.py,phase5.6_calib,2026-07-27,1.0,real_bsim_ptm,simulated,False,3.2,0.045,4,4.5,11.86,25.0,,,60.0,,controlled_tattoo_stress,,digital_tattoo_message,tattoo_bit1,tattoo_bit1,1.0,154.0,,,0.18229095806647655,,False,,1,
p5_temp_phase5.6_field_154,p5_temp_fixed_chip1,mc_phase5_temp_ber_FIXED.py,phase5.6_field,2026-07-27,1.0,real_bsim_ptm,simulated,False,3.2,0.045,4,4.5,11.86,75.0,,,60.0,,controlled_tattoo_stress,,digital_tattoo_message,tattoo_bit1,tattoo_bit1,1.0,154.0,,,0.21798423840832004,,False,,1,
p5_temp_phase5.6_calib_155,p5_temp_fixed_chip1,mc_phase5_temp_ber_FIXED.py,phase5.6_calib,2026-07-27,1.0,real_bsim_ptm,simulated,False,3.2,0.045,4,4.5,11.86,25.0,,,0.0,,controlled_tattoo_stress,,digital_tattoo_message,tattoo_bit0,tattoo_bit0,0.0,155.0,,,0.8305266394175556,,False,,1,
p5_temp_phase5.6_field_155,p5_temp_fixed_chip1,mc_phase5_temp_ber_FIXED.py,phase5.6_field,2026-07-27,1.0,real_bsim_ptm,simulated,False,3.2,0.045,4,4.5,11.86,75.0,,,0.0,,controlled_tattoo_stress,,digital_tattoo_message,tattoo_bit0,tattoo_bit0,0.0,155.0,,,0.8467039892413818,,False,,1,
p5_temp_phase5.6_calib_156,p5_temp_fixed_chip1,mc_phase5_temp_ber_FIXED.py,phase5.6_calib,2026-07-27,1.0,real_bsim_ptm,simulated,False,3.2,0.045,4,4.5,11.86,25.0,,,60.0,,controlled_tattoo_stress,,digital_tattoo_message,tattoo_bit1,tattoo_bit1,1.0,156.0,,,0.2614168261406271,,False,,1,
p5_temp_phase5.6_field_156,p5_temp_fixed_chip1,mc_phase5_temp_ber_FIXED.py,phase5.6_field,2026-07-27,1.0,real_bsim_ptm,simulated,False,3.2,0.045,4,4.5,11.86,75.0,,,60.0,,controlled_tattoo_stress,,digital_tattoo_message,tattoo_bit1,tattoo_bit1,1.0,156.0,,,0.30121124530426086,,False,,1,
p5_temp_phase5.6_calib_157,p5_temp_fixed_chip1,mc_phase5_temp_ber_FIXED.py,phase5.6_calib,2026-07-27,1.0,real_bsim_ptm,simulated,False,3.2,0.045,4,4.5,11.86,25.0,,,0.0,,controlled_tattoo_stress,,digital_tattoo_message,tattoo_bit0,tattoo_bit0,0.0,157.0,,,1.2253720086462714,,False,,1,
p5_temp_phase5.6_field_157,p5_temp_fixed_chip1,mc_phase5_temp_ber_FIXED.py,phase5.6_field,2026-07-27,1.0,real_bsim_ptm,simulated,False,3.2,0.045,4,4.5,11.86,75.0,,,0.0,,controlled_tattoo_stress,,digital_tattoo_message,tattoo_bit0,tattoo_bit0,0.0,157.0,,,1.1955844583126691,,False,,1,
p5_temp_phase5.6_calib_158,p5_temp_fixed_chip1,mc_phase5_temp_ber_FIXED.py,phase5.6_calib,2026-07-27,1.0,real_bsim_ptm,simulated,False,3.2,0.045,4,4.5,11.86,25.0,,,60.0,,controlled_tattoo_stress,,digital_tattoo_message,tattoo_bit1,tattoo_bit1,1.0,158.0,,,0.281174327807988,,False,,1,
p5_temp_phase5.6_field_158,p5_temp_fixed_chip1,mc_phase5_temp_ber_FIXED.py,phase5.6_field,2026-07-27,1.0,real_bsim_ptm,simulated,False,3.2,0.045,4,4.5,11.86,75.0,,,60.0,,controlled_tattoo_stress,,digital_tattoo_message,tattoo_bit1,tattoo_bit1,1.0,158.0,,,0.3203588672882536,,False,,1,
p5_temp_phase5.6_calib_159,p5_temp_fixed_chip1,mc_phase5_temp_ber_FIXED.py,phase5.6_calib,2026-07-27,1.0,real_bsim_ptm,simulated,False,3.2,0.045,4,4.5,11.86,25.0,,,60.0,,controlled_tattoo_stress,,digital_tattoo_message,tattoo_bit1,tattoo_bit1,1.0,159.0,,,0.14690161712178612,,False,,1,
p5_temp_phase5.6_field_159,p5_temp_fixed_chip1,mc_phase5_temp_ber_FIXED.py,phase5.6_field,2026-07-27,1.0,real_bsim_ptm,simulated,False,3.2,0.045,4,4.5,11.86,75.0,,,60.0,,controlled_tattoo_stress,,digital_tattoo_message,tattoo_bit1,tattoo_bit1,1.0,159.0,,,0.1777039352313835,,False,,1,
p5_temp_phase5.6_calib_160,p5_temp_fixed_chip1,mc_phase5_temp_ber_FIXED.py,phase5.6_calib,2026-07-27,1.0,real_bsim_ptm,simulated,False,3.2,0.045,4,4.5,11.86,25.0,,,0.0,,controlled_tattoo_stress,,digital_tattoo_message,tattoo_bit0,tattoo_bit0,0.0,160.0,,,1.2756967180681977,,False,,1,
p5_temp_phase5.6_field_160,p5_temp_fixed_chip1,mc_phase5_temp_ber_FIXED.py,phase5.6_field,2026-07-27,1.0,real_bsim_ptm,simulated,False,3.2,0.045,4,4.5,11.86,75.0,,,0.0,,controlled_tattoo_stress,,digital_tattoo_message,tattoo_bit0,tattoo_bit0,0.0,160.0,,,1.2408261927336843,,False,,1,
p5_temp_phase5.6_calib_161,p5_temp_fixed_chip1,mc_phase5_temp_ber_FIXED.py,phase5.6_calib,2026-07-27,1.0,real_bsim_ptm,simulated,False,3.2,0.045,4,4.5,11.86,25.0,,,60.0,,controlled_tattoo_stress,,digital_tattoo_message,tattoo_bit1,tattoo_bit1,1.0,161.0,,,0.18863268599441035,,False,,1,
p5_temp_phase5.6_field_161,p5_temp_fixed_chip1,mc_phase5_temp_ber_FIXED.py,phase5.6_field,2026-07-27,1.0,real_bsim_ptm,simulated,False,3.2,0.045,4,4.5,11.86,75.0,,,60.0,,controlled_tattoo_stress,,digital_tattoo_message,tattoo_bit1,tattoo_bit1,1.0,161.0,,,0.22222723379460563,,False,,1,
p5_temp_phase5.6_calib_162,p5_temp_fixed_chip1,mc_phase5_temp_ber_FIXED.py,phase5.6_calib,2026-07-27,1.0,real_bsim_ptm,simulated,False,3.2,0.045,4,4.5,11.86,25.0,,,0.0,,controlled_tattoo_stress,,digital_tattoo_message,tattoo_bit0,tattoo_bit0,0.0,162.0,,,1.1070443912398857,,False,,1,
p5_temp_phase5.6_field_162,p5_temp_fixed_chip1,mc_phase5_temp_ber_FIXED.py,phase5.6_field,2026-07-27,1.0,real_bsim_ptm,simulated,False,3.2,0.045,4,4.5,11.86,75.0,,,0.0,,controlled_tattoo_stress,,digital_tattoo_message,tattoo_bit0,tattoo_bit0,0.0,162.0,,,1.0943129095319852,,False,,1,
p5_temp_phase5.6_calib_163,p5_temp_fixed_chip1,mc_phase5_temp_ber_FIXED.py,phase5.6_calib,2026-07-27,1.0,real_bsim_ptm,simulated,False,3.2,0.045,4,4.5,11.86,25.0,,,0.0,,controlled_tattoo_stress,,digital_tattoo_message,tattoo_bit0,tattoo_bit0,0.0,163.0,,,1.1902442714873167,,False,,1,
p5_temp_phase5.6_field_163,p5_temp_fixed_chip1,mc_phase5_temp_ber_FIXED.py,phase5.6_field,2026-07-27,1.0,real_bsim_ptm,simulated,False,3.2,0.045,4,4.5,11.86,75.0,,,0.0,,controlled_tattoo_stress,,digital_tattoo_message,tattoo_bit0,tattoo_bit0,0.0,163.0,,,1.1532363612581447,,False,,1,
p5_temp_phase5.6_calib_164,p5_temp_fixed_chip1,mc_phase5_temp_ber_FIXED.py,phase5.6_calib,2026-07-27,1.0,real_bsim_ptm,simulated,False,3.2,0.045,4,4.5,11.86,25.0,,,60.0,,controlled_tattoo_stress,,digital_tattoo_message,tattoo_bit1,tattoo_bit1,1.0,164.0,,,0.2529165641324523,,False,,1,
p5_temp_phase5.6_field_164,p5_temp_fixed_chip1,mc_phase5_temp_ber_FIXED.py,phase5.6_field,2026-07-27,1.0,real_bsim_ptm,simulated,False,3.2,0.045,4,4.5,11.86,75.0,,,60.0,,controlled_tattoo_stress,,digital_tattoo_message,tattoo_bit1,tattoo_bit1,1.0,164.0,,,0.28793284230333965,,False,,1,
p5_temp_phase5.6_calib_165,p5_temp_fixed_chip1,mc_phase5_temp_ber_FIXED.py,phase5.6_calib,2026-07-27,1.0,real_bsim_ptm,simulated,False,3.2,0.045,4,4.5,11.86,25.0,,,0.0,,controlled_tattoo_stress,,digital_tattoo_message,tattoo_bit0,tattoo_bit0,0.0,165.0,,,0.9952593146799456,,False,,1,
p5_temp_phase5.6_field_165,p5_temp_fixed_chip1,mc_phase5_temp_ber_FIXED.py,phase5.6_field,2026-07-27,1.0,real_bsim_ptm,simulated,False,3.2,0.045,4,4.5,11.86,75.0,,,0.0,,controlled_tattoo_stress,,digital_tattoo_message,tattoo_bit0,tattoo_bit0,0.0,165.0,,,0.9918844982469253,,False,,1,
p5_temp_phase5.6_calib_166,p5_temp_fixed_chip1,mc_phase5_temp_ber_FIXED.py,phase5.6_calib,2026-07-27,1.0,real_bsim_ptm,simulated,False,3.2,0.045,4,4.5,11.86,25.0,,,60.0,,controlled_tattoo_stress,,digital_tattoo_message,tattoo_bit1,tattoo_bit1,1.0,166.0,,,0.17719534511924995,,False,,1,
p5_temp_phase5.6_field_166,p5_temp_fixed_chip1,mc_phase5_temp_ber_FIXED.py,phase5.6_field,2026-07-27,1.0,real_bsim_ptm,simulated,False,3.2,0.045,4,4.5,11.86,75.0,,,60.0,,controlled_tattoo_stress,,digital_tattoo_message,tattoo_bit1,tattoo_bit1,1.0,166.0,,,0.2113593026775358,,False,,1,
p5_temp_phase5.6_calib_167,p5_temp_fixed_chip1,mc_phase5_temp_ber_FIXED.py,phase5.6_calib,2026-07-27,1.0,real_bsim_ptm,simulated,False,3.2,0.045,4,4.5,11.86,25.0,,,60.0,,controlled_tattoo_stress,,digital_tattoo_message,tattoo_bit1,tattoo_bit1,1.0,167.0,,,0.21610821989589032,,False,,1,
p5_temp_phase5.6_field_167,p5_temp_fixed_chip1,mc_phase5_temp_ber_FIXED.py,phase5.6_field,2026-07-27,1.0,real_bsim_ptm,simulated,False,3.2,0.045,4,4.5,11.86,75.0,,,60.0,,controlled_tattoo_stress,,digital_tattoo_message,tattoo_bit1,tattoo_bit1,1.0,167.0,,,0.25362839855866903,,False,,1,
p5_temp_phase5.6_calib_168,p5_temp_fixed_chip1,mc_phase5_temp_ber_FIXED.py,phase5.6_calib,2026-07-27,1.0,real_bsim_ptm,simulated,False,3.2,0.045,4,4.5,11.86,25.0,,,0.0,,controlled_tattoo_stress,,digital_tattoo_message,tattoo_bit0,tattoo_bit0,0.0,168.0,,,1.0800826117843083,,False,,1,
p5_temp_phase5.6_field_168,p5_temp_fixed_chip1,mc_phase5_temp_ber_FIXED.py,phase5.6_field,2026-07-27,1.0,real_bsim_ptm,simulated,False,3.2,0.045,4,4.5,11.86,75.0,,,0.0,,controlled_tattoo_stress,,digital_tattoo_message,tattoo_bit0,tattoo_bit0,0.0,168.0,,,1.0620352692461934,,False,,1,
p5_temp_phase5.6_calib_169,p5_temp_fixed_chip1,mc_phase5_temp_ber_FIXED.py,phase5.6_calib,2026-07-27,1.0,real_bsim_ptm,simulated,False,3.2,0.045,4,4.5,11.86,25.0,,,60.0,,controlled_tattoo_stress,,digital_tattoo_message,tattoo_bit1,tattoo_bit1,1.0,169.0,,,0.1899526579990529,,False,,1,
p5_temp_phase5.6_field_169,p5_temp_fixed_chip1,mc_phase5_temp_ber_FIXED.py,phase5.6_field,2026-07-27,1.0,real_bsim_ptm,simulated,False,3.2,0.045,4,4.5,11.86,75.0,,,60.0,,controlled_tattoo_stress,,digital_tattoo_message,tattoo_bit1,tattoo_bit1,1.0,169.0,,,0.22482626112843265,,False,,1,
p5_temp_phase5.6_calib_170,p5_temp_fixed_chip1,mc_phase5_temp_ber_FIXED.py,phase5.6_calib,2026-07-27,1.0,real_bsim_ptm,simulated,False,3.2,0.045,4,4.5,11.86,25.0,,,60.0,,controlled_tattoo_stress,,digital_tattoo_message,tattoo_bit1,tattoo_bit1,1.0,170.0,,,0.2935510883725151,,False,,1,
p5_temp_phase5.6_field_170,p5_temp_fixed_chip1,mc_phase5_temp_ber_FIXED.py,phase5.6_field,2026-07-27,1.0,real_bsim_ptm,simulated,False,3.2,0.045,4,4.5,11.86,75.0,,,60.0,,controlled_tattoo_stress,,digital_tattoo_message,tattoo_bit1,tattoo_bit1,1.0,170.0,,,0.3317489117755435,,False,,1,
p5_temp_phase5.6_calib_171,p5_temp_fixed_chip1,mc_phase5_temp_ber_FIXED.py,phase5.6_calib,2026-07-27,1.0,real_bsim_ptm,simulated,False,3.2,0.045,4,4.5,11.86,25.0,,,60.0,,controlled_tattoo_stress,,digital_tattoo_message,tattoo_bit1,tattoo_bit1,1.0,171.0,,,0.1730932973032605,,False,,1,
p5_temp_phase5.6_field_171,p5_temp_fixed_chip1,mc_phase5_temp_ber_FIXED.py,phase5.6_field,2026-07-27,1.0,real_bsim_ptm,simulated,False,3.2,0.045,4,4.5,11.86,75.0,,,60.0,,controlled_tattoo_stress,,digital_tattoo_message,tattoo_bit1,tattoo_bit1,1.0,171.0,,,0.2046395393110501,,False,,1,
p5_temp_phase5.6_calib_172,p5_temp_fixed_chip1,mc_phase5_temp_ber_FIXED.py,phase5.6_calib,2026-07-27,1.0,real_bsim_ptm,simulated,False,3.2,0.045,4,4.5,11.86,25.0,,,0.0,,controlled_tattoo_stress,,digital_tattoo_message,tattoo_bit0,tattoo_bit0,0.0,172.0,,,1.2100735464698504,,False,,1,
p5_temp_phase5.6_field_172,p5_temp_fixed_chip1,mc_phase5_temp_ber_FIXED.py,phase5.6_field,2026-07-27,1.0,real_bsim_ptm,simulated,False,3.2,0.045,4,4.5,11.86,75.0,,,0.0,,controlled_tattoo_stress,,digital_tattoo_message,tattoo_bit0,tattoo_bit0,0.0,172.0,,,1.1705276031812635,,False,,1,
p5_temp_phase5.6_calib_173,p5_temp_fixed_chip1,mc_phase5_temp_ber_FIXED.py,phase5.6_calib,2026-07-27,1.0,real_bsim_ptm,simulated,False,3.2,0.045,4,4.5,11.86,25.0,,,60.0,,controlled_tattoo_stress,,digital_tattoo_message,tattoo_bit1,tattoo_bit1,1.0,173.0,,,0.45217820115173246,,False,,1,
p5_temp_phase5.6_field_173,p5_temp_fixed_chip1,mc_phase5_temp_ber_FIXED.py,phase5.6_field,2026-07-27,1.0,real_bsim_ptm,simulated,False,3.2,0.045,4,4.5,11.86,75.0,,,60.0,,controlled_tattoo_stress,,digital_tattoo_message,tattoo_bit1,tattoo_bit1,1.0,173.0,,,0.48548655384949346,,False,,1,
p5_temp_phase5.6_calib_174,p5_temp_fixed_chip1,mc_phase5_temp_ber_FIXED.py,phase5.6_calib,2026-07-27,1.0,real_bsim_ptm,simulated,False,3.2,0.045,4,4.5,11.86,25.0,,,60.0,,controlled_tattoo_stress,,digital_tattoo_message,tattoo_bit1,tattoo_bit1,1.0,174.0,,,0.1569497992736861,,False,,1,
p5_temp_phase5.6_field_174,p5_temp_fixed_chip1,mc_phase5_temp_ber_FIXED.py,phase5.6_field,2026-07-27,1.0,real_bsim_ptm,simulated,False,3.2,0.045,4,4.5,11.86,75.0,,,60.0,,controlled_tattoo_stress,,digital_tattoo_message,tattoo_bit1,tattoo_bit1,1.0,174.0,,,0.18829081843353587,,False,,1,
p5_temp_phase5.6_calib_175,p5_temp_fixed_chip1,mc_phase5_temp_ber_FIXED.py,phase5.6_calib,2026-07-27,1.0,real_bsim_ptm,simulated,False,3.2,0.045,4,4.5,11.86,25.0,,,0.0,,controlled_tattoo_stress,,digital_tattoo_message,tattoo_bit0,tattoo_bit0,0.0,175.0,,,1.4438073915195795,,False,,1,
p5_temp_phase5.6_field_175,p5_temp_fixed_chip1,mc_phase5_temp_ber_FIXED.py,phase5.6_field,2026-07-27,1.0,real_bsim_ptm,simulated,False,3.2,0.045,4,4.5,11.86,75.0,,,0.0,,controlled_tattoo_stress,,digital_tattoo_message,tattoo_bit0,tattoo_bit0,0.0,175.0,,,1.3854419319113516,,False,,1,
p5_temp_phase5.6_calib_176,p5_temp_fixed_chip1,mc_phase5_temp_ber_FIXED.py,phase5.6_calib,2026-07-27,1.0,real_bsim_ptm,simulated,False,3.2,0.045,4,4.5,11.86,25.0,,,0.0,,controlled_tattoo_stress,,digital_tattoo_message,tattoo_bit0,tattoo_bit0,0.0,176.0,,,1.0324041630029008,,False,,1,
p5_temp_phase5.6_field_176,p5_temp_fixed_chip1,mc_phase5_temp_ber_FIXED.py,phase5.6_field,2026-07-27,1.0,real_bsim_ptm,simulated,False,3.2,0.045,4,4.5,11.86,75.0,,,0.0,,controlled_tattoo_stress,,digital_tattoo_message,tattoo_bit0,tattoo_bit0,0.0,176.0,,,1.021840520725843,,False,,1,
p5_temp_phase5.6_calib_177,p5_temp_fixed_chip1,mc_phase5_temp_ber_FIXED.py,phase5.6_calib,2026-07-27,1.0,real_bsim_ptm,simulated,False,3.2,0.045,4,4.5,11.86,25.0,,,60.0,,controlled_tattoo_stress,,digital_tattoo_message,tattoo_bit1,tattoo_bit1,1.0,177.0,,,0.2648589299541611,,False,,1,
p5_temp_phase5.6_field_177,p5_temp_fixed_chip1,mc_phase5_temp_ber_FIXED.py,phase5.6_field,2026-07-27,1.0,real_bsim_ptm,simulated,False,3.2,0.045,4,4.5,11.86,75.0,,,60.0,,controlled_tattoo_stress,,digital_tattoo_message,tattoo_bit1,tattoo_bit1,1.0,177.0,,,0.30036464941996066,,False,,1,
p5_temp_phase5.6_calib_178,p5_temp_fixed_chip1,mc_phase5_temp_ber_FIXED.py,phase5.6_calib,2026-07-27,1.0,real_bsim_ptm,simulated,False,3.2,0.045,4,4.5,11.86,25.0,,,60.0,,controlled_tattoo_stress,,digital_tattoo_message,tattoo_bit1,tattoo_bit1,1.0,178.0,,,0.2490244304299744,,False,,1,
p5_temp_phase5.6_field_178,p5_temp_fixed_chip1,mc_phase5_temp_ber_FIXED.py,phase5.6_field,2026-07-27,1.0,real_bsim_ptm,simulated,False,3.2,0.045,4,4.5,11.86,75.0,,,60.0,,controlled_tattoo_stress,,digital_tattoo_message,tattoo_bit1,tattoo_bit1,1.0,178.0,,,0.28696639827958303,,False,,1,
p5_temp_phase5.6_calib_179,p5_temp_fixed_chip1,mc_phase5_temp_ber_FIXED.py,phase5.6_calib,2026-07-27,1.0,real_bsim_ptm,simulated,False,3.2,0.045,4,4.5,11.86,25.0,,,60.0,,controlled_tattoo_stress,,digital_tattoo_message,tattoo_bit1,tattoo_bit1,1.0,179.0,,,0.17186963866392194,,False,,1,
p5_temp_phase5.6_field_179,p5_temp_fixed_chip1,mc_phase5_temp_ber_FIXED.py,phase5.6_field,2026-07-27,1.0,real_bsim_ptm,simulated,False,3.2,0.045,4,4.5,11.86,75.0,,,60.0,,controlled_tattoo_stress,,digital_tattoo_message,tattoo_bit1,tattoo_bit1,1.0,179.0,,,0.206589464670059,,False,,1,
p5_temp_phase5.6_calib_180,p5_temp_fixed_chip1,mc_phase5_temp_ber_FIXED.py,phase5.6_calib,2026-07-27,1.0,real_bsim_ptm,simulated,False,3.2,0.045,4,4.5,11.86,25.0,,,0.0,,controlled_tattoo_stress,,digital_tattoo_message,tattoo_bit0,tattoo_bit0,0.0,180.0,,,1.6780196609421054,,False,,1,
p5_temp_phase5.6_field_180,p5_temp_fixed_chip1,mc_phase5_temp_ber_FIXED.py,phase5.6_field,2026-07-27,1.0,real_bsim_ptm,simulated,False,3.2,0.045,4,4.5,11.86,75.0,,,0.0,,controlled_tattoo_stress,,digital_tattoo_message,tattoo_bit0,tattoo_bit0,0.0,180.0,,,1.5818604438498391,,False,,1,
p5_temp_phase5.6_calib_181,p5_temp_fixed_chip1,mc_phase5_temp_ber_FIXED.py,phase5.6_calib,2026-07-27,1.0,real_bsim_ptm,simulated,False,3.2,0.045,4,4.5,11.86,25.0,,,60.0,,controlled_tattoo_stress,,digital_tattoo_message,tattoo_bit1,tattoo_bit1,1.0,181.0,,,0.19609884493565738,,False,,1,
p5_temp_phase5.6_field_181,p5_temp_fixed_chip1,mc_phase5_temp_ber_FIXED.py,phase5.6_field,2026-07-27,1.0,real_bsim_ptm,simulated,False,3.2,0.045,4,4.5,11.86,75.0,,,60.0,,controlled_tattoo_stress,,digital_tattoo_message,tattoo_bit1,tattoo_bit1,1.0,181.0,,,0.22816841899711823,,False,,1,
p5_temp_phase5.6_calib_182,p5_temp_fixed_chip1,mc_phase5_temp_ber_FIXED.py,phase5.6_calib,2026-07-27,1.0,real_bsim_ptm,simulated,False,3.2,0.045,4,4.5,11.86,25.0,,,60.0,,controlled_tattoo_stress,,digital_tattoo_message,tattoo_bit1,tattoo_bit1,1.0,182.0,,,0.1415743405372646,,False,,1,
p5_temp_phase5.6_field_182,p5_temp_fixed_chip1,mc_phase5_temp_ber_FIXED.py,phase5.6_field,2026-07-27,1.0,real_bsim_ptm,simulated,False,3.2,0.045,4,4.5,11.86,75.0,,,60.0,,controlled_tattoo_stress,,digital_tattoo_message,tattoo_bit1,tattoo_bit1,1.0,182.0,,,0.17368169731243097,,False,,1,
p5_temp_phase5.6_calib_183,p5_temp_fixed_chip1,mc_phase5_temp_ber_FIXED.py,phase5.6_calib,2026-07-27,1.0,real_bsim_ptm,simulated,False,3.2,0.045,4,4.5,11.86,25.0,,,0.0,,controlled_tattoo_stress,,digital_tattoo_message,tattoo_bit0,tattoo_bit0,0.0,183.0,,,1.1196742166029479,,False,,1,
p5_temp_phase5.6_field_183,p5_temp_fixed_chip1,mc_phase5_temp_ber_FIXED.py,phase5.6_field,2026-07-27,1.0,real_bsim_ptm,simulated,False,3.2,0.045,4,4.5,11.86,75.0,,,0.0,,controlled_tattoo_stress,,digital_tattoo_message,tattoo_bit0,tattoo_bit0,0.0,183.0,,,1.099257091435289,,False,,1,
p5_temp_phase5.6_calib_184,p5_temp_fixed_chip1,mc_phase5_temp_ber_FIXED.py,phase5.6_calib,2026-07-27,1.0,real_bsim_ptm,simulated,False,3.2,0.045,4,4.5,11.86,25.0,,,0.0,,controlled_tattoo_stress,,digital_tattoo_message,tattoo_bit0,tattoo_bit0,0.0,184.0,,,0.8649748766596738,,False,,1,
p5_temp_phase5.6_field_184,p5_temp_fixed_chip1,mc_phase5_temp_ber_FIXED.py,phase5.6_field,2026-07-27,1.0,real_bsim_ptm,simulated,False,3.2,0.045,4,4.5,11.86,75.0,,,0.0,,controlled_tattoo_stress,,digital_tattoo_message,tattoo_bit0,tattoo_bit0,0.0,184.0,,,0.8753946965532797,,False,,1,
p5_temp_phase5.6_calib_185,p5_temp_fixed_chip1,mc_phase5_temp_ber_FIXED.py,phase5.6_calib,2026-07-27,1.0,real_bsim_ptm,simulated,False,3.2,0.045,4,4.5,11.86,25.0,,,0.0,,controlled_tattoo_stress,,digital_tattoo_message,tattoo_bit0,tattoo_bit0,0.0,185.0,,,1.1951581955208161,,False,,1,
p5_temp_phase5.6_field_185,p5_temp_fixed_chip1,mc_phase5_temp_ber_FIXED.py,phase5.6_field,2026-07-27,1.0,real_bsim_ptm,simulated,False,3.2,0.045,4,4.5,11.86,75.0,,,0.0,,controlled_tattoo_stress,,digital_tattoo_message,tattoo_bit0,tattoo_bit0,0.0,185.0,,,1.150071176074801,,False,,1,
p5_temp_phase5.6_calib_186,p5_temp_fixed_chip1,mc_phase5_temp_ber_FIXED.py,phase5.6_calib,2026-07-27,1.0,real_bsim_ptm,simulated,False,3.2,0.045,4,4.5,11.86,25.0,,,60.0,,controlled_tattoo_stress,,digital_tattoo_message,tattoo_bit1,tattoo_bit1,1.0,186.0,,,0.4382038200543357,,False,,1,
p5_temp_phase5.6_field_186,p5_temp_fixed_chip1,mc_phase5_temp_ber_FIXED.py,phase5.6_field,2026-07-27,1.0,real_bsim_ptm,simulated,False,3.2,0.045,4,4.5,11.86,75.0,,,60.0,,controlled_tattoo_stress,,digital_tattoo_message,tattoo_bit1,tattoo_bit1,1.0,186.0,,,0.4717436532649501,,False,,1,
p5_temp_phase5.6_calib_187,p5_temp_fixed_chip1,mc_phase5_temp_ber_FIXED.py,phase5.6_calib,2026-07-27,1.0,real_bsim_ptm,simulated,False,3.2,0.045,4,4.5,11.86,25.0,,,0.0,,controlled_tattoo_stress,,digital_tattoo_message,tattoo_bit0,tattoo_bit0,0.0,187.0,,,1.2251566172342094,,False,,1,
p5_temp_phase5.6_field_187,p5_temp_fixed_chip1,mc_phase5_temp_ber_FIXED.py,phase5.6_field,2026-07-27,1.0,real_bsim_ptm,simulated,False,3.2,0.045,4,4.5,11.86,75.0,,,0.0,,controlled_tattoo_stress,,digital_tattoo_message,tattoo_bit0,tattoo_bit0,0.0,187.0,,,1.1829995103079534,,False,,1,
p5_temp_phase5.6_calib_188,p5_temp_fixed_chip1,mc_phase5_temp_ber_FIXED.py,phase5.6_calib,2026-07-27,1.0,real_bsim_ptm,simulated,False,3.2,0.045,4,4.5,11.86,25.0,,,0.0,,controlled_tattoo_stress,,digital_tattoo_message,tattoo_bit0,tattoo_bit0,0.0,188.0,,,1.3011690476862485,,False,,1,
p5_temp_phase5.6_field_188,p5_temp_fixed_chip1,mc_phase5_temp_ber_FIXED.py,phase5.6_field,2026-07-27,1.0,real_bsim_ptm,simulated,False,3.2,0.045,4,4.5,11.86,75.0,,,0.0,,controlled_tattoo_stress,,digital_tattoo_message,tattoo_bit0,tattoo_bit0,0.0,188.0,,,1.2601148763011278,,False,,1,
p5_temp_phase5.6_calib_189,p5_temp_fixed_chip1,mc_phase5_temp_ber_FIXED.py,phase5.6_calib,2026-07-27,1.0,real_bsim_ptm,simulated,False,3.2,0.045,4,4.5,11.86,25.0,,,0.0,,controlled_tattoo_stress,,digital_tattoo_message,tattoo_bit0,tattoo_bit0,0.0,189.0,,,1.2034333786283908,,False,,1,
p5_temp_phase5.6_field_189,p5_temp_fixed_chip1,mc_phase5_temp_ber_FIXED.py,phase5.6_field,2026-07-27,1.0,real_bsim_ptm,simulated,False,3.2,0.045,4,4.5,11.86,75.0,,,0.0,,controlled_tattoo_stress,,digital_tattoo_message,tattoo_bit0,tattoo_bit0,0.0,189.0,,,1.1732687100917762,,False,,1,
p5_temp_phase5.6_calib_190,p5_temp_fixed_chip1,mc_phase5_temp_ber_FIXED.py,phase5.6_calib,2026-07-27,1.0,real_bsim_ptm,simulated,False,3.2,0.045,4,4.5,11.86,25.0,,,0.0,,controlled_tattoo_stress,,digital_tattoo_message,tattoo_bit0,tattoo_bit0,0.0,190.0,,,1.0169071339702334,,False,,1,
p5_temp_phase5.6_field_190,p5_temp_fixed_chip1,mc_phase5_temp_ber_FIXED.py,phase5.6_field,2026-07-27,1.0,real_bsim_ptm,simulated,False,3.2,0.045,4,4.5,11.86,75.0,,,0.0,,controlled_tattoo_stress,,digital_tattoo_message,tattoo_bit0,tattoo_bit0,0.0,190.0,,,1.0134878784290977,,False,,1,
p5_temp_phase5.6_calib_191,p5_temp_fixed_chip1,mc_phase5_temp_ber_FIXED.py,phase5.6_calib,2026-07-27,1.0,real_bsim_ptm,simulated,False,3.2,0.045,4,4.5,11.86,25.0,,,0.0,,controlled_tattoo_stress,,digital_tattoo_message,tattoo_bit0,tattoo_bit0,0.0,191.0,,,0.8361883819540801,,False,,1,
p5_temp_phase5.6_field_191,p5_temp_fixed_chip1,mc_phase5_temp_ber_FIXED.py,phase5.6_field,2026-07-27,1.0,real_bsim_ptm,simulated,False,3.2,0.045,4,4.5,11.86,75.0,,,0.0,,controlled_tattoo_stress,,digital_tattoo_message,tattoo_bit0,tattoo_bit0,0.0,191.0,,,0.8481917957693679,,False,,1,
p5_temp_phase5.6_calib_192,p5_temp_fixed_chip1,mc_phase5_temp_ber_FIXED.py,phase5.6_calib,2026-07-27,1.0,real_bsim_ptm,simulated,False,3.2,0.045,4,4.5,11.86,25.0,,,60.0,,controlled_tattoo_stress,,digital_tattoo_message,tattoo_bit1,tattoo_bit1,1.0,192.0,,,0.15634976558816427,,False,,1,
p5_temp_phase5.6_field_192,p5_temp_fixed_chip1,mc_phase5_temp_ber_FIXED.py,phase5.6_field,2026-07-27,1.0,real_bsim_ptm,simulated,False,3.2,0.045,4,4.5,11.86,75.0,,,60.0,,controlled_tattoo_stress,,digital_tattoo_message,tattoo_bit1,tattoo_bit1,1.0,192.0,,,0.18993528445331867,,False,,1,
p5_temp_phase5.6_calib_193,p5_temp_fixed_chip1,mc_phase5_temp_ber_FIXED.py,phase5.6_calib,2026-07-27,1.0,real_bsim_ptm,simulated,False,3.2,0.045,4,4.5,11.86,25.0,,,60.0,,controlled_tattoo_stress,,digital_tattoo_message,tattoo_bit1,tattoo_bit1,1.0,193.0,,,0.12013113676694324,,False,,1,
p5_temp_phase5.6_field_193,p5_temp_fixed_chip1,mc_phase5_temp_ber_FIXED.py,phase5.6_field,2026-07-27,1.0,real_bsim_ptm,simulated,False,3.2,0.045,4,4.5,11.86,75.0,,,60.0,,controlled_tattoo_stress,,digital_tattoo_message,tattoo_bit1,tattoo_bit1,1.0,193.0,,,0.1491867565216321,,False,,1,
p5_temp_phase5.6_calib_194,p5_temp_fixed_chip1,mc_phase5_temp_ber_FIXED.py,phase5.6_calib,2026-07-27,1.0,real_bsim_ptm,simulated,False,3.2,0.045,4,4.5,11.86,25.0,,,0.0,,controlled_tattoo_stress,,digital_tattoo_message,tattoo_bit0,tattoo_bit0,0.0,194.0,,,1.0666227911417723,,False,,1,
p5_temp_phase5.6_field_194,p5_temp_fixed_chip1,mc_phase5_temp_ber_FIXED.py,phase5.6_field,2026-07-27,1.0,real_bsim_ptm,simulated,False,3.2,0.045,4,4.5,11.86,75.0,,,0.0,,controlled_tattoo_stress,,digital_tattoo_message,tattoo_bit0,tattoo_bit0,0.0,194.0,,,1.0442922557351013,,False,,1,
p5_temp_phase5.6_calib_195,p5_temp_fixed_chip1,mc_phase5_temp_ber_FIXED.py,phase5.6_calib,2026-07-27,1.0,real_bsim_ptm,simulated,False,3.2,0.045,4,4.5,11.86,25.0,,,0.0,,controlled_tattoo_stress,,digital_tattoo_message,tattoo_bit0,tattoo_bit0,0.0,195.0,,,1.0133631886138512,,False,,1,
p5_temp_phase5.6_field_195,p5_temp_fixed_chip1,mc_phase5_temp_ber_FIXED.py,phase5.6_field,2026-07-27,1.0,real_bsim_ptm,simulated,False,3.2,0.045,4,4.5,11.86,75.0,,,0.0,,controlled_tattoo_stress,,digital_tattoo_message,tattoo_bit0,tattoo_bit0,0.0,195.0,,,1.000898376368724,,False,,1,
p5_temp_phase5.6_calib_196,p5_temp_fixed_chip1,mc_phase5_temp_ber_FIXED.py,phase5.6_calib,2026-07-27,1.0,real_bsim_ptm,simulated,False,3.2,0.045,4,4.5,11.86,25.0,,,0.0,,controlled_tattoo_stress,,digital_tattoo_message,tattoo_bit0,tattoo_bit0,0.0,196.0,,,1.1794277173361702,,False,,1,
p5_temp_phase5.6_field_196,p5_temp_fixed_chip1,mc_phase5_temp_ber_FIXED.py,phase5.6_field,2026-07-27,1.0,real_bsim_ptm,simulated,False,3.2,0.045,4,4.5,11.86,75.0,,,0.0,,controlled_tattoo_stress,,digital_tattoo_message,tattoo_bit0,tattoo_bit0,0.0,196.0,,,1.1462780925642493,,False,,1,
p5_temp_phase5.6_calib_197,p5_temp_fixed_chip1,mc_phase5_temp_ber_FIXED.py,phase5.6_calib,2026-07-27,1.0,real_bsim_ptm,simulated,False,3.2,0.045,4,4.5,11.86,25.0,,,60.0,,controlled_tattoo_stress,,digital_tattoo_message,tattoo_bit1,tattoo_bit1,1.0,197.0,,,0.1786916973051312,,False,,1,
p5_temp_phase5.6_field_197,p5_temp_fixed_chip1,mc_phase5_temp_ber_FIXED.py,phase5.6_field,2026-07-27,1.0,real_bsim_ptm,simulated,False,3.2,0.045,4,4.5,11.86,75.0,,,60.0,,controlled_tattoo_stress,,digital_tattoo_message,tattoo_bit1,tattoo_bit1,1.0,197.0,,,0.21052204822747553,,False,,1,
p5_temp_phase5.6_calib_198,p5_temp_fixed_chip1,mc_phase5_temp_ber_FIXED.py,phase5.6_calib,2026-07-27,1.0,real_bsim_ptm,simulated,False,3.2,0.045,4,4.5,11.86,25.0,,,60.0,,controlled_tattoo_stress,,digital_tattoo_message,tattoo_bit1,tattoo_bit1,1.0,198.0,,,0.22558258015798707,,False,,1,
p5_temp_phase5.6_field_198,p5_temp_fixed_chip1,mc_phase5_temp_ber_FIXED.py,phase5.6_field,2026-07-27,1.0,real_bsim_ptm,simulated,False,3.2,0.045,4,4.5,11.86,75.0,,,60.0,,controlled_tattoo_stress,,digital_tattoo_message,tattoo_bit1,tattoo_bit1,1.0,198.0,,,0.25923635716401217,,False,,1,
p5_temp_phase5.6_calib_199,p5_temp_fixed_chip1,mc_phase5_temp_ber_FIXED.py,phase5.6_calib,2026-07-27,1.0,real_bsim_ptm,simulated,False,3.2,0.045,4,4.5,11.86,25.0,,,60.0,,controlled_tattoo_stress,,digital_tattoo_message,tattoo_bit1,tattoo_bit1,1.0,199.0,,,0.14901548259273267,,False,,1,
p5_temp_phase5.6_field_199,p5_temp_fixed_chip1,mc_phase5_temp_ber_FIXED.py,phase5.6_field,2026-07-27,1.0,real_bsim_ptm,simulated,False,3.2,0.045,4,4.5,11.86,75.0,,,60.0,,controlled_tattoo_stress,,digital_tattoo_message,tattoo_bit1,tattoo_bit1,1.0,199.0,,,0.18019734517973673,,False,,1,
p5_temp_phase5.6_calib_200,p5_temp_fixed_chip1,mc_phase5_temp_ber_FIXED.py,phase5.6_calib,2026-07-27,1.0,real_bsim_ptm,simulated,False,3.2,0.045,4,4.5,11.86,25.0,,,0.0,,controlled_tattoo_stress,,digital_tattoo_message,tattoo_bit0,tattoo_bit0,0.0,200.0,,,1.3431925623536582,,False,,1,
p5_temp_phase5.6_field_200,p5_temp_fixed_chip1,mc_phase5_temp_ber_FIXED.py,phase5.6_field,2026-07-27,1.0,real_bsim_ptm,simulated,False,3.2,0.045,4,4.5,11.86,75.0,,,0.0,,controlled_tattoo_stress,,digital_tattoo_message,tattoo_bit0,tattoo_bit0,0.0,200.0,,,1.2639449518621784,,False,,1,
p5_temp_phase5.6_calib_201,p5_temp_fixed_chip1,mc_phase5_temp_ber_FIXED.py,phase5.6_calib,2026-07-27,1.0,real_bsim_ptm,simulated,False,3.2,0.045,4,4.5,11.86,25.0,,,0.0,,controlled_tattoo_stress,,digital_tattoo_message,tattoo_bit0,tattoo_bit0,0.0,201.0,,,0.9887983180188824,,False,,1,
p5_temp_phase5.6_field_201,p5_temp_fixed_chip1,mc_phase5_temp_ber_FIXED.py,phase5.6_field,2026-07-27,1.0,real_bsim_ptm,simulated,False,3.2,0.045,4,4.5,11.86,75.0,,,0.0,,controlled_tattoo_stress,,digital_tattoo_message,tattoo_bit0,tattoo_bit0,0.0,201.0,,,0.9866177119304982,,False,,1,
p5_temp_phase5.6_calib_202,p5_temp_fixed_chip1,mc_phase5_temp_ber_FIXED.py,phase5.6_calib,2026-07-27,1.0,real_bsim_ptm,simulated,False,3.2,0.045,4,4.5,11.86,25.0,,,60.0,,controlled_tattoo_stress,,digital_tattoo_message,tattoo_bit1,tattoo_bit1,1.0,202.0,,,0.20256304004068854,,False,,1,
p5_temp_phase5.6_field_202,p5_temp_fixed_chip1,mc_phase5_temp_ber_FIXED.py,phase5.6_field,2026-07-27,1.0,real_bsim_ptm,simulated,False,3.2,0.045,4,4.5,11.86,75.0,,,60.0,,controlled_tattoo_stress,,digital_tattoo_message,tattoo_bit1,tattoo_bit1,1.0,202.0,,,0.2360891880950663,,False,,1,
p5_temp_phase5.6_calib_203,p5_temp_fixed_chip1,mc_phase5_temp_ber_FIXED.py,phase5.6_calib,2026-07-27,1.0,real_bsim_ptm,simulated,False,3.2,0.045,4,4.5,11.86,25.0,,,0.0,,controlled_tattoo_stress,,digital_tattoo_message,tattoo_bit0,tattoo_bit0,0.0,203.0,,,0.7741613384535951,,False,,1,
p5_temp_phase5.6_field_203,p5_temp_fixed_chip1,mc_phase5_temp_ber_FIXED.py,phase5.6_field,2026-07-27,1.0,real_bsim_ptm,simulated,False,3.2,0.045,4,4.5,11.86,75.0,,,0.0,,controlled_tattoo_stress,,digital_tattoo_message,tattoo_bit0,tattoo_bit0,0.0,203.0,,,0.7920412862418543,,False,,1,
p5_temp_phase5.6_calib_204,p5_temp_fixed_chip1,mc_phase5_temp_ber_FIXED.py,phase5.6_calib,2026-07-27,1.0,real_bsim_ptm,simulated,False,3.2,0.045,4,4.5,11.86,25.0,,,0.0,,controlled_tattoo_stress,,digital_tattoo_message,tattoo_bit0,tattoo_bit0,0.0,204.0,,,0.9153050253807674,,False,,1,
p5_temp_phase5.6_field_204,p5_temp_fixed_chip1,mc_phase5_temp_ber_FIXED.py,phase5.6_field,2026-07-27,1.0,real_bsim_ptm,simulated,False,3.2,0.045,4,4.5,11.86,75.0,,,0.0,,controlled_tattoo_stress,,digital_tattoo_message,tattoo_bit0,tattoo_bit0,0.0,204.0,,,0.9192093324825478,,False,,1,
p5_temp_phase5.6_calib_205,p5_temp_fixed_chip1,mc_phase5_temp_ber_FIXED.py,phase5.6_calib,2026-07-27,1.0,real_bsim_ptm,simulated,False,3.2,0.045,4,4.5,11.86,25.0,,,60.0,,controlled_tattoo_stress,,digital_tattoo_message,tattoo_bit1,tattoo_bit1,1.0,205.0,,,0.16016686864220547,,False,,1,
p5_temp_phase5.6_field_205,p5_temp_fixed_chip1,mc_phase5_temp_ber_FIXED.py,phase5.6_field,2026-07-27,1.0,real_bsim_ptm,simulated,False,3.2,0.045,4,4.5,11.86,75.0,,,60.0,,controlled_tattoo_stress,,digital_tattoo_message,tattoo_bit1,tattoo_bit1,1.0,205.0,,,0.19147484008192855,,False,,1,
p5_temp_phase5.6_calib_206,p5_temp_fixed_chip1,mc_phase5_temp_ber_FIXED.py,phase5.6_calib,2026-07-27,1.0,real_bsim_ptm,simulated,False,3.2,0.045,4,4.5,11.86,25.0,,,60.0,,controlled_tattoo_stress,,digital_tattoo_message,tattoo_bit1,tattoo_bit1,1.0,206.0,,,0.18106200349978635,,False,,1,
p5_temp_phase5.6_field_206,p5_temp_fixed_chip1,mc_phase5_temp_ber_FIXED.py,phase5.6_field,2026-07-27,1.0,real_bsim_ptm,simulated,False,3.2,0.045,4,4.5,11.86,75.0,,,60.0,,controlled_tattoo_stress,,digital_tattoo_message,tattoo_bit1,tattoo_bit1,1.0,206.0,,,0.21404080399030723,,False,,1,
p5_temp_phase5.6_calib_207,p5_temp_fixed_chip1,mc_phase5_temp_ber_FIXED.py,phase5.6_calib,2026-07-27,1.0,real_bsim_ptm,simulated,False,3.2,0.045,4,4.5,11.86,25.0,,,60.0,,controlled_tattoo_stress,,digital_tattoo_message,tattoo_bit1,tattoo_bit1,1.0,207.0,,,0.18206478478978888,,False,,1,
p5_temp_phase5.6_field_207,p5_temp_fixed_chip1,mc_phase5_temp_ber_FIXED.py,phase5.6_field,2026-07-27,1.0,real_bsim_ptm,simulated,False,3.2,0.045,4,4.5,11.86,75.0,,,60.0,,controlled_tattoo_stress,,digital_tattoo_message,tattoo_bit1,tattoo_bit1,1.0,207.0,,,0.2159862023736944,,False,,1,
p5_temp_phase5.6_calib_208,p5_temp_fixed_chip1,mc_phase5_temp_ber_FIXED.py,phase5.6_calib,2026-07-27,1.0,real_bsim_ptm,simulated,False,3.2,0.045,4,4.5,11.86,25.0,,,0.0,,controlled_tattoo_stress,,digital_tattoo_message,tattoo_bit0,tattoo_bit0,0.0,208.0,,,0.9770767395234228,,False,,1,
p5_temp_phase5.6_field_208,p5_temp_fixed_chip1,mc_phase5_temp_ber_FIXED.py,phase5.6_field,2026-07-27,1.0,real_bsim_ptm,simulated,False,3.2,0.045,4,4.5,11.86,75.0,,,0.0,,controlled_tattoo_stress,,digital_tattoo_message,tattoo_bit0,tattoo_bit0,0.0,208.0,,,0.9740218387269304,,False,,1,
p5_temp_phase5.6_calib_209,p5_temp_fixed_chip1,mc_phase5_temp_ber_FIXED.py,phase5.6_calib,2026-07-27,1.0,real_bsim_ptm,simulated,False,3.2,0.045,4,4.5,11.86,25.0,,,60.0,,controlled_tattoo_stress,,digital_tattoo_message,tattoo_bit1,tattoo_bit1,1.0,209.0,,,0.16986803360281238,,False,,1,
p5_temp_phase5.6_field_209,p5_temp_fixed_chip1,mc_phase5_temp_ber_FIXED.py,phase5.6_field,2026-07-27,1.0,real_bsim_ptm,simulated,False,3.2,0.045,4,4.5,11.86,75.0,,,60.0,,controlled_tattoo_stress,,digital_tattoo_message,tattoo_bit1,tattoo_bit1,1.0,209.0,,,0.2030081270342326,,False,,1,
p5_temp_phase5.6_calib_210,p5_temp_fixed_chip1,mc_phase5_temp_ber_FIXED.py,phase5.6_calib,2026-07-27,1.0,real_bsim_ptm,simulated,False,3.2,0.045,4,4.5,11.86,25.0,,,60.0,,controlled_tattoo_stress,,digital_tattoo_message,tattoo_bit1,tattoo_bit1,1.0,210.0,,,0.206067640593883,,False,,1,
p5_temp_phase5.6_field_210,p5_temp_fixed_chip1,mc_phase5_temp_ber_FIXED.py,phase5.6_field,2026-07-27,1.0,real_bsim_ptm,simulated,False,3.2,0.045,4,4.5,11.86,75.0,,,60.0,,controlled_tattoo_stress,,digital_tattoo_message,tattoo_bit1,tattoo_bit1,1.0,210.0,,,0.24244224138649295,,False,,1,
p5_temp_phase5.6_calib_211,p5_temp_fixed_chip1,mc_phase5_temp_ber_FIXED.py,phase5.6_calib,2026-07-27,1.0,real_bsim_ptm,simulated,False,3.2,0.045,4,4.5,11.86,25.0,,,0.0,,controlled_tattoo_stress,,digital_tattoo_message,tattoo_bit0,tattoo_bit0,0.0,211.0,,,1.3393651612714477,,False,,1,
p5_temp_phase5.6_field_211,p5_temp_fixed_chip1,mc_phase5_temp_ber_FIXED.py,phase5.6_field,2026-07-27,1.0,real_bsim_ptm,simulated,False,3.2,0.045,4,4.5,11.86,75.0,,,0.0,,controlled_tattoo_stress,,digital_tattoo_message,tattoo_bit0,tattoo_bit0,0.0,211.0,,,1.2924892934209724,,False,,1,
p5_temp_phase5.6_calib_212,p5_temp_fixed_chip1,mc_phase5_temp_ber_FIXED.py,phase5.6_calib,2026-07-27,1.0,real_bsim_ptm,simulated,False,3.2,0.045,4,4.5,11.86,25.0,,,0.0,,controlled_tattoo_stress,,digital_tattoo_message,tattoo_bit0,tattoo_bit0,0.0,212.0,,,1.3034916772182934,,False,,1,
p5_temp_phase5.6_field_212,p5_temp_fixed_chip1,mc_phase5_temp_ber_FIXED.py,phase5.6_field,2026-07-27,1.0,real_bsim_ptm,simulated,False,3.2,0.045,4,4.5,11.86,75.0,,,0.0,,controlled_tattoo_stress,,digital_tattoo_message,tattoo_bit0,tattoo_bit0,0.0,212.0,,,1.260924926376736,,False,,1,
p5_temp_phase5.6_calib_213,p5_temp_fixed_chip1,mc_phase5_temp_ber_FIXED.py,phase5.6_calib,2026-07-27,1.0,real_bsim_ptm,simulated,False,3.2,0.045,4,4.5,11.86,25.0,,,0.0,,controlled_tattoo_stress,,digital_tattoo_message,tattoo_bit0,tattoo_bit0,0.0,213.0,,,1.1000130925405833,,False,,1,
p5_temp_phase5.6_field_213,p5_temp_fixed_chip1,mc_phase5_temp_ber_FIXED.py,phase5.6_field,2026-07-27,1.0,real_bsim_ptm,simulated,False,3.2,0.045,4,4.5,11.86,75.0,,,0.0,,controlled_tattoo_stress,,digital_tattoo_message,tattoo_bit0,tattoo_bit0,0.0,213.0,,,1.0787924209828774,,False,,1,
p5_temp_phase5.6_calib_214,p5_temp_fixed_chip1,mc_phase5_temp_ber_FIXED.py,phase5.6_calib,2026-07-27,1.0,real_bsim_ptm,simulated,False,3.2,0.045,4,4.5,11.86,25.0,,,60.0,,controlled_tattoo_stress,,digital_tattoo_message,tattoo_bit1,tattoo_bit1,1.0,214.0,,,0.2885879427432052,,False,,1,
p5_temp_phase5.6_field_214,p5_temp_fixed_chip1,mc_phase5_temp_ber_FIXED.py,phase5.6_field,2026-07-27,1.0,real_bsim_ptm,simulated,False,3.2,0.045,4,4.5,11.86,75.0,,,60.0,,controlled_tattoo_stress,,digital_tattoo_message,tattoo_bit1,tattoo_bit1,1.0,214.0,,,0.3273173605202644,,False,,1,
p5_temp_phase5.6_calib_215,p5_temp_fixed_chip1,mc_phase5_temp_ber_FIXED.py,phase5.6_calib,2026-07-27,1.0,real_bsim_ptm,simulated,False,3.2,0.045,4,4.5,11.86,25.0,,,0.0,,controlled_tattoo_stress,,digital_tattoo_message,tattoo_bit0,tattoo_bit0,0.0,215.0,,,1.0368897356927465,,False,,1,
p5_temp_phase5.6_field_215,p5_temp_fixed_chip1,mc_phase5_temp_ber_FIXED.py,phase5.6_field,2026-07-27,1.0,real_bsim_ptm,simulated,False,3.2,0.045,4,4.5,11.86,75.0,,,0.0,,controlled_tattoo_stress,,digital_tattoo_message,tattoo_bit0,tattoo_bit0,0.0,215.0,,,1.0307424391469522,,False,,1,
p5_temp_phase5.6_calib_216,p5_temp_fixed_chip1,mc_phase5_temp_ber_FIXED.py,phase5.6_calib,2026-07-27,1.0,real_bsim_ptm,simulated,False,3.2,0.045,4,4.5,11.86,25.0,,,60.0,,controlled_tattoo_stress,,digital_tattoo_message,tattoo_bit1,tattoo_bit1,1.0,216.0,,,0.21059867894143758,,False,,1,
p5_temp_phase5.6_field_216,p5_temp_fixed_chip1,mc_phase5_temp_ber_FIXED.py,phase5.6_field,2026-07-27,1.0,real_bsim_ptm,simulated,False,3.2,0.045,4,4.5,11.86,75.0,,,60.0,,controlled_tattoo_stress,,digital_tattoo_message,tattoo_bit1,tattoo_bit1,1.0,216.0,,,0.2463392809018374,,False,,1,
p5_temp_phase5.6_calib_217,p5_temp_fixed_chip1,mc_phase5_temp_ber_FIXED.py,phase5.6_calib,2026-07-27,1.0,real_bsim_ptm,simulated,False,3.2,0.045,4,4.5,11.86,25.0,,,60.0,,controlled_tattoo_stress,,digital_tattoo_message,tattoo_bit1,tattoo_bit1,1.0,217.0,,,0.2633680674113653,,False,,1,
p5_temp_phase5.6_field_217,p5_temp_fixed_chip1,mc_phase5_temp_ber_FIXED.py,phase5.6_field,2026-07-27,1.0,real_bsim_ptm,simulated,False,3.2,0.045,4,4.5,11.86,75.0,,,60.0,,controlled_tattoo_stress,,digital_tattoo_message,tattoo_bit1,tattoo_bit1,1.0,217.0,,,0.30216601767762585,,False,,1,
p5_temp_phase5.6_calib_218,p5_temp_fixed_chip1,mc_phase5_temp_ber_FIXED.py,phase5.6_calib,2026-07-27,1.0,real_bsim_ptm,simulated,False,3.2,0.045,4,4.5,11.86,25.0,,,0.0,,controlled_tattoo_stress,,digital_tattoo_message,tattoo_bit0,tattoo_bit0,0.0,218.0,,,0.7837553915690205,,False,,1,
p5_temp_phase5.6_field_218,p5_temp_fixed_chip1,mc_phase5_temp_ber_FIXED.py,phase5.6_field,2026-07-27,1.0,real_bsim_ptm,simulated,False,3.2,0.045,4,4.5,11.86,75.0,,,0.0,,controlled_tattoo_stress,,digital_tattoo_message,tattoo_bit0,tattoo_bit0,0.0,218.0,,,0.8047938810849243,,False,,1,
p5_temp_phase5.6_calib_219,p5_temp_fixed_chip1,mc_phase5_temp_ber_FIXED.py,phase5.6_calib,2026-07-27,1.0,real_bsim_ptm,simulated,False,3.2,0.045,4,4.5,11.86,25.0,,,0.0,,controlled_tattoo_stress,,digital_tattoo_message,tattoo_bit0,tattoo_bit0,0.0,219.0,,,1.1655049000339206,,False,,1,
p5_temp_phase5.6_field_219,p5_temp_fixed_chip1,mc_phase5_temp_ber_FIXED.py,phase5.6_field,2026-07-27,1.0,real_bsim_ptm,simulated,False,3.2,0.045,4,4.5,11.86,75.0,,,0.0,,controlled_tattoo_stress,,digital_tattoo_message,tattoo_bit0,tattoo_bit0,0.0,219.0,,,1.1294744062430286,,False,,1,
p5_temp_phase5.6_calib_220,p5_temp_fixed_chip1,mc_phase5_temp_ber_FIXED.py,phase5.6_calib,2026-07-27,1.0,real_bsim_ptm,simulated,False,3.2,0.045,4,4.5,11.86,25.0,,,60.0,,controlled_tattoo_stress,,digital_tattoo_message,tattoo_bit1,tattoo_bit1,1.0,220.0,,,0.13193652293370203,,False,,1,
p5_temp_phase5.6_field_220,p5_temp_fixed_chip1,mc_phase5_temp_ber_FIXED.py,phase5.6_field,2026-07-27,1.0,real_bsim_ptm,simulated,False,3.2,0.045,4,4.5,11.86,75.0,,,60.0,,controlled_tattoo_stress,,digital_tattoo_message,tattoo_bit1,tattoo_bit1,1.0,220.0,,,0.15965711488146214,,False,,1,
p5_temp_phase5.6_calib_221,p5_temp_fixed_chip1,mc_phase5_temp_ber_FIXED.py,phase5.6_calib,2026-07-27,1.0,real_bsim_ptm,simulated,False,3.2,0.045,4,4.5,11.86,25.0,,,0.0,,controlled_tattoo_stress,,digital_tattoo_message,tattoo_bit0,tattoo_bit0,0.0,221.0,,,0.9697598777119472,,False,,1,
p5_temp_phase5.6_field_221,p5_temp_fixed_chip1,mc_phase5_temp_ber_FIXED.py,phase5.6_field,2026-07-27,1.0,real_bsim_ptm,simulated,False,3.2,0.045,4,4.5,11.86,75.0,,,0.0,,controlled_tattoo_stress,,digital_tattoo_message,tattoo_bit0,tattoo_bit0,0.0,221.0,,,0.9691253026381201,,False,,1,
p5_temp_phase5.6_calib_222,p5_temp_fixed_chip1,mc_phase5_temp_ber_FIXED.py,phase5.6_calib,2026-07-27,1.0,real_bsim_ptm,simulated,False,3.2,0.045,4,4.5,11.86,25.0,,,0.0,,controlled_tattoo_stress,,digital_tattoo_message,tattoo_bit0,tattoo_bit0,0.0,222.0,,,1.3354542345567721,,False,,1,
p5_temp_phase5.6_field_222,p5_temp_fixed_chip1,mc_phase5_temp_ber_FIXED.py,phase5.6_field,2026-07-27,1.0,real_bsim_ptm,simulated,False,3.2,0.045,4,4.5,11.86,75.0,,,0.0,,controlled_tattoo_stress,,digital_tattoo_message,tattoo_bit0,tattoo_bit0,0.0,222.0,,,1.272873578149993,,False,,1,
p5_temp_phase5.6_calib_223,p5_temp_fixed_chip1,mc_phase5_temp_ber_FIXED.py,phase5.6_calib,2026-07-27,1.0,real_bsim_ptm,simulated,False,3.2,0.045,4,4.5,11.86,25.0,,,60.0,,controlled_tattoo_stress,,digital_tattoo_message,tattoo_bit1,tattoo_bit1,1.0,223.0,,,0.27612286078729675,,False,,1,
p5_temp_phase5.6_field_223,p5_temp_fixed_chip1,mc_phase5_temp_ber_FIXED.py,phase5.6_field,2026-07-27,1.0,real_bsim_ptm,simulated,False,3.2,0.045,4,4.5,11.86,75.0,,,60.0,,controlled_tattoo_stress,,digital_tattoo_message,tattoo_bit1,tattoo_bit1,1.0,223.0,,,0.31515937691980944,,False,,1,
p5_temp_phase5.6_calib_224,p5_temp_fixed_chip1,mc_phase5_temp_ber_FIXED.py,phase5.6_calib,2026-07-27,1.0,real_bsim_ptm,simulated,False,3.2,0.045,4,4.5,11.86,25.0,,,0.0,,controlled_tattoo_stress,,digital_tattoo_message,tattoo_bit0,tattoo_bit0,0.0,224.0,,,0.9858136826327875,,False,,1,
p5_temp_phase5.6_field_224,p5_temp_fixed_chip1,mc_phase5_temp_ber_FIXED.py,phase5.6_field,2026-07-27,1.0,real_bsim_ptm,simulated,False,3.2,0.045,4,4.5,11.86,75.0,,,0.0,,controlled_tattoo_stress,,digital_tattoo_message,tattoo_bit0,tattoo_bit0,0.0,224.0,,,0.9816887542759096,,False,,1,
p5_temp_phase5.6_calib_225,p5_temp_fixed_chip1,mc_phase5_temp_ber_FIXED.py,phase5.6_calib,2026-07-27,1.0,real_bsim_ptm,simulated,False,3.2,0.045,4,4.5,11.86,25.0,,,0.0,,controlled_tattoo_stress,,digital_tattoo_message,tattoo_bit0,tattoo_bit0,0.0,225.0,,,1.1686648946536808,,False,,1,
p5_temp_phase5.6_field_225,p5_temp_fixed_chip1,mc_phase5_temp_ber_FIXED.py,phase5.6_field,2026-07-27,1.0,real_bsim_ptm,simulated,False,3.2,0.045,4,4.5,11.86,75.0,,,0.0,,controlled_tattoo_stress,,digital_tattoo_message,tattoo_bit0,tattoo_bit0,0.0,225.0,,,1.1434064785725577,,False,,1,
p5_temp_phase5.6_calib_226,p5_temp_fixed_chip1,mc_phase5_temp_ber_FIXED.py,phase5.6_calib,2026-07-27,1.0,real_bsim_ptm,simulated,False,3.2,0.045,4,4.5,11.86,25.0,,,0.0,,controlled_tattoo_stress,,digital_tattoo_message,tattoo_bit0,tattoo_bit0,0.0,226.0,,,1.2570125687469926,,False,,1,
p5_temp_phase5.6_field_226,p5_temp_fixed_chip1,mc_phase5_temp_ber_FIXED.py,phase5.6_field,2026-07-27,1.0,real_bsim_ptm,simulated,False,3.2,0.045,4,4.5,11.86,75.0,,,0.0,,controlled_tattoo_stress,,digital_tattoo_message,tattoo_bit0,tattoo_bit0,0.0,226.0,,,1.210709195578623,,False,,1,
p5_temp_phase5.6_calib_227,p5_temp_fixed_chip1,mc_phase5_temp_ber_FIXED.py,phase5.6_calib,2026-07-27,1.0,real_bsim_ptm,simulated,False,3.2,0.045,4,4.5,11.86,25.0,,,60.0,,controlled_tattoo_stress,,digital_tattoo_message,tattoo_bit1,tattoo_bit1,1.0,227.0,,,0.18757018734469444,,False,,1,
p5_temp_phase5.6_field_227,p5_temp_fixed_chip1,mc_phase5_temp_ber_FIXED.py,phase5.6_field,2026-07-27,1.0,real_bsim_ptm,simulated,False,3.2,0.045,4,4.5,11.86,75.0,,,60.0,,controlled_tattoo_stress,,digital_tattoo_message,tattoo_bit1,tattoo_bit1,1.0,227.0,,,0.22340603927586006,,False,,1,
p5_temp_phase5.6_calib_228,p5_temp_fixed_chip1,mc_phase5_temp_ber_FIXED.py,phase5.6_calib,2026-07-27,1.0,real_bsim_ptm,simulated,False,3.2,0.045,4,4.5,11.86,25.0,,,0.0,,controlled_tattoo_stress,,digital_tattoo_message,tattoo_bit0,tattoo_bit0,0.0,228.0,,,0.5111723919527724,,False,,1,
p5_temp_phase5.6_field_228,p5_temp_fixed_chip1,mc_phase5_temp_ber_FIXED.py,phase5.6_field,2026-07-27,1.0,real_bsim_ptm,simulated,False,3.2,0.045,4,4.5,11.86,75.0,,,0.0,,controlled_tattoo_stress,,digital_tattoo_message,tattoo_bit0,tattoo_bit0,0.0,228.0,,,0.5497861585366555,,False,,1,
p5_temp_phase5.6_calib_229,p5_temp_fixed_chip1,mc_phase5_temp_ber_FIXED.py,phase5.6_calib,2026-07-27,1.0,real_bsim_ptm,simulated,False,3.2,0.045,4,4.5,11.86,25.0,,,60.0,,controlled_tattoo_stress,,digital_tattoo_message,tattoo_bit1,tattoo_bit1,1.0,229.0,,,0.21081836255447015,,False,,1,
p5_temp_phase5.6_field_229,p5_temp_fixed_chip1,mc_phase5_temp_ber_FIXED.py,phase5.6_field,2026-07-27,1.0,real_bsim_ptm,simulated,False,3.2,0.045,4,4.5,11.86,75.0,,,60.0,,controlled_tattoo_stress,,digital_tattoo_message,tattoo_bit1,tattoo_bit1,1.0,229.0,,,0.2478556924884269,,False,,1,
p5_temp_phase5.6_calib_230,p5_temp_fixed_chip1,mc_phase5_temp_ber_FIXED.py,phase5.6_calib,2026-07-27,1.0,real_bsim_ptm,simulated,False,3.2,0.045,4,4.5,11.86,25.0,,,60.0,,controlled_tattoo_stress,,digital_tattoo_message,tattoo_bit1,tattoo_bit1,1.0,230.0,,,0.16371380933722052,,False,,1,
p5_temp_phase5.6_field_230,p5_temp_fixed_chip1,mc_phase5_temp_ber_FIXED.py,phase5.6_field,2026-07-27,1.0,real_bsim_ptm,simulated,False,3.2,0.045,4,4.5,11.86,75.0,,,60.0,,controlled_tattoo_stress,,digital_tattoo_message,tattoo_bit1,tattoo_bit1,1.0,230.0,,,0.1947094761628,,False,,1,
p5_temp_phase5.6_calib_231,p5_temp_fixed_chip1,mc_phase5_temp_ber_FIXED.py,phase5.6_calib,2026-07-27,1.0,real_bsim_ptm,simulated,False,3.2,0.045,4,4.5,11.86,25.0,,,0.0,,controlled_tattoo_stress,,digital_tattoo_message,tattoo_bit0,tattoo_bit0,0.0,231.0,,,0.8965965255505781,,False,,1,
p5_temp_phase5.6_field_231,p5_temp_fixed_chip1,mc_phase5_temp_ber_FIXED.py,phase5.6_field,2026-07-27,1.0,real_bsim_ptm,simulated,False,3.2,0.045,4,4.5,11.86,75.0,,,0.0,,controlled_tattoo_stress,,digital_tattoo_message,tattoo_bit0,tattoo_bit0,0.0,231.0,,,0.9007045763231774,,False,,1,
p5_temp_phase5.6_calib_232,p5_temp_fixed_chip1,mc_phase5_temp_ber_FIXED.py,phase5.6_calib,2026-07-27,1.0,real_bsim_ptm,simulated,False,3.2,0.045,4,4.5,11.86,25.0,,,0.0,,controlled_tattoo_stress,,digital_tattoo_message,tattoo_bit0,tattoo_bit0,0.0,232.0,,,1.5494448792934583,,False,,1,
p5_temp_phase5.6_field_232,p5_temp_fixed_chip1,mc_phase5_temp_ber_FIXED.py,phase5.6_field,2026-07-27,1.0,real_bsim_ptm,simulated,False,3.2,0.045,4,4.5,11.86,75.0,,,0.0,,controlled_tattoo_stress,,digital_tattoo_message,tattoo_bit0,tattoo_bit0,0.0,232.0,,,1.4695246302103355,,False,,1,
p5_temp_phase5.6_calib_233,p5_temp_fixed_chip1,mc_phase5_temp_ber_FIXED.py,phase5.6_calib,2026-07-27,1.0,real_bsim_ptm,simulated,False,3.2,0.045,4,4.5,11.86,25.0,,,0.0,,controlled_tattoo_stress,,digital_tattoo_message,tattoo_bit0,tattoo_bit0,0.0,233.0,,,1.3214892706491776,,False,,1,
p5_temp_phase5.6_field_233,p5_temp_fixed_chip1,mc_phase5_temp_ber_FIXED.py,phase5.6_field,2026-07-27,1.0,real_bsim_ptm,simulated,False,3.2,0.045,4,4.5,11.86,75.0,,,0.0,,controlled_tattoo_stress,,digital_tattoo_message,tattoo_bit0,tattoo_bit0,0.0,233.0,,,1.2536945483694768,,False,,1,
p5_temp_phase5.6_calib_234,p5_temp_fixed_chip1,mc_phase5_temp_ber_FIXED.py,phase5.6_calib,2026-07-27,1.0,real_bsim_ptm,simulated,False,3.2,0.045,4,4.5,11.86,25.0,,,60.0,,controlled_tattoo_stress,,digital_tattoo_message,tattoo_bit1,tattoo_bit1,1.0,234.0,,,0.2599444263949426,,False,,1,
p5_temp_phase5.6_field_234,p5_temp_fixed_chip1,mc_phase5_temp_ber_FIXED.py,phase5.6_field,2026-07-27,1.0,real_bsim_ptm,simulated,False,3.2,0.045,4,4.5,11.86,75.0,,,60.0,,controlled_tattoo_stress,,digital_tattoo_message,tattoo_bit1,tattoo_bit1,1.0,234.0,,,0.2949945003726142,,False,,1,
p5_temp_phase5.6_calib_235,p5_temp_fixed_chip1,mc_phase5_temp_ber_FIXED.py,phase5.6_calib,2026-07-27,1.0,real_bsim_ptm,simulated,False,3.2,0.045,4,4.5,11.86,25.0,,,0.0,,controlled_tattoo_stress,,digital_tattoo_message,tattoo_bit0,tattoo_bit0,0.0,235.0,,,0.8694787073155066,,False,,1,
p5_temp_phase5.6_field_235,p5_temp_fixed_chip1,mc_phase5_temp_ber_FIXED.py,phase5.6_field,2026-07-27,1.0,real_bsim_ptm,simulated,False,3.2,0.045,4,4.5,11.86,75.0,,,0.0,,controlled_tattoo_stress,,digital_tattoo_message,tattoo_bit0,tattoo_bit0,0.0,235.0,,,0.8755785052118628,,False,,1,
p5_temp_phase5.6_calib_236,p5_temp_fixed_chip1,mc_phase5_temp_ber_FIXED.py,phase5.6_calib,2026-07-27,1.0,real_bsim_ptm,simulated,False,3.2,0.045,4,4.5,11.86,25.0,,,60.0,,controlled_tattoo_stress,,digital_tattoo_message,tattoo_bit1,tattoo_bit1,1.0,236.0,,,0.235213129777116,,False,,1,
p5_temp_phase5.6_field_236,p5_temp_fixed_chip1,mc_phase5_temp_ber_FIXED.py,phase5.6_field,2026-07-27,1.0,real_bsim_ptm,simulated,False,3.2,0.045,4,4.5,11.86,75.0,,,60.0,,controlled_tattoo_stress,,digital_tattoo_message,tattoo_bit1,tattoo_bit1,1.0,236.0,,,0.2712881759204774,,False,,1,
p5_temp_phase5.6_calib_237,p5_temp_fixed_chip1,mc_phase5_temp_ber_FIXED.py,phase5.6_calib,2026-07-27,1.0,real_bsim_ptm,simulated,False,3.2,0.045,4,4.5,11.86,25.0,,,60.0,,controlled_tattoo_stress,,digital_tattoo_message,tattoo_bit1,tattoo_bit1,1.0,237.0,,,0.2540942611089475,,False,,1,
p5_temp_phase5.6_field_237,p5_temp_fixed_chip1,mc_phase5_temp_ber_FIXED.py,phase5.6_field,2026-07-27,1.0,real_bsim_ptm,simulated,False,3.2,0.045,4,4.5,11.86,75.0,,,60.0,,controlled_tattoo_stress,,digital_tattoo_message,tattoo_bit1,tattoo_bit1,1.0,237.0,,,0.2918890029939063,,False,,1,
p5_temp_phase5.6_calib_238,p5_temp_fixed_chip1,mc_phase5_temp_ber_FIXED.py,phase5.6_calib,2026-07-27,1.0,real_bsim_ptm,simulated,False,3.2,0.045,4,4.5,11.86,25.0,,,60.0,,controlled_tattoo_stress,,digital_tattoo_message,tattoo_bit1,tattoo_bit1,1.0,238.0,,,0.2361352162208676,,False,,1,
p5_temp_phase5.6_field_238,p5_temp_fixed_chip1,mc_phase5_temp_ber_FIXED.py,phase5.6_field,2026-07-27,1.0,real_bsim_ptm,simulated,False,3.2,0.045,4,4.5,11.86,75.0,,,60.0,,controlled_tattoo_stress,,digital_tattoo_message,tattoo_bit1,tattoo_bit1,1.0,238.0,,,0.27383170491553654,,False,,1,
p5_temp_phase5.6_calib_239,p5_temp_fixed_chip1,mc_phase5_temp_ber_FIXED.py,phase5.6_calib,2026-07-27,1.0,real_bsim_ptm,simulated,False,3.2,0.045,4,4.5,11.86,25.0,,,60.0,,controlled_tattoo_stress,,digital_tattoo_message,tattoo_bit1,tattoo_bit1,1.0,239.0,,,0.14746783638449018,,False,,1,
p5_temp_phase5.6_field_239,p5_temp_fixed_chip1,mc_phase5_temp_ber_FIXED.py,phase5.6_field,2026-07-27,1.0,real_bsim_ptm,simulated,False,3.2,0.045,4,4.5,11.86,75.0,,,60.0,,controlled_tattoo_stress,,digital_tattoo_message,tattoo_bit1,tattoo_bit1,1.0,239.0,,,0.1792088216647778,,False,,1,
p5_temp_phase5.6_calib_240,p5_temp_fixed_chip1,mc_phase5_temp_ber_FIXED.py,phase5.6_calib,2026-07-27,1.0,real_bsim_ptm,simulated,False,3.2,0.045,4,4.5,11.86,25.0,,,0.0,,controlled_tattoo_stress,,digital_tattoo_message,tattoo_bit0,tattoo_bit0,0.0,240.0,,,1.6269109597550182,,False,,1,
p5_temp_phase5.6_field_240,p5_temp_fixed_chip1,mc_phase5_temp_ber_FIXED.py,phase5.6_field,2026-07-27,1.0,real_bsim_ptm,simulated,False,3.2,0.045,4,4.5,11.86,75.0,,,0.0,,controlled_tattoo_stress,,digital_tattoo_message,tattoo_bit0,tattoo_bit0,0.0,240.0,,,1.5245118757531066,,False,,1,
p5_temp_phase5.6_calib_241,p5_temp_fixed_chip1,mc_phase5_temp_ber_FIXED.py,phase5.6_calib,2026-07-27,1.0,real_bsim_ptm,simulated,False,3.2,0.045,4,4.5,11.86,25.0,,,60.0,,controlled_tattoo_stress,,digital_tattoo_message,tattoo_bit1,tattoo_bit1,1.0,241.0,,,0.2171269275749136,,False,,1,
p5_temp_phase5.6_field_241,p5_temp_fixed_chip1,mc_phase5_temp_ber_FIXED.py,phase5.6_field,2026-07-27,1.0,real_bsim_ptm,simulated,False,3.2,0.045,4,4.5,11.86,75.0,,,60.0,,controlled_tattoo_stress,,digital_tattoo_message,tattoo_bit1,tattoo_bit1,1.0,241.0,,,0.2514822342767449,,False,,1,
p5_temp_phase5.6_calib_242,p5_temp_fixed_chip1,mc_phase5_temp_ber_FIXED.py,phase5.6_calib,2026-07-27,1.0,real_bsim_ptm,simulated,False,3.2,0.045,4,4.5,11.86,25.0,,,60.0,,controlled_tattoo_stress,,digital_tattoo_message,tattoo_bit1,tattoo_bit1,1.0,242.0,,,0.2993909308254423,,False,,1,
p5_temp_phase5.6_field_242,p5_temp_fixed_chip1,mc_phase5_temp_ber_FIXED.py,phase5.6_field,2026-07-27,1.0,real_bsim_ptm,simulated,False,3.2,0.045,4,4.5,11.86,75.0,,,60.0,,controlled_tattoo_stress,,digital_tattoo_message,tattoo_bit1,tattoo_bit1,1.0,242.0,,,0.3366086616669394,,False,,1,
p5_temp_phase5.6_calib_243,p5_temp_fixed_chip1,mc_phase5_temp_ber_FIXED.py,phase5.6_calib,2026-07-27,1.0,real_bsim_ptm,simulated,False,3.2,0.045,4,4.5,11.86,25.0,,,60.0,,controlled_tattoo_stress,,digital_tattoo_message,tattoo_bit1,tattoo_bit1,1.0,243.0,,,0.2875029409428669,,False,,1,
p5_temp_phase5.6_field_243,p5_temp_fixed_chip1,mc_phase5_temp_ber_FIXED.py,phase5.6_field,2026-07-27,1.0,real_bsim_ptm,simulated,False,3.2,0.045,4,4.5,11.86,75.0,,,60.0,,controlled_tattoo_stress,,digital_tattoo_message,tattoo_bit1,tattoo_bit1,1.0,243.0,,,0.32483843477939445,,False,,1,
p5_temp_phase5.6_calib_244,p5_temp_fixed_chip1,mc_phase5_temp_ber_FIXED.py,phase5.6_calib,2026-07-27,1.0,real_bsim_ptm,simulated,False,3.2,0.045,4,4.5,11.86,25.0,,,0.0,,controlled_tattoo_stress,,digital_tattoo_message,tattoo_bit0,tattoo_bit0,0.0,244.0,,,1.0592386072928077,,False,,1,
p5_temp_phase5.6_field_244,p5_temp_fixed_chip1,mc_phase5_temp_ber_FIXED.py,phase5.6_field,2026-07-27,1.0,real_bsim_ptm,simulated,False,3.2,0.045,4,4.5,11.86,75.0,,,0.0,,controlled_tattoo_stress,,digital_tattoo_message,tattoo_bit0,tattoo_bit0,0.0,244.0,,,1.0371591215943363,,False,,1,
p5_temp_phase5.6_calib_245,p5_temp_fixed_chip1,mc_phase5_temp_ber_FIXED.py,phase5.6_calib,2026-07-27,1.0,real_bsim_ptm,simulated,False,3.2,0.045,4,4.5,11.86,25.0,,,60.0,,controlled_tattoo_stress,,digital_tattoo_message,tattoo_bit1,tattoo_bit1,1.0,245.0,,,0.16628340101122657,,False,,1,
p5_temp_phase5.6_field_245,p5_temp_fixed_chip1,mc_phase5_temp_ber_FIXED.py,phase5.6_field,2026-07-27,1.0,real_bsim_ptm,simulated,False,3.2,0.045,4,4.5,11.86,75.0,,,60.0,,controlled_tattoo_stress,,digital_tattoo_message,tattoo_bit1,tattoo_bit1,1.0,245.0,,,0.19995017172032203,,False,,1,
p5_temp_phase5.6_calib_246,p5_temp_fixed_chip1,mc_phase5_temp_ber_FIXED.py,phase5.6_calib,2026-07-27,1.0,real_bsim_ptm,simulated,False,3.2,0.045,4,4.5,11.86,25.0,,,60.0,,controlled_tattoo_stress,,digital_tattoo_message,tattoo_bit1,tattoo_bit1,1.0,246.0,,,0.20337561140424124,,False,,1,
p5_temp_phase5.6_field_246,p5_temp_fixed_chip1,mc_phase5_temp_ber_FIXED.py,phase5.6_field,2026-07-27,1.0,real_bsim_ptm,simulated,False,3.2,0.045,4,4.5,11.86,75.0,,,60.0,,controlled_tattoo_stress,,digital_tattoo_message,tattoo_bit1,tattoo_bit1,1.0,246.0,,,0.23964348424908835,,False,,1,
p5_temp_phase5.6_calib_247,p5_temp_fixed_chip1,mc_phase5_temp_ber_FIXED.py,phase5.6_calib,2026-07-27,1.0,real_bsim_ptm,simulated,False,3.2,0.045,4,4.5,11.86,25.0,,,60.0,,controlled_tattoo_stress,,digital_tattoo_message,tattoo_bit1,tattoo_bit1,1.0,247.0,,,0.1624445389569729,,False,,1,
p5_temp_phase5.6_field_247,p5_temp_fixed_chip1,mc_phase5_temp_ber_FIXED.py,phase5.6_field,2026-07-27,1.0,real_bsim_ptm,simulated,False,3.2,0.045,4,4.5,11.86,75.0,,,60.0,,controlled_tattoo_stress,,digital_tattoo_message,tattoo_bit1,tattoo_bit1,1.0,247.0,,,0.19438016442138198,,False,,1,
p5_temp_phase5.6_calib_248,p5_temp_fixed_chip1,mc_phase5_temp_ber_FIXED.py,phase5.6_calib,2026-07-27,1.0,real_bsim_ptm,simulated,False,3.2,0.045,4,4.5,11.86,25.0,,,60.0,,controlled_tattoo_stress,,digital_tattoo_message,tattoo_bit1,tattoo_bit1,1.0,248.0,,,0.18672233800439855,,False,,1,
p5_temp_phase5.6_field_248,p5_temp_fixed_chip1,mc_phase5_temp_ber_FIXED.py,phase5.6_field,2026-07-27,1.0,real_bsim_ptm,simulated,False,3.2,0.045,4,4.5,11.86,75.0,,,60.0,,controlled_tattoo_stress,,digital_tattoo_message,tattoo_bit1,tattoo_bit1,1.0,248.0,,,0.2184720749951502,,False,,1,
p5_temp_phase5.6_calib_249,p5_temp_fixed_chip1,mc_phase5_temp_ber_FIXED.py,phase5.6_calib,2026-07-27,1.0,real_bsim_ptm,simulated,False,3.2,0.045,4,4.5,11.86,25.0,,,60.0,,controlled_tattoo_stress,,digital_tattoo_message,tattoo_bit1,tattoo_bit1,1.0,249.0,,,0.17855838745467875,,False,,1,
p5_temp_phase5.6_field_249,p5_temp_fixed_chip1,mc_phase5_temp_ber_FIXED.py,phase5.6_field,2026-07-27,1.0,real_bsim_ptm,simulated,False,3.2,0.045,4,4.5,11.86,75.0,,,60.0,,controlled_tattoo_stress,,digital_tattoo_message,tattoo_bit1,tattoo_bit1,1.0,249.0,,,0.21024685313100677,,False,,1,
p5_temp_phase5.6_calib_250,p5_temp_fixed_chip1,mc_phase5_temp_ber_FIXED.py,phase5.6_calib,2026-07-27,1.0,real_bsim_ptm,simulated,False,3.2,0.045,4,4.5,11.86,25.0,,,60.0,,controlled_tattoo_stress,,digital_tattoo_message,tattoo_bit1,tattoo_bit1,1.0,250.0,,,0.2705654661606208,,False,,1,
p5_temp_phase5.6_field_250,p5_temp_fixed_chip1,mc_phase5_temp_ber_FIXED.py,phase5.6_field,2026-07-27,1.0,real_bsim_ptm,simulated,False,3.2,0.045,4,4.5,11.86,75.0,,,60.0,,controlled_tattoo_stress,,digital_tattoo_message,tattoo_bit1,tattoo_bit1,1.0,250.0,,,0.30875138105242755,,False,,1,
p5_temp_phase5.6_calib_251,p5_temp_fixed_chip1,mc_phase5_temp_ber_FIXED.py,phase5.6_calib,2026-07-27,1.0,real_bsim_ptm,simulated,False,3.2,0.045,4,4.5,11.86,25.0,,,0.0,,controlled_tattoo_stress,,digital_tattoo_message,tattoo_bit0,tattoo_bit0,0.0,251.0,,,1.0131066310147372,,False,,1,
p5_temp_phase5.6_field_251,p5_temp_fixed_chip1,mc_phase5_temp_ber_FIXED.py,phase5.6_field,2026-07-27,1.0,real_bsim_ptm,simulated,False,3.2,0.045,4,4.5,11.86,75.0,,,0.0,,controlled_tattoo_stress,,digital_tattoo_message,tattoo_bit0,tattoo_bit0,0.0,251.0,,,0.9976348768291181,,False,,1,
p5_temp_phase5.6_calib_252,p5_temp_fixed_chip1,mc_phase5_temp_ber_FIXED.py,phase5.6_calib,2026-07-27,1.0,real_bsim_ptm,simulated,False,3.2,0.045,4,4.5,11.86,25.0,,,60.0,,controlled_tattoo_stress,,digital_tattoo_message,tattoo_bit1,tattoo_bit1,1.0,252.0,,,0.2738686307115054,,False,,1,
p5_temp_phase5.6_field_252,p5_temp_fixed_chip1,mc_phase5_temp_ber_FIXED.py,phase5.6_field,2026-07-27,1.0,real_bsim_ptm,simulated,False,3.2,0.045,4,4.5,11.86,75.0,,,60.0,,controlled_tattoo_stress,,digital_tattoo_message,tattoo_bit1,tattoo_bit1,1.0,252.0,,,0.3122922795133582,,False,,1,
p5_temp_phase5.6_calib_253,p5_temp_fixed_chip1,mc_phase5_temp_ber_FIXED.py,phase5.6_calib,2026-07-27,1.0,real_bsim_ptm,simulated,False,3.2,0.045,4,4.5,11.86,25.0,,,0.0,,controlled_tattoo_stress,,digital_tattoo_message,tattoo_bit0,tattoo_bit0,0.0,253.0,,,1.0148381099064576,,False,,1,
p5_temp_phase5.6_field_253,p5_temp_fixed_chip1,mc_phase5_temp_ber_FIXED.py,phase5.6_field,2026-07-27,1.0,real_bsim_ptm,simulated,False,3.2,0.045,4,4.5,11.86,75.0,,,0.0,,controlled_tattoo_stress,,digital_tattoo_message,tattoo_bit0,tattoo_bit0,0.0,253.0,,,1.0061569792133251,,False,,1,
p5_temp_phase5.6_calib_254,p5_temp_fixed_chip1,mc_phase5_temp_ber_FIXED.py,phase5.6_calib,2026-07-27,1.0,real_bsim_ptm,simulated,False,3.2,0.045,4,4.5,11.86,25.0,,,60.0,,controlled_tattoo_stress,,digital_tattoo_message,tattoo_bit1,tattoo_bit1,1.0,254.0,,,0.28209717643522525,,False,,1,
p5_temp_phase5.6_field_254,p5_temp_fixed_chip1,mc_phase5_temp_ber_FIXED.py,phase5.6_field,2026-07-27,1.0,real_bsim_ptm,simulated,False,3.2,0.045,4,4.5,11.86,75.0,,,60.0,,controlled_tattoo_stress,,digital_tattoo_message,tattoo_bit1,tattoo_bit1,1.0,254.0,,,0.3207754073046152,,False,,1,
p5_temp_phase5.6_calib_255,p5_temp_fixed_chip1,mc_phase5_temp_ber_FIXED.py,phase5.6_calib,2026-07-27,1.0,real_bsim_ptm,simulated,False,3.2,0.045,4,4.5,11.86,25.0,,,0.0,,controlled_tattoo_stress,,digital_tattoo_message,tattoo_bit0,tattoo_bit0,0.0,255.0,,,0.9520384085087845,,False,,1,
p5_temp_phase5.6_field_255,p5_temp_fixed_chip1,mc_phase5_temp_ber_FIXED.py,phase5.6_field,2026-07-27,1.0,real_bsim_ptm,simulated,False,3.2,0.045,4,4.5,11.86,75.0,,,0.0,,controlled_tattoo_stress,,digital_tattoo_message,tattoo_bit0,tattoo_bit0,0.0,255.0,,,0.9558772224465244,,False,,1,
p6_vdd_phase6.3_vdd_nominal_0,p6_vdd_fixed_chip1,mc_phase6_voltage_ber.py,phase6.3_vdd_nominal,2026-07-27,1.0,real_bsim_ptm,simulated,False,3.2,0.045,4,4.5,11.86,27.0,1.0,,0.0,,controlled_tattoo_stress,,digital_tattoo_message,tattoo_bit0,tattoo_bit0,0.0,0.0,,,1.2125934445593207,,False,,1,
p6_vdd_phase6.3_vdd_low_0,p6_vdd_fixed_chip1,mc_phase6_voltage_ber.py,phase6.3_vdd_low,2026-07-27,1.0,real_bsim_ptm,simulated,False,3.2,0.045,4,4.5,11.86,27.0,0.9,,0.0,,controlled_tattoo_stress,,digital_tattoo_message,tattoo_bit0,tattoo_bit0,0.0,0.0,,,1.213360132756192,,False,,1,
p6_vdd_phase6.3_vdd_high_0,p6_vdd_fixed_chip1,mc_phase6_voltage_ber.py,phase6.3_vdd_high,2026-07-27,1.0,real_bsim_ptm,simulated,False,3.2,0.045,4,4.5,11.86,27.0,1.1,,0.0,,controlled_tattoo_stress,,digital_tattoo_message,tattoo_bit0,tattoo_bit0,0.0,0.0,,,1.2117559737910453,,False,,1,
p6_vdd_phase6.3_vdd_nominal_1,p6_vdd_fixed_chip1,mc_phase6_voltage_ber.py,phase6.3_vdd_nominal,2026-07-27,1.0,real_bsim_ptm,simulated,False,3.2,0.045,4,4.5,11.86,27.0,1.0,,0.0,,controlled_tattoo_stress,,digital_tattoo_message,tattoo_bit0,tattoo_bit0,0.0,1.0,,,0.7001425043759993,,False,,1,
p6_vdd_phase6.3_vdd_low_1,p6_vdd_fixed_chip1,mc_phase6_voltage_ber.py,phase6.3_vdd_low,2026-07-27,1.0,real_bsim_ptm,simulated,False,3.2,0.045,4,4.5,11.86,27.0,0.9,,0.0,,controlled_tattoo_stress,,digital_tattoo_message,tattoo_bit0,tattoo_bit0,0.0,1.0,,,0.6994196535329996,,False,,1,
p6_vdd_phase6.3_vdd_high_1,p6_vdd_fixed_chip1,mc_phase6_voltage_ber.py,phase6.3_vdd_high,2026-07-27,1.0,real_bsim_ptm,simulated,False,3.2,0.045,4,4.5,11.86,27.0,1.1,,0.0,,controlled_tattoo_stress,,digital_tattoo_message,tattoo_bit0,tattoo_bit0,0.0,1.0,,,0.7009235753509905,,False,,1,
p6_vdd_phase6.3_vdd_nominal_2,p6_vdd_fixed_chip1,mc_phase6_voltage_ber.py,phase6.3_vdd_nominal,2026-07-27,1.0,real_bsim_ptm,simulated,False,3.2,0.045,4,4.5,11.86,27.0,1.0,,0.0,,controlled_tattoo_stress,,digital_tattoo_message,tattoo_bit0,tattoo_bit0,0.0,2.0,,,1.0157939858217944,,False,,1,
p6_vdd_phase6.3_vdd_low_2,p6_vdd_fixed_chip1,mc_phase6_voltage_ber.py,phase6.3_vdd_low,2026-07-27,1.0,real_bsim_ptm,simulated,False,3.2,0.045,4,4.5,11.86,27.0,0.9,,0.0,,controlled_tattoo_stress,,digital_tattoo_message,tattoo_bit0,tattoo_bit0,0.0,2.0,,,1.016077675512849,,False,,1,
p6_vdd_phase6.3_vdd_high_2,p6_vdd_fixed_chip1,mc_phase6_voltage_ber.py,phase6.3_vdd_high,2026-07-27,1.0,real_bsim_ptm,simulated,False,3.2,0.045,4,4.5,11.86,27.0,1.1,,0.0,,controlled_tattoo_stress,,digital_tattoo_message,tattoo_bit0,tattoo_bit0,0.0,2.0,,,1.0154802879201623,,False,,1,
p6_vdd_phase6.3_vdd_nominal_3,p6_vdd_fixed_chip1,mc_phase6_voltage_ber.py,phase6.3_vdd_nominal,2026-07-27,1.0,real_bsim_ptm,simulated,False,3.2,0.045,4,4.5,11.86,27.0,1.0,,0.0,,controlled_tattoo_stress,,digital_tattoo_message,tattoo_bit0,tattoo_bit0,0.0,3.0,,,1.4625062087418264,,False,,1,
p6_vdd_phase6.3_vdd_low_3,p6_vdd_fixed_chip1,mc_phase6_voltage_ber.py,phase6.3_vdd_low,2026-07-27,1.0,real_bsim_ptm,simulated,False,3.2,0.045,4,4.5,11.86,27.0,0.9,,0.0,,controlled_tattoo_stress,,digital_tattoo_message,tattoo_bit0,tattoo_bit0,0.0,3.0,,,1.4654305705966584,,False,,1,
p6_vdd_phase6.3_vdd_high_3,p6_vdd_fixed_chip1,mc_phase6_voltage_ber.py,phase6.3_vdd_high,2026-07-27,1.0,real_bsim_ptm,simulated,False,3.2,0.045,4,4.5,11.86,27.0,1.1,,0.0,,controlled_tattoo_stress,,digital_tattoo_message,tattoo_bit0,tattoo_bit0,0.0,3.0,,,1.459327284069555,,False,,1,
p6_vdd_phase6.3_vdd_nominal_4,p6_vdd_fixed_chip1,mc_phase6_voltage_ber.py,phase6.3_vdd_nominal,2026-07-27,1.0,real_bsim_ptm,simulated,False,3.2,0.045,4,4.5,11.86,27.0,1.0,,60.0,,controlled_tattoo_stress,,digital_tattoo_message,tattoo_bit1,tattoo_bit1,1.0,4.0,,,0.1751524673605946,,False,,1,
p6_vdd_phase6.3_vdd_low_4,p6_vdd_fixed_chip1,mc_phase6_voltage_ber.py,phase6.3_vdd_low,2026-07-27,1.0,real_bsim_ptm,simulated,False,3.2,0.045,4,4.5,11.86,27.0,0.9,,60.0,,controlled_tattoo_stress,,digital_tattoo_message,tattoo_bit1,tattoo_bit1,1.0,4.0,,,0.17429087265271798,,False,,1,
p6_vdd_phase6.3_vdd_high_4,p6_vdd_fixed_chip1,mc_phase6_voltage_ber.py,phase6.3_vdd_high,2026-07-27,1.0,real_bsim_ptm,simulated,False,3.2,0.045,4,4.5,11.86,27.0,1.1,,60.0,,controlled_tattoo_stress,,digital_tattoo_message,tattoo_bit1,tattoo_bit1,1.0,4.0,,,0.17597710443628412,,False,,1,
p6_vdd_phase6.3_vdd_nominal_5,p6_vdd_fixed_chip1,mc_phase6_voltage_ber.py,phase6.3_vdd_nominal,2026-07-27,1.0,real_bsim_ptm,simulated,False,3.2,0.045,4,4.5,11.86,27.0,1.0,,0.0,,controlled_tattoo_stress,,digital_tattoo_message,tattoo_bit0,tattoo_bit0,0.0,5.0,,,1.1528095370668052,,False,,1,
p6_vdd_phase6.3_vdd_low_5,p6_vdd_fixed_chip1,mc_phase6_voltage_ber.py,phase6.3_vdd_low,2026-07-27,1.0,real_bsim_ptm,simulated,False,3.2,0.045,4,4.5,11.86,27.0,0.9,,0.0,,controlled_tattoo_stress,,digital_tattoo_message,tattoo_bit0,tattoo_bit0,0.0,5.0,,,1.1533035716409246,,False,,1,
p6_vdd_phase6.3_vdd_high_5,p6_vdd_fixed_chip1,mc_phase6_voltage_ber.py,phase6.3_vdd_high,2026-07-27,1.0,real_bsim_ptm,simulated,False,3.2,0.045,4,4.5,11.86,27.0,1.1,,0.0,,controlled_tattoo_stress,,digital_tattoo_message,tattoo_bit0,tattoo_bit0,0.0,5.0,,,1.1522779017568383,,False,,1,
p6_vdd_phase6.3_vdd_nominal_6,p6_vdd_fixed_chip1,mc_phase6_voltage_ber.py,phase6.3_vdd_nominal,2026-07-27,1.0,real_bsim_ptm,simulated,False,3.2,0.045,4,4.5,11.86,27.0,1.0,,0.0,,controlled_tattoo_stress,,digital_tattoo_message,tattoo_bit0,tattoo_bit0,0.0,6.0,,,1.5222819282459108,,False,,1,
p6_vdd_phase6.3_vdd_low_6,p6_vdd_fixed_chip1,mc_phase6_voltage_ber.py,phase6.3_vdd_low,2026-07-27,1.0,real_bsim_ptm,simulated,False,3.2,0.045,4,4.5,11.86,27.0,0.9,,0.0,,controlled_tattoo_stress,,digital_tattoo_message,tattoo_bit0,tattoo_bit0,0.0,6.0,,,1.5243724655806796,,False,,1,
p6_vdd_phase6.3_vdd_high_6,p6_vdd_fixed_chip1,mc_phase6_voltage_ber.py,phase6.3_vdd_high,2026-07-27,1.0,real_bsim_ptm,simulated,False,3.2,0.045,4,4.5,11.86,27.0,1.1,,0.0,,controlled_tattoo_stress,,digital_tattoo_message,tattoo_bit0,tattoo_bit0,0.0,6.0,,,1.520014761152309,,False,,1,
p6_vdd_phase6.3_vdd_nominal_7,p6_vdd_fixed_chip1,mc_phase6_voltage_ber.py,phase6.3_vdd_nominal,2026-07-27,1.0,real_bsim_ptm,simulated,False,3.2,0.045,4,4.5,11.86,27.0,1.0,,60.0,,controlled_tattoo_stress,,digital_tattoo_message,tattoo_bit1,tattoo_bit1,1.0,7.0,,,0.21829357970728047,,False,,1,
p6_vdd_phase6.3_vdd_low_7,p6_vdd_fixed_chip1,mc_phase6_voltage_ber.py,phase6.3_vdd_low,2026-07-27,1.0,real_bsim_ptm,simulated,False,3.2,0.045,4,4.5,11.86,27.0,0.9,,60.0,,controlled_tattoo_stress,,digital_tattoo_message,tattoo_bit1,tattoo_bit1,1.0,7.0,,,0.21748402486904697,,False,,1,
p6_vdd_phase6.3_vdd_high_7,p6_vdd_fixed_chip1,mc_phase6_voltage_ber.py,phase6.3_vdd_high,2026-07-27,1.0,real_bsim_ptm,simulated,False,3.2,0.045,4,4.5,11.86,27.0,1.1,,60.0,,controlled_tattoo_stress,,digital_tattoo_message,tattoo_bit1,tattoo_bit1,1.0,7.0,,,0.21907335697627953,,False,,1,
p6_vdd_phase6.3_vdd_nominal_8,p6_vdd_fixed_chip1,mc_phase6_voltage_ber.py,phase6.3_vdd_nominal,2026-07-27,1.0,real_bsim_ptm,simulated,False,3.2,0.045,4,4.5,11.86,27.0,1.0,,60.0,,controlled_tattoo_stress,,digital_tattoo_message,tattoo_bit1,tattoo_bit1,1.0,8.0,,,0.18934597825154614,,False,,1,
p6_vdd_phase6.3_vdd_low_8,p6_vdd_fixed_chip1,mc_phase6_voltage_ber.py,phase6.3_vdd_low,2026-07-27,1.0,real_bsim_ptm,simulated,False,3.2,0.045,4,4.5,11.86,27.0,0.9,,60.0,,controlled_tattoo_stress,,digital_tattoo_message,tattoo_bit1,tattoo_bit1,1.0,8.0,,,0.1884629029836502,,False,,1,
p6_vdd_phase6.3_vdd_high_8,p6_vdd_fixed_chip1,mc_phase6_voltage_ber.py,phase6.3_vdd_high,2026-07-27,1.0,real_bsim_ptm,simulated,False,3.2,0.045,4,4.5,11.86,27.0,1.1,,60.0,,controlled_tattoo_stress,,digital_tattoo_message,tattoo_bit1,tattoo_bit1,1.0,8.0,,,0.19020469500033838,,False,,1,
p6_vdd_phase6.3_vdd_nominal_9,p6_vdd_fixed_chip1,mc_phase6_voltage_ber.py,phase6.3_vdd_nominal,2026-07-27,1.0,real_bsim_ptm,simulated,False,3.2,0.045,4,4.5,11.86,27.0,1.0,,60.0,,controlled_tattoo_stress,,digital_tattoo_message,tattoo_bit1,tattoo_bit1,1.0,9.0,,,0.17631180820659997,,False,,1,
p6_vdd_phase6.3_vdd_low_9,p6_vdd_fixed_chip1,mc_phase6_voltage_ber.py,phase6.3_vdd_low,2026-07-27,1.0,real_bsim_ptm,simulated,False,3.2,0.045,4,4.5,11.86,27.0,0.9,,60.0,,controlled_tattoo_stress,,digital_tattoo_message,tattoo_bit1,tattoo_bit1,1.0,9.0,,,0.17545289910246864,,False,,1,
p6_vdd_phase6.3_vdd_high_9,p6_vdd_fixed_chip1,mc_phase6_voltage_ber.py,phase6.3_vdd_high,2026-07-27,1.0,real_bsim_ptm,simulated,False,3.2,0.045,4,4.5,11.86,27.0,1.1,,60.0,,controlled_tattoo_stress,,digital_tattoo_message,tattoo_bit1,tattoo_bit1,1.0,9.0,,,0.17716234965022187,,False,,1,
p6_vdd_phase6.3_vdd_nominal_10,p6_vdd_fixed_chip1,mc_phase6_voltage_ber.py,phase6.3_vdd_nominal,2026-07-27,1.0,real_bsim_ptm,simulated,False,3.2,0.045,4,4.5,11.86,27.0,1.0,,60.0,,controlled_tattoo_stress,,digital_tattoo_message,tattoo_bit1,tattoo_bit1,1.0,10.0,,,0.16527634769556873,,False,,1,
p6_vdd_phase6.3_vdd_low_10,p6_vdd_fixed_chip1,mc_phase6_voltage_ber.py,phase6.3_vdd_low,2026-07-27,1.0,real_bsim_ptm,simulated,False,3.2,0.045,4,4.5,11.86,27.0,0.9,,60.0,,controlled_tattoo_stress,,digital_tattoo_message,tattoo_bit1,tattoo_bit1,1.0,10.0,,,0.16443834406979635,,False,,1,
p6_vdd_phase6.3_vdd_high_10,p6_vdd_fixed_chip1,mc_phase6_voltage_ber.py,phase6.3_vdd_high,2026-07-27,1.0,real_bsim_ptm,simulated,False,3.2,0.045,4,4.5,11.86,27.0,1.1,,60.0,,controlled_tattoo_stress,,digital_tattoo_message,tattoo_bit1,tattoo_bit1,1.0,10.0,,,0.1660829044996765,,False,,1,
p6_vdd_phase6.3_vdd_nominal_11,p6_vdd_fixed_chip1,mc_phase6_voltage_ber.py,phase6.3_vdd_nominal,2026-07-27,1.0,real_bsim_ptm,simulated,False,3.2,0.045,4,4.5,11.86,27.0,1.0,,0.0,,controlled_tattoo_stress,,digital_tattoo_message,tattoo_bit0,tattoo_bit0,0.0,11.0,,,1.1340833945693272,,False,,1,
p6_vdd_phase6.3_vdd_low_11,p6_vdd_fixed_chip1,mc_phase6_voltage_ber.py,phase6.3_vdd_low,2026-07-27,1.0,real_bsim_ptm,simulated,False,3.2,0.045,4,4.5,11.86,27.0,0.9,,0.0,,controlled_tattoo_stress,,digital_tattoo_message,tattoo_bit0,tattoo_bit0,0.0,11.0,,,1.1352067241762525,,False,,1,
p6_vdd_phase6.3_vdd_high_11,p6_vdd_fixed_chip1,mc_phase6_voltage_ber.py,phase6.3_vdd_high,2026-07-27,1.0,real_bsim_ptm,simulated,False,3.2,0.045,4,4.5,11.86,27.0,1.1,,0.0,,controlled_tattoo_stress,,digital_tattoo_message,tattoo_bit0,tattoo_bit0,0.0,11.0,,,1.1328301936619072,,False,,1,
p6_vdd_phase6.3_vdd_nominal_12,p6_vdd_fixed_chip1,mc_phase6_voltage_ber.py,phase6.3_vdd_nominal,2026-07-27,1.0,real_bsim_ptm,simulated,False,3.2,0.045,4,4.5,11.86,27.0,1.0,,60.0,,controlled_tattoo_stress,,digital_tattoo_message,tattoo_bit1,tattoo_bit1,1.0,12.0,,,0.3562162779183466,,False,,1,
p6_vdd_phase6.3_vdd_low_12,p6_vdd_fixed_chip1,mc_phase6_voltage_ber.py,phase6.3_vdd_low,2026-07-27,1.0,real_bsim_ptm,simulated,False,3.2,0.045,4,4.5,11.86,27.0,0.9,,60.0,,controlled_tattoo_stress,,digital_tattoo_message,tattoo_bit1,tattoo_bit1,1.0,12.0,,,0.35544854406572085,,False,,1,
p6_vdd_phase6.3_vdd_high_12,p6_vdd_fixed_chip1,mc_phase6_voltage_ber.py,phase6.3_vdd_high,2026-07-27,1.0,real_bsim_ptm,simulated,False,3.2,0.045,4,4.5,11.86,27.0,1.1,,60.0,,controlled_tattoo_stress,,digital_tattoo_message,tattoo_bit1,tattoo_bit1,1.0,12.0,,,0.35697839910398854,,False,,1,
p6_vdd_phase6.3_vdd_nominal_13,p6_vdd_fixed_chip1,mc_phase6_voltage_ber.py,phase6.3_vdd_nominal,2026-07-27,1.0,real_bsim_ptm,simulated,False,3.2,0.045,4,4.5,11.86,27.0,1.0,,0.0,,controlled_tattoo_stress,,digital_tattoo_message,tattoo_bit0,tattoo_bit0,0.0,13.0,,,1.3232714407491597,,False,,1,
p6_vdd_phase6.3_vdd_low_13,p6_vdd_fixed_chip1,mc_phase6_voltage_ber.py,phase6.3_vdd_low,2026-07-27,1.0,real_bsim_ptm,simulated,False,3.2,0.045,4,4.5,11.86,27.0,0.9,,0.0,,controlled_tattoo_stress,,digital_tattoo_message,tattoo_bit0,tattoo_bit0,0.0,13.0,,,1.324697797017224,,False,,1,
p6_vdd_phase6.3_vdd_high_13,p6_vdd_fixed_chip1,mc_phase6_voltage_ber.py,phase6.3_vdd_high,2026-07-27,1.0,real_bsim_ptm,simulated,False,3.2,0.045,4,4.5,11.86,27.0,1.1,,0.0,,controlled_tattoo_stress,,digital_tattoo_message,tattoo_bit0,tattoo_bit0,0.0,13.0,,,1.3217142424709056,,False,,1,
p6_vdd_phase6.3_vdd_nominal_14,p6_vdd_fixed_chip1,mc_phase6_voltage_ber.py,phase6.3_vdd_nominal,2026-07-27,1.0,real_bsim_ptm,simulated,False,3.2,0.045,4,4.5,11.86,27.0,1.0,,0.0,,controlled_tattoo_stress,,digital_tattoo_message,tattoo_bit0,tattoo_bit0,0.0,14.0,,,0.726875577543033,,False,,1,
p6_vdd_phase6.3_vdd_low_14,p6_vdd_fixed_chip1,mc_phase6_voltage_ber.py,phase6.3_vdd_low,2026-07-27,1.0,real_bsim_ptm,simulated,False,3.2,0.045,4,4.5,11.86,27.0,0.9,,0.0,,controlled_tattoo_stress,,digital_tattoo_message,tattoo_bit0,tattoo_bit0,0.0,14.0,,,0.7262598973620679,,False,,1,
p6_vdd_phase6.3_vdd_high_14,p6_vdd_fixed_chip1,mc_phase6_voltage_ber.py,phase6.3_vdd_high,2026-07-27,1.0,real_bsim_ptm,simulated,False,3.2,0.045,4,4.5,11.86,27.0,1.1,,0.0,,controlled_tattoo_stress,,digital_tattoo_message,tattoo_bit0,tattoo_bit0,0.0,14.0,,,0.7275431930697727,,False,,1,
p6_vdd_phase6.3_vdd_nominal_15,p6_vdd_fixed_chip1,mc_phase6_voltage_ber.py,phase6.3_vdd_nominal,2026-07-27,1.0,real_bsim_ptm,simulated,False,3.2,0.045,4,4.5,11.86,27.0,1.0,,0.0,,controlled_tattoo_stress,,digital_tattoo_message,tattoo_bit0,tattoo_bit0,0.0,15.0,,,1.208327381855708,,False,,1,
p6_vdd_phase6.3_vdd_low_15,p6_vdd_fixed_chip1,mc_phase6_voltage_ber.py,phase6.3_vdd_low,2026-07-27,1.0,real_bsim_ptm,simulated,False,3.2,0.045,4,4.5,11.86,27.0,0.9,,0.0,,controlled_tattoo_stress,,digital_tattoo_message,tattoo_bit0,tattoo_bit0,0.0,15.0,,,1.2090777558480406,,False,,1,
p6_vdd_phase6.3_vdd_high_15,p6_vdd_fixed_chip1,mc_phase6_voltage_ber.py,phase6.3_vdd_high,2026-07-27,1.0,real_bsim_ptm,simulated,False,3.2,0.045,4,4.5,11.86,27.0,1.1,,0.0,,controlled_tattoo_stress,,digital_tattoo_message,tattoo_bit0,tattoo_bit0,0.0,15.0,,,1.2074949832635093,,False,,1,
p6_vdd_phase6.3_vdd_nominal_16,p6_vdd_fixed_chip1,mc_phase6_voltage_ber.py,phase6.3_vdd_nominal,2026-07-27,1.0,real_bsim_ptm,simulated,False,3.2,0.045,4,4.5,11.86,27.0,1.0,,60.0,,controlled_tattoo_stress,,digital_tattoo_message,tattoo_bit1,tattoo_bit1,1.0,16.0,,,0.15392827438782788,,False,,1,
p6_vdd_phase6.3_vdd_low_16,p6_vdd_fixed_chip1,mc_phase6_voltage_ber.py,phase6.3_vdd_low,2026-07-27,1.0,real_bsim_ptm,simulated,False,3.2,0.045,4,4.5,11.86,27.0,0.9,,60.0,,controlled_tattoo_stress,,digital_tattoo_message,tattoo_bit1,tattoo_bit1,1.0,16.0,,,0.15310891552625788,,False,,1,
p6_vdd_phase6.3_vdd_high_16,p6_vdd_fixed_chip1,mc_phase6_voltage_ber.py,phase6.3_vdd_high,2026-07-27,1.0,real_bsim_ptm,simulated,False,3.2,0.045,4,4.5,11.86,27.0,1.1,,60.0,,controlled_tattoo_stress,,digital_tattoo_message,tattoo_bit1,tattoo_bit1,1.0,16.0,,,0.15472733995975907,,False,,1,
p6_vdd_phase6.3_vdd_nominal_17,p6_vdd_fixed_chip1,mc_phase6_voltage_ber.py,phase6.3_vdd_nominal,2026-07-27,1.0,real_bsim_ptm,simulated,False,3.2,0.045,4,4.5,11.86,27.0,1.0,,0.0,,controlled_tattoo_stress,,digital_tattoo_message,tattoo_bit0,tattoo_bit0,0.0,17.0,,,1.166463306881802,,False,,1,
p6_vdd_phase6.3_vdd_low_17,p6_vdd_fixed_chip1,mc_phase6_voltage_ber.py,phase6.3_vdd_low,2026-07-27,1.0,real_bsim_ptm,simulated,False,3.2,0.045,4,4.5,11.86,27.0,0.9,,0.0,,controlled_tattoo_stress,,digital_tattoo_message,tattoo_bit0,tattoo_bit0,0.0,17.0,,,1.1671468609791726,,False,,1,
p6_vdd_phase6.3_vdd_high_17,p6_vdd_fixed_chip1,mc_phase6_voltage_ber.py,phase6.3_vdd_high,2026-07-27,1.0,real_bsim_ptm,simulated,False,3.2,0.045,4,4.5,11.86,27.0,1.1,,0.0,,controlled_tattoo_stress,,digital_tattoo_message,tattoo_bit0,tattoo_bit0,0.0,17.0,,,1.1657145865658616,,False,,1,
p6_vdd_phase6.3_vdd_nominal_18,p6_vdd_fixed_chip1,mc_phase6_voltage_ber.py,phase6.3_vdd_nominal,2026-07-27,1.0,real_bsim_ptm,simulated,False,3.2,0.045,4,4.5,11.86,27.0,1.0,,60.0,,controlled_tattoo_stress,,digital_tattoo_message,tattoo_bit1,tattoo_bit1,1.0,18.0,,,0.13926893142207408,,False,,1,
p6_vdd_phase6.3_vdd_low_18,p6_vdd_fixed_chip1,mc_phase6_voltage_ber.py,phase6.3_vdd_low,2026-07-27,1.0,real_bsim_ptm,simulated,False,3.2,0.045,4,4.5,11.86,27.0,0.9,,60.0,,controlled_tattoo_stress,,digital_tattoo_message,tattoo_bit1,tattoo_bit1,1.0,18.0,,,0.13846071945208976,,False,,1,
p6_vdd_phase6.3_vdd_high_18,p6_vdd_fixed_chip1,mc_phase6_voltage_ber.py,phase6.3_vdd_high,2026-07-27,1.0,real_bsim_ptm,simulated,False,3.2,0.045,4,4.5,11.86,27.0,1.1,,60.0,,controlled_tattoo_stress,,digital_tattoo_message,tattoo_bit1,tattoo_bit1,1.0,18.0,,,0.1400500310547188,,False,,1,
p6_vdd_phase6.3_vdd_nominal_19,p6_vdd_fixed_chip1,mc_phase6_voltage_ber.py,phase6.3_vdd_nominal,2026-07-27,1.0,real_bsim_ptm,simulated,False,3.2,0.045,4,4.5,11.86,27.0,1.0,,0.0,,controlled_tattoo_stress,,digital_tattoo_message,tattoo_bit0,tattoo_bit0,0.0,19.0,,,1.3928156383174364,,False,,1,
p6_vdd_phase6.3_vdd_low_19,p6_vdd_fixed_chip1,mc_phase6_voltage_ber.py,phase6.3_vdd_low,2026-07-27,1.0,real_bsim_ptm,simulated,False,3.2,0.045,4,4.5,11.86,27.0,0.9,,0.0,,controlled_tattoo_stress,,digital_tattoo_message,tattoo_bit0,tattoo_bit0,0.0,19.0,,,1.3943122908424783,,False,,1,
p6_vdd_phase6.3_vdd_high_19,p6_vdd_fixed_chip1,mc_phase6_voltage_ber.py,phase6.3_vdd_high,2026-07-27,1.0,real_bsim_ptm,simulated,False,3.2,0.045,4,4.5,11.86,27.0,1.1,,0.0,,controlled_tattoo_stress,,digital_tattoo_message,tattoo_bit0,tattoo_bit0,0.0,19.0,,,1.3911976012326988,,False,,1,
p6_vdd_phase6.3_vdd_nominal_20,p6_vdd_fixed_chip1,mc_phase6_voltage_ber.py,phase6.3_vdd_nominal,2026-07-27,1.0,real_bsim_ptm,simulated,False,3.2,0.045,4,4.5,11.86,27.0,1.0,,60.0,,controlled_tattoo_stress,,digital_tattoo_message,tattoo_bit1,tattoo_bit1,1.0,20.0,,,0.1675208613997153,,False,,1,
p6_vdd_phase6.3_vdd_low_20,p6_vdd_fixed_chip1,mc_phase6_voltage_ber.py,phase6.3_vdd_low,2026-07-27,1.0,real_bsim_ptm,simulated,False,3.2,0.045,4,4.5,11.86,27.0,0.9,,60.0,,controlled_tattoo_stress,,digital_tattoo_message,tattoo_bit1,tattoo_bit1,1.0,20.0,,,0.1666721072655673,,False,,1,
p6_vdd_phase6.3_vdd_high_20,p6_vdd_fixed_chip1,mc_phase6_voltage_ber.py,phase6.3_vdd_high,2026-07-27,1.0,real_bsim_ptm,simulated,False,3.2,0.045,4,4.5,11.86,27.0,1.1,,60.0,,controlled_tattoo_stress,,digital_tattoo_message,tattoo_bit1,tattoo_bit1,1.0,20.0,,,0.16836493363224647,,False,,1,
p6_vdd_phase6.3_vdd_nominal_21,p6_vdd_fixed_chip1,mc_phase6_voltage_ber.py,phase6.3_vdd_nominal,2026-07-27,1.0,real_bsim_ptm,simulated,False,3.2,0.045,4,4.5,11.86,27.0,1.0,,60.0,,controlled_tattoo_stress,,digital_tattoo_message,tattoo_bit1,tattoo_bit1,1.0,21.0,,,0.2842697265346424,,False,,1,
p6_vdd_phase6.3_vdd_low_21,p6_vdd_fixed_chip1,mc_phase6_voltage_ber.py,phase6.3_vdd_low,2026-07-27,1.0,real_bsim_ptm,simulated,False,3.2,0.045,4,4.5,11.86,27.0,0.9,,60.0,,controlled_tattoo_stress,,digital_tattoo_message,tattoo_bit1,tattoo_bit1,1.0,21.0,,,0.2833415233221735,,False,,1,
p6_vdd_phase6.3_vdd_high_21,p6_vdd_fixed_chip1,mc_phase6_voltage_ber.py,phase6.3_vdd_high,2026-07-27,1.0,real_bsim_ptm,simulated,False,3.2,0.045,4,4.5,11.86,27.0,1.1,,60.0,,controlled_tattoo_stress,,digital_tattoo_message,tattoo_bit1,tattoo_bit1,1.0,21.0,,,0.28518733945928393,,False,,1,
p6_vdd_phase6.3_vdd_nominal_22,p6_vdd_fixed_chip1,mc_phase6_voltage_ber.py,phase6.3_vdd_nominal,2026-07-27,1.0,real_bsim_ptm,simulated,False,3.2,0.045,4,4.5,11.86,27.0,1.0,,0.0,,controlled_tattoo_stress,,digital_tattoo_message,tattoo_bit0,tattoo_bit0,0.0,22.0,,,1.3754514449181239,,False,,1,
p6_vdd_phase6.3_vdd_low_22,p6_vdd_fixed_chip1,mc_phase6_voltage_ber.py,phase6.3_vdd_low,2026-07-27,1.0,real_bsim_ptm,simulated,False,3.2,0.045,4,4.5,11.86,27.0,0.9,,0.0,,controlled_tattoo_stress,,digital_tattoo_message,tattoo_bit0,tattoo_bit0,0.0,22.0,,,1.3769201668801014,,False,,1,
p6_vdd_phase6.3_vdd_high_22,p6_vdd_fixed_chip1,mc_phase6_voltage_ber.py,phase6.3_vdd_high,2026-07-27,1.0,real_bsim_ptm,simulated,False,3.2,0.045,4,4.5,11.86,27.0,1.1,,0.0,,controlled_tattoo_stress,,digital_tattoo_message,tattoo_bit0,tattoo_bit0,0.0,22.0,,,1.373843129138011,,False,,1,
p6_vdd_phase6.3_vdd_nominal_23,p6_vdd_fixed_chip1,mc_phase6_voltage_ber.py,phase6.3_vdd_nominal,2026-07-27,1.0,real_bsim_ptm,simulated,False,3.2,0.045,4,4.5,11.86,27.0,1.0,,0.0,,controlled_tattoo_stress,,digital_tattoo_message,tattoo_bit0,tattoo_bit0,0.0,23.0,,,0.8654703680086016,,False,,1,
p6_vdd_phase6.3_vdd_low_23,p6_vdd_fixed_chip1,mc_phase6_voltage_ber.py,phase6.3_vdd_low,2026-07-27,1.0,real_bsim_ptm,simulated,False,3.2,0.045,4,4.5,11.86,27.0,0.9,,0.0,,controlled_tattoo_stress,,digital_tattoo_message,tattoo_bit0,tattoo_bit0,0.0,23.0,,,0.8651522641315117,,False,,1,
p6_vdd_phase6.3_vdd_high_23,p6_vdd_fixed_chip1,mc_phase6_voltage_ber.py,phase6.3_vdd_high,2026-07-27,1.0,real_bsim_ptm,simulated,False,3.2,0.045,4,4.5,11.86,27.0,1.1,,0.0,,controlled_tattoo_stress,,digital_tattoo_message,tattoo_bit0,tattoo_bit0,0.0,23.0,,,0.8658298318230768,,False,,1,
p6_vdd_phase6.3_vdd_nominal_24,p6_vdd_fixed_chip1,mc_phase6_voltage_ber.py,phase6.3_vdd_nominal,2026-07-27,1.0,real_bsim_ptm,simulated,False,3.2,0.045,4,4.5,11.86,27.0,1.0,,60.0,,controlled_tattoo_stress,,digital_tattoo_message,tattoo_bit1,tattoo_bit1,1.0,24.0,,,0.20428304746630946,,False,,1,
p6_vdd_phase6.3_vdd_low_24,p6_vdd_fixed_chip1,mc_phase6_voltage_ber.py,phase6.3_vdd_low,2026-07-27,1.0,real_bsim_ptm,simulated,False,3.2,0.045,4,4.5,11.86,27.0,0.9,,60.0,,controlled_tattoo_stress,,digital_tattoo_message,tattoo_bit1,tattoo_bit1,1.0,24.0,,,0.20336625358271868,,False,,1,
p6_vdd_phase6.3_vdd_high_24,p6_vdd_fixed_chip1,mc_phase6_voltage_ber.py,phase6.3_vdd_high,2026-07-27,1.0,real_bsim_ptm,simulated,False,3.2,0.045,4,4.5,11.86,27.0,1.1,,60.0,,controlled_tattoo_stress,,digital_tattoo_message,tattoo_bit1,tattoo_bit1,1.0,24.0,,,0.205203438542227,,False,,1,
p6_vdd_phase6.3_vdd_nominal_25,p6_vdd_fixed_chip1,mc_phase6_voltage_ber.py,phase6.3_vdd_nominal,2026-07-27,1.0,real_bsim_ptm,simulated,False,3.2,0.045,4,4.5,11.86,27.0,1.0,,60.0,,controlled_tattoo_stress,,digital_tattoo_message,tattoo_bit1,tattoo_bit1,1.0,25.0,,,0.19683796062020847,,False,,1,
p6_vdd_phase6.3_vdd_low_25,p6_vdd_fixed_chip1,mc_phase6_voltage_ber.py,phase6.3_vdd_low,2026-07-27,1.0,real_bsim_ptm,simulated,False,3.2,0.045,4,4.5,11.86,27.0,0.9,,60.0,,controlled_tattoo_stress,,digital_tattoo_message,tattoo_bit1,tattoo_bit1,1.0,25.0,,,0.1959516320537963,,False,,1,
p6_vdd_phase6.3_vdd_high_25,p6_vdd_fixed_chip1,mc_phase6_voltage_ber.py,phase6.3_vdd_high,2026-07-27,1.0,real_bsim_ptm,simulated,False,3.2,0.045,4,4.5,11.86,27.0,1.1,,60.0,,controlled_tattoo_stress,,digital_tattoo_message,tattoo_bit1,tattoo_bit1,1.0,25.0,,,0.19771564912396428,,False,,1,
p6_vdd_phase6.3_vdd_nominal_26,p6_vdd_fixed_chip1,mc_phase6_voltage_ber.py,phase6.3_vdd_nominal,2026-07-27,1.0,real_bsim_ptm,simulated,False,3.2,0.045,4,4.5,11.86,27.0,1.0,,60.0,,controlled_tattoo_stress,,digital_tattoo_message,tattoo_bit1,tattoo_bit1,1.0,26.0,,,0.2922611325772113,,False,,1,
p6_vdd_phase6.3_vdd_low_26,p6_vdd_fixed_chip1,mc_phase6_voltage_ber.py,phase6.3_vdd_low,2026-07-27,1.0,real_bsim_ptm,simulated,False,3.2,0.045,4,4.5,11.86,27.0,0.9,,60.0,,controlled_tattoo_stress,,digital_tattoo_message,tattoo_bit1,tattoo_bit1,1.0,26.0,,,0.29132530231319914,,False,,1,
p6_vdd_phase6.3_vdd_high_26,p6_vdd_fixed_chip1,mc_phase6_voltage_ber.py,phase6.3_vdd_high,2026-07-27,1.0,real_bsim_ptm,simulated,False,3.2,0.045,4,4.5,11.86,27.0,1.1,,60.0,,controlled_tattoo_stress,,digital_tattoo_message,tattoo_bit1,tattoo_bit1,1.0,26.0,,,0.29318246855999675,,False,,1,
p6_vdd_phase6.3_vdd_nominal_27,p6_vdd_fixed_chip1,mc_phase6_voltage_ber.py,phase6.3_vdd_nominal,2026-07-27,1.0,real_bsim_ptm,simulated,False,3.2,0.045,4,4.5,11.86,27.0,1.0,,0.0,,controlled_tattoo_stress,,digital_tattoo_message,tattoo_bit0,tattoo_bit0,0.0,27.0,,,0.7045359990034139,,False,,1,
p6_vdd_phase6.3_vdd_low_27,p6_vdd_fixed_chip1,mc_phase6_voltage_ber.py,phase6.3_vdd_low,2026-07-27,1.0,real_bsim_ptm,simulated,False,3.2,0.045,4,4.5,11.86,27.0,0.9,,0.0,,controlled_tattoo_stress,,digital_tattoo_message,tattoo_bit0,tattoo_bit0,0.0,27.0,,,0.7039597022656265,,False,,1,
p6_vdd_phase6.3_vdd_high_27,p6_vdd_fixed_chip1,mc_phase6_voltage_ber.py,phase6.3_vdd_high,2026-07-27,1.0,real_bsim_ptm,simulated,False,3.2,0.045,4,4.5,11.86,27.0,1.1,,0.0,,controlled_tattoo_stress,,digital_tattoo_message,tattoo_bit0,tattoo_bit0,0.0,27.0,,,0.7051608526521236,,False,,1,
p6_vdd_phase6.3_vdd_nominal_28,p6_vdd_fixed_chip1,mc_phase6_voltage_ber.py,phase6.3_vdd_nominal,2026-07-27,1.0,real_bsim_ptm,simulated,False,3.2,0.045,4,4.5,11.86,27.0,1.0,,60.0,,controlled_tattoo_stress,,digital_tattoo_message,tattoo_bit1,tattoo_bit1,1.0,28.0,,,0.20081443407069155,,False,,1,
p6_vdd_phase6.3_vdd_low_28,p6_vdd_fixed_chip1,mc_phase6_voltage_ber.py,phase6.3_vdd_low,2026-07-27,1.0,real_bsim_ptm,simulated,False,3.2,0.045,4,4.5,11.86,27.0,0.9,,60.0,,controlled_tattoo_stress,,digital_tattoo_message,tattoo_bit1,tattoo_bit1,1.0,28.0,,,0.1999074220336869,,False,,1,
p6_vdd_phase6.3_vdd_high_28,p6_vdd_fixed_chip1,mc_phase6_voltage_ber.py,phase6.3_vdd_high,2026-07-27,1.0,real_bsim_ptm,simulated,False,3.2,0.045,4,4.5,11.86,27.0,1.1,,60.0,,controlled_tattoo_stress,,digital_tattoo_message,tattoo_bit1,tattoo_bit1,1.0,28.0,,,0.20172922702252458,,False,,1,
p6_vdd_phase6.3_vdd_nominal_29,p6_vdd_fixed_chip1,mc_phase6_voltage_ber.py,phase6.3_vdd_nominal,2026-07-27,1.0,real_bsim_ptm,simulated,False,3.2,0.045,4,4.5,11.86,27.0,1.0,,60.0,,controlled_tattoo_stress,,digital_tattoo_message,tattoo_bit1,tattoo_bit1,1.0,29.0,,,0.26328077796446303,,False,,1,
p6_vdd_phase6.3_vdd_low_29,p6_vdd_fixed_chip1,mc_phase6_voltage_ber.py,phase6.3_vdd_low,2026-07-27,1.0,real_bsim_ptm,simulated,False,3.2,0.045,4,4.5,11.86,27.0,0.9,,60.0,,controlled_tattoo_stress,,digital_tattoo_message,tattoo_bit1,tattoo_bit1,1.0,29.0,,,0.26236585183905103,,False,,1,
p6_vdd_phase6.3_vdd_high_29,p6_vdd_fixed_chip1,mc_phase6_voltage_ber.py,phase6.3_vdd_high,2026-07-27,1.0,real_bsim_ptm,simulated,False,3.2,0.045,4,4.5,11.86,27.0,1.1,,60.0,,controlled_tattoo_stress,,digital_tattoo_message,tattoo_bit1,tattoo_bit1,1.0,29.0,,,0.2641597742619004,,False,,1,
p6_vdd_phase6.3_vdd_nominal_30,p6_vdd_fixed_chip1,mc_phase6_voltage_ber.py,phase6.3_vdd_nominal,2026-07-27,1.0,real_bsim_ptm,simulated,False,3.2,0.045,4,4.5,11.86,27.0,1.0,,0.0,,controlled_tattoo_stress,,digital_tattoo_message,tattoo_bit0,tattoo_bit0,0.0,30.0,,,1.3029688761502471,,False,,1,
p6_vdd_phase6.3_vdd_low_30,p6_vdd_fixed_chip1,mc_phase6_voltage_ber.py,phase6.3_vdd_low,2026-07-27,1.0,real_bsim_ptm,simulated,False,3.2,0.045,4,4.5,11.86,27.0,0.9,,0.0,,controlled_tattoo_stress,,digital_tattoo_message,tattoo_bit0,tattoo_bit0,0.0,30.0,,,1.304296123019279,,False,,1,
p6_vdd_phase6.3_vdd_high_30,p6_vdd_fixed_chip1,mc_phase6_voltage_ber.py,phase6.3_vdd_high,2026-07-27,1.0,real_bsim_ptm,simulated,False,3.2,0.045,4,4.5,11.86,27.0,1.1,,0.0,,controlled_tattoo_stress,,digital_tattoo_message,tattoo_bit0,tattoo_bit0,0.0,30.0,,,1.3015250414458872,,False,,1,
p6_vdd_phase6.3_vdd_nominal_31,p6_vdd_fixed_chip1,mc_phase6_voltage_ber.py,phase6.3_vdd_nominal,2026-07-27,1.0,real_bsim_ptm,simulated,False,3.2,0.045,4,4.5,11.86,27.0,1.0,,0.0,,controlled_tattoo_stress,,digital_tattoo_message,tattoo_bit0,tattoo_bit0,0.0,31.0,,,0.9982674605507221,,False,,1,
p6_vdd_phase6.3_vdd_low_31,p6_vdd_fixed_chip1,mc_phase6_voltage_ber.py,phase6.3_vdd_low,2026-07-27,1.0,real_bsim_ptm,simulated,False,3.2,0.045,4,4.5,11.86,27.0,0.9,,0.0,,controlled_tattoo_stress,,digital_tattoo_message,tattoo_bit0,tattoo_bit0,0.0,31.0,,,0.9985055813812588,,False,,1,
p6_vdd_phase6.3_vdd_high_31,p6_vdd_fixed_chip1,mc_phase6_voltage_ber.py,phase6.3_vdd_high,2026-07-27,1.0,real_bsim_ptm,simulated,False,3.2,0.045,4,4.5,11.86,27.0,1.1,,0.0,,controlled_tattoo_stress,,digital_tattoo_message,tattoo_bit0,tattoo_bit0,0.0,31.0,,,0.9979885946498956,,False,,1,
p6_vdd_phase6.3_vdd_nominal_32,p6_vdd_fixed_chip1,mc_phase6_voltage_ber.py,phase6.3_vdd_nominal,2026-07-27,1.0,real_bsim_ptm,simulated,False,3.2,0.045,4,4.5,11.86,27.0,1.0,,60.0,,controlled_tattoo_stress,,digital_tattoo_message,tattoo_bit1,tattoo_bit1,1.0,32.0,,,0.2785739251619514,,False,,1,
p6_vdd_phase6.3_vdd_low_32,p6_vdd_fixed_chip1,mc_phase6_voltage_ber.py,phase6.3_vdd_low,2026-07-27,1.0,real_bsim_ptm,simulated,False,3.2,0.045,4,4.5,11.86,27.0,0.9,,60.0,,controlled_tattoo_stress,,digital_tattoo_message,tattoo_bit1,tattoo_bit1,1.0,32.0,,,0.27766179891168613,,False,,1,
p6_vdd_phase6.3_vdd_high_32,p6_vdd_fixed_chip1,mc_phase6_voltage_ber.py,phase6.3_vdd_high,2026-07-27,1.0,real_bsim_ptm,simulated,False,3.2,0.045,4,4.5,11.86,27.0,1.1,,60.0,,controlled_tattoo_stress,,digital_tattoo_message,tattoo_bit1,tattoo_bit1,1.0,32.0,,,0.27946634384001406,,False,,1,
p6_vdd_phase6.3_vdd_nominal_33,p6_vdd_fixed_chip1,mc_phase6_voltage_ber.py,phase6.3_vdd_nominal,2026-07-27,1.0,real_bsim_ptm,simulated,False,3.2,0.045,4,4.5,11.86,27.0,1.0,,60.0,,controlled_tattoo_stress,,digital_tattoo_message,tattoo_bit1,tattoo_bit1,1.0,33.0,,,0.14091673563787407,,False,,1,
p6_vdd_phase6.3_vdd_low_33,p6_vdd_fixed_chip1,mc_phase6_voltage_ber.py,phase6.3_vdd_low,2026-07-27,1.0,real_bsim_ptm,simulated,False,3.2,0.045,4,4.5,11.86,27.0,0.9,,60.0,,controlled_tattoo_stress,,digital_tattoo_message,tattoo_bit1,tattoo_bit1,1.0,33.0,,,0.14013886029227754,,False,,1,
p6_vdd_phase6.3_vdd_high_33,p6_vdd_fixed_chip1,mc_phase6_voltage_ber.py,phase6.3_vdd_high,2026-07-27,1.0,real_bsim_ptm,simulated,False,3.2,0.045,4,4.5,11.86,27.0,1.1,,60.0,,controlled_tattoo_stress,,digital_tattoo_message,tattoo_bit1,tattoo_bit1,1.0,33.0,,,0.14166293506165342,,False,,1,
p6_vdd_phase6.3_vdd_nominal_34,p6_vdd_fixed_chip1,mc_phase6_voltage_ber.py,phase6.3_vdd_nominal,2026-07-27,1.0,real_bsim_ptm,simulated,False,3.2,0.045,4,4.5,11.86,27.0,1.0,,0.0,,controlled_tattoo_stress,,digital_tattoo_message,tattoo_bit0,tattoo_bit0,0.0,34.0,,,0.7851036035180096,,False,,1,
p6_vdd_phase6.3_vdd_low_34,p6_vdd_fixed_chip1,mc_phase6_voltage_ber.py,phase6.3_vdd_low,2026-07-27,1.0,real_bsim_ptm,simulated,False,3.2,0.045,4,4.5,11.86,27.0,0.9,,0.0,,controlled_tattoo_stress,,digital_tattoo_message,tattoo_bit0,tattoo_bit0,0.0,34.0,,,0.7849661832531138,,False,,1,
p6_vdd_phase6.3_vdd_high_34,p6_vdd_fixed_chip1,mc_phase6_voltage_ber.py,phase6.3_vdd_high,2026-07-27,1.0,real_bsim_ptm,simulated,False,3.2,0.045,4,4.5,11.86,27.0,1.1,,0.0,,controlled_tattoo_stress,,digital_tattoo_message,tattoo_bit0,tattoo_bit0,0.0,34.0,,,0.7852448168558501,,False,,1,
p6_vdd_phase6.3_vdd_nominal_35,p6_vdd_fixed_chip1,mc_phase6_voltage_ber.py,phase6.3_vdd_nominal,2026-07-27,1.0,real_bsim_ptm,simulated,False,3.2,0.045,4,4.5,11.86,27.0,1.0,,0.0,,controlled_tattoo_stress,,digital_tattoo_message,tattoo_bit0,tattoo_bit0,0.0,35.0,,,1.410873680261851,,False,,1,
p6_vdd_phase6.3_vdd_low_35,p6_vdd_fixed_chip1,mc_phase6_voltage_ber.py,phase6.3_vdd_low,2026-07-27,1.0,real_bsim_ptm,simulated,False,3.2,0.045,4,4.5,11.86,27.0,0.9,,0.0,,controlled_tattoo_stress,,digital_tattoo_message,tattoo_bit0,tattoo_bit0,0.0,35.0,,,1.4127813375366876,,False,,1,
p6_vdd_phase6.3_vdd_high_35,p6_vdd_fixed_chip1,mc_phase6_voltage_ber.py,phase6.3_vdd_high,2026-07-27,1.0,real_bsim_ptm,simulated,False,3.2,0.045,4,4.5,11.86,27.0,1.1,,0.0,,controlled_tattoo_stress,,digital_tattoo_message,tattoo_bit0,tattoo_bit0,0.0,35.0,,,1.408797300482873,,False,,1,
p6_vdd_phase6.3_vdd_nominal_36,p6_vdd_fixed_chip1,mc_phase6_voltage_ber.py,phase6.3_vdd_nominal,2026-07-27,1.0,real_bsim_ptm,simulated,False,3.2,0.045,4,4.5,11.86,27.0,1.0,,0.0,,controlled_tattoo_stress,,digital_tattoo_message,tattoo_bit0,tattoo_bit0,0.0,36.0,,,1.3631415813987084,,False,,1,
p6_vdd_phase6.3_vdd_low_36,p6_vdd_fixed_chip1,mc_phase6_voltage_ber.py,phase6.3_vdd_low,2026-07-27,1.0,real_bsim_ptm,simulated,False,3.2,0.045,4,4.5,11.86,27.0,0.9,,0.0,,controlled_tattoo_stress,,digital_tattoo_message,tattoo_bit0,tattoo_bit0,0.0,36.0,,,1.3650209723134483,,False,,1,
p6_vdd_phase6.3_vdd_high_36,p6_vdd_fixed_chip1,mc_phase6_voltage_ber.py,phase6.3_vdd_high,2026-07-27,1.0,real_bsim_ptm,simulated,False,3.2,0.045,4,4.5,11.86,27.0,1.1,,0.0,,controlled_tattoo_stress,,digital_tattoo_message,tattoo_bit0,tattoo_bit0,0.0,36.0,,,1.361134350317938,,False,,1,
p6_vdd_phase6.3_vdd_nominal_37,p6_vdd_fixed_chip1,mc_phase6_voltage_ber.py,phase6.3_vdd_nominal,2026-07-27,1.0,real_bsim_ptm,simulated,False,3.2,0.045,4,4.5,11.86,27.0,1.0,,0.0,,controlled_tattoo_stress,,digital_tattoo_message,tattoo_bit0,tattoo_bit0,0.0,37.0,,,1.0692659676941583,,False,,1,
p6_vdd_phase6.3_vdd_low_37,p6_vdd_fixed_chip1,mc_phase6_voltage_ber.py,phase6.3_vdd_low,2026-07-27,1.0,real_bsim_ptm,simulated,False,3.2,0.045,4,4.5,11.86,27.0,0.9,,0.0,,controlled_tattoo_stress,,digital_tattoo_message,tattoo_bit0,tattoo_bit0,0.0,37.0,,,1.0695031254184912,,False,,1,
p6_vdd_phase6.3_vdd_high_37,p6_vdd_fixed_chip1,mc_phase6_voltage_ber.py,phase6.3_vdd_high,2026-07-27,1.0,real_bsim_ptm,simulated,False,3.2,0.045,4,4.5,11.86,27.0,1.1,,0.0,,controlled_tattoo_stress,,digital_tattoo_message,tattoo_bit0,tattoo_bit0,0.0,37.0,,,1.0690094188686352,,False,,1,
p6_vdd_phase6.3_vdd_nominal_38,p6_vdd_fixed_chip1,mc_phase6_voltage_ber.py,phase6.3_vdd_nominal,2026-07-27,1.0,real_bsim_ptm,simulated,False,3.2,0.045,4,4.5,11.86,27.0,1.0,,60.0,,controlled_tattoo_stress,,digital_tattoo_message,tattoo_bit1,tattoo_bit1,1.0,38.0,,,0.17707799791129744,,False,,1,
p6_vdd_phase6.3_vdd_low_38,p6_vdd_fixed_chip1,mc_phase6_voltage_ber.py,phase6.3_vdd_low,2026-07-27,1.0,real_bsim_ptm,simulated,False,3.2,0.045,4,4.5,11.86,27.0,0.9,,60.0,,controlled_tattoo_stress,,digital_tattoo_message,tattoo_bit1,tattoo_bit1,1.0,38.0,,,0.17620958372809226,,False,,1,
p6_vdd_phase6.3_vdd_high_38,p6_vdd_fixed_chip1,mc_phase6_voltage_ber.py,phase6.3_vdd_high,2026-07-27,1.0,real_bsim_ptm,simulated,False,3.2,0.045,4,4.5,11.86,27.0,1.1,,60.0,,controlled_tattoo_stress,,digital_tattoo_message,tattoo_bit1,tattoo_bit1,1.0,38.0,,,0.17791046308299147,,False,,1,
p6_vdd_phase6.3_vdd_nominal_39,p6_vdd_fixed_chip1,mc_phase6_voltage_ber.py,phase6.3_vdd_nominal,2026-07-27,1.0,real_bsim_ptm,simulated,False,3.2,0.045,4,4.5,11.86,27.0,1.0,,60.0,,controlled_tattoo_stress,,digital_tattoo_message,tattoo_bit1,tattoo_bit1,1.0,39.0,,,0.3692604453940647,,False,,1,
p6_vdd_phase6.3_vdd_low_39,p6_vdd_fixed_chip1,mc_phase6_voltage_ber.py,phase6.3_vdd_low,2026-07-27,1.0,real_bsim_ptm,simulated,False,3.2,0.045,4,4.5,11.86,27.0,0.9,,60.0,,controlled_tattoo_stress,,digital_tattoo_message,tattoo_bit1,tattoo_bit1,1.0,39.0,,,0.36825339470536017,,False,,1,
p6_vdd_phase6.3_vdd_high_39,p6_vdd_fixed_chip1,mc_phase6_voltage_ber.py,phase6.3_vdd_high,2026-07-27,1.0,real_bsim_ptm,simulated,False,3.2,0.045,4,4.5,11.86,27.0,1.1,,60.0,,controlled_tattoo_stress,,digital_tattoo_message,tattoo_bit1,tattoo_bit1,1.0,39.0,,,0.370253663052963,,False,,1,
p6_vdd_phase6.3_vdd_nominal_40,p6_vdd_fixed_chip1,mc_phase6_voltage_ber.py,phase6.3_vdd_nominal,2026-07-27,1.0,real_bsim_ptm,simulated,False,3.2,0.045,4,4.5,11.86,27.0,1.0,,0.0,,controlled_tattoo_stress,,digital_tattoo_message,tattoo_bit0,tattoo_bit0,0.0,40.0,,,0.9366142494634531,,False,,1,
p6_vdd_phase6.3_vdd_low_40,p6_vdd_fixed_chip1,mc_phase6_voltage_ber.py,phase6.3_vdd_low,2026-07-27,1.0,real_bsim_ptm,simulated,False,3.2,0.045,4,4.5,11.86,27.0,0.9,,0.0,,controlled_tattoo_stress,,digital_tattoo_message,tattoo_bit0,tattoo_bit0,0.0,40.0,,,0.9366927156713662,,False,,1,
p6_vdd_phase6.3_vdd_high_40,p6_vdd_fixed_chip1,mc_phase6_voltage_ber.py,phase6.3_vdd_high,2026-07-27,1.0,real_bsim_ptm,simulated,False,3.2,0.045,4,4.5,11.86,27.0,1.1,,0.0,,controlled_tattoo_stress,,digital_tattoo_message,tattoo_bit0,tattoo_bit0,0.0,40.0,,,0.9365363074071059,,False,,1,
p6_vdd_phase6.3_vdd_nominal_41,p6_vdd_fixed_chip1,mc_phase6_voltage_ber.py,phase6.3_vdd_nominal,2026-07-27,1.0,real_bsim_ptm,simulated,False,3.2,0.045,4,4.5,11.86,27.0,1.0,,60.0,,controlled_tattoo_stress,,digital_tattoo_message,tattoo_bit1,tattoo_bit1,1.0,41.0,,,0.16995537542009878,,False,,1,
p6_vdd_phase6.3_vdd_low_41,p6_vdd_fixed_chip1,mc_phase6_voltage_ber.py,phase6.3_vdd_low,2026-07-27,1.0,real_bsim_ptm,simulated,False,3.2,0.045,4,4.5,11.86,27.0,0.9,,60.0,,controlled_tattoo_stress,,digital_tattoo_message,tattoo_bit1,tattoo_bit1,1.0,41.0,,,0.1691142091956812,,False,,1,
p6_vdd_phase6.3_vdd_high_41,p6_vdd_fixed_chip1,mc_phase6_voltage_ber.py,phase6.3_vdd_high,2026-07-27,1.0,real_bsim_ptm,simulated,False,3.2,0.045,4,4.5,11.86,27.0,1.1,,60.0,,controlled_tattoo_stress,,digital_tattoo_message,tattoo_bit1,tattoo_bit1,1.0,41.0,,,0.17077501180346327,,False,,1,
p6_vdd_phase6.3_vdd_nominal_42,p6_vdd_fixed_chip1,mc_phase6_voltage_ber.py,phase6.3_vdd_nominal,2026-07-27,1.0,real_bsim_ptm,simulated,False,3.2,0.045,4,4.5,11.86,27.0,1.0,,0.0,,controlled_tattoo_stress,,digital_tattoo_message,tattoo_bit0,tattoo_bit0,0.0,42.0,,,1.1295584013007263,,False,,1,
p6_vdd_phase6.3_vdd_low_42,p6_vdd_fixed_chip1,mc_phase6_voltage_ber.py,phase6.3_vdd_low,2026-07-27,1.0,real_bsim_ptm,simulated,False,3.2,0.045,4,4.5,11.86,27.0,0.9,,0.0,,controlled_tattoo_stress,,digital_tattoo_message,tattoo_bit0,tattoo_bit0,0.0,42.0,,,1.1304336469014808,,False,,1,
p6_vdd_phase6.3_vdd_high_42,p6_vdd_fixed_chip1,mc_phase6_voltage_ber.py,phase6.3_vdd_high,2026-07-27,1.0,real_bsim_ptm,simulated,False,3.2,0.045,4,4.5,11.86,27.0,1.1,,0.0,,controlled_tattoo_stress,,digital_tattoo_message,tattoo_bit0,tattoo_bit0,0.0,42.0,,,1.128620575106027,,False,,1,
p6_vdd_phase6.3_vdd_nominal_43,p6_vdd_fixed_chip1,mc_phase6_voltage_ber.py,phase6.3_vdd_nominal,2026-07-27,1.0,real_bsim_ptm,simulated,False,3.2,0.045,4,4.5,11.86,27.0,1.0,,60.0,,controlled_tattoo_stress,,digital_tattoo_message,tattoo_bit1,tattoo_bit1,1.0,43.0,,,0.18011869178054232,,False,,1,
p6_vdd_phase6.3_vdd_low_43,p6_vdd_fixed_chip1,mc_phase6_voltage_ber.py,phase6.3_vdd_low,2026-07-27,1.0,real_bsim_ptm,simulated,False,3.2,0.045,4,4.5,11.86,27.0,0.9,,60.0,,controlled_tattoo_stress,,digital_tattoo_message,tattoo_bit1,tattoo_bit1,1.0,43.0,,,0.17925723037079727,,False,,1,
p6_vdd_phase6.3_vdd_high_43,p6_vdd_fixed_chip1,mc_phase6_voltage_ber.py,phase6.3_vdd_high,2026-07-27,1.0,real_bsim_ptm,simulated,False,3.2,0.045,4,4.5,11.86,27.0,1.1,,60.0,,controlled_tattoo_stress,,digital_tattoo_message,tattoo_bit1,tattoo_bit1,1.0,43.0,,,0.18097481042178595,,False,,1,
p6_vdd_phase6.3_vdd_nominal_44,p6_vdd_fixed_chip1,mc_phase6_voltage_ber.py,phase6.3_vdd_nominal,2026-07-27,1.0,real_bsim_ptm,simulated,False,3.2,0.045,4,4.5,11.86,27.0,1.0,,60.0,,controlled_tattoo_stress,,digital_tattoo_message,tattoo_bit1,tattoo_bit1,1.0,44.0,,,0.20865878898804469,,False,,1,
p6_vdd_phase6.3_vdd_low_44,p6_vdd_fixed_chip1,mc_phase6_voltage_ber.py,phase6.3_vdd_low,2026-07-27,1.0,real_bsim_ptm,simulated,False,3.2,0.045,4,4.5,11.86,27.0,0.9,,60.0,,controlled_tattoo_stress,,digital_tattoo_message,tattoo_bit1,tattoo_bit1,1.0,44.0,,,0.2077524149817188,,False,,1,
p6_vdd_phase6.3_vdd_high_44,p6_vdd_fixed_chip1,mc_phase6_voltage_ber.py,phase6.3_vdd_high,2026-07-27,1.0,real_bsim_ptm,simulated,False,3.2,0.045,4,4.5,11.86,27.0,1.1,,60.0,,controlled_tattoo_stress,,digital_tattoo_message,tattoo_bit1,tattoo_bit1,1.0,44.0,,,0.2095505966267138,,False,,1,
p6_vdd_phase6.3_vdd_nominal_45,p6_vdd_fixed_chip1,mc_phase6_voltage_ber.py,phase6.3_vdd_nominal,2026-07-27,1.0,real_bsim_ptm,simulated,False,3.2,0.045,4,4.5,11.86,27.0,1.0,,60.0,,controlled_tattoo_stress,,digital_tattoo_message,tattoo_bit1,tattoo_bit1,1.0,45.0,,,0.21436074000638378,,False,,1,
p6_vdd_phase6.3_vdd_low_45,p6_vdd_fixed_chip1,mc_phase6_voltage_ber.py,phase6.3_vdd_low,2026-07-27,1.0,real_bsim_ptm,simulated,False,3.2,0.045,4,4.5,11.86,27.0,0.9,,60.0,,controlled_tattoo_stress,,digital_tattoo_message,tattoo_bit1,tattoo_bit1,1.0,45.0,,,0.21345395744495255,,False,,1,
p6_vdd_phase6.3_vdd_high_45,p6_vdd_fixed_chip1,mc_phase6_voltage_ber.py,phase6.3_vdd_high,2026-07-27,1.0,real_bsim_ptm,simulated,False,3.2,0.045,4,4.5,11.86,27.0,1.1,,60.0,,controlled_tattoo_stress,,digital_tattoo_message,tattoo_bit1,tattoo_bit1,1.0,45.0,,,0.21526793108621287,,False,,1,
p6_vdd_phase6.3_vdd_nominal_46,p6_vdd_fixed_chip1,mc_phase6_voltage_ber.py,phase6.3_vdd_nominal,2026-07-27,1.0,real_bsim_ptm,simulated,False,3.2,0.045,4,4.5,11.86,27.0,1.0,,60.0,,controlled_tattoo_stress,,digital_tattoo_message,tattoo_bit1,tattoo_bit1,1.0,46.0,,,0.15628095500778355,,False,,1,
p6_vdd_phase6.3_vdd_low_46,p6_vdd_fixed_chip1,mc_phase6_voltage_ber.py,phase6.3_vdd_low,2026-07-27,1.0,real_bsim_ptm,simulated,False,3.2,0.045,4,4.5,11.86,27.0,0.9,,60.0,,controlled_tattoo_stress,,digital_tattoo_message,tattoo_bit1,tattoo_bit1,1.0,46.0,,,0.15548432511124102,,False,,1,
p6_vdd_phase6.3_vdd_high_46,p6_vdd_fixed_chip1,mc_phase6_voltage_ber.py,phase6.3_vdd_high,2026-07-27,1.0,real_bsim_ptm,simulated,False,3.2,0.045,4,4.5,11.86,27.0,1.1,,60.0,,controlled_tattoo_stress,,digital_tattoo_message,tattoo_bit1,tattoo_bit1,1.0,46.0,,,0.15704934466880127,,False,,1,
p6_vdd_phase6.3_vdd_nominal_47,p6_vdd_fixed_chip1,mc_phase6_voltage_ber.py,phase6.3_vdd_nominal,2026-07-27,1.0,real_bsim_ptm,simulated,False,3.2,0.045,4,4.5,11.86,27.0,1.0,,60.0,,controlled_tattoo_stress,,digital_tattoo_message,tattoo_bit1,tattoo_bit1,1.0,47.0,,,0.17655837347292938,,False,,1,
p6_vdd_phase6.3_vdd_low_47,p6_vdd_fixed_chip1,mc_phase6_voltage_ber.py,phase6.3_vdd_low,2026-07-27,1.0,real_bsim_ptm,simulated,False,3.2,0.045,4,4.5,11.86,27.0,0.9,,60.0,,controlled_tattoo_stress,,digital_tattoo_message,tattoo_bit1,tattoo_bit1,1.0,47.0,,,0.17574174693052694,,False,,1,
p6_vdd_phase6.3_vdd_high_47,p6_vdd_fixed_chip1,mc_phase6_voltage_ber.py,phase6.3_vdd_high,2026-07-27,1.0,real_bsim_ptm,simulated,False,3.2,0.045,4,4.5,11.86,27.0,1.1,,60.0,,controlled_tattoo_stress,,digital_tattoo_message,tattoo_bit1,tattoo_bit1,1.0,47.0,,,0.17735421617648717,,False,,1,
p6_vdd_phase6.3_vdd_nominal_48,p6_vdd_fixed_chip1,mc_phase6_voltage_ber.py,phase6.3_vdd_nominal,2026-07-27,1.0,real_bsim_ptm,simulated,False,3.2,0.045,4,4.5,11.86,27.0,1.0,,0.0,,controlled_tattoo_stress,,digital_tattoo_message,tattoo_bit0,tattoo_bit0,0.0,48.0,,,1.8955199815879618,,False,,1,
p6_vdd_phase6.3_vdd_low_48,p6_vdd_fixed_chip1,mc_phase6_voltage_ber.py,phase6.3_vdd_low,2026-07-27,1.0,real_bsim_ptm,simulated,False,3.2,0.045,4,4.5,11.86,27.0,0.9,,0.0,,controlled_tattoo_stress,,digital_tattoo_message,tattoo_bit0,tattoo_bit0,0.0,48.0,,,1.8999422790452911,,False,,1,
p6_vdd_phase6.3_vdd_high_48,p6_vdd_fixed_chip1,mc_phase6_voltage_ber.py,phase6.3_vdd_high,2026-07-27,1.0,real_bsim_ptm,simulated,False,3.2,0.045,4,4.5,11.86,27.0,1.1,,0.0,,controlled_tattoo_stress,,digital_tattoo_message,tattoo_bit0,tattoo_bit0,0.0,48.0,,,1.8907116781215245,,False,,1,
p6_vdd_phase6.3_vdd_nominal_49,p6_vdd_fixed_chip1,mc_phase6_voltage_ber.py,phase6.3_vdd_nominal,2026-07-27,1.0,real_bsim_ptm,simulated,False,3.2,0.045,4,4.5,11.86,27.0,1.0,,0.0,,controlled_tattoo_stress,,digital_tattoo_message,tattoo_bit0,tattoo_bit0,0.0,49.0,,,0.9144612522826033,,False,,1,
p6_vdd_phase6.3_vdd_low_49,p6_vdd_fixed_chip1,mc_phase6_voltage_ber.py,phase6.3_vdd_low,2026-07-27,1.0,real_bsim_ptm,simulated,False,3.2,0.045,4,4.5,11.86,27.0,0.9,,0.0,,controlled_tattoo_stress,,digital_tattoo_message,tattoo_bit0,tattoo_bit0,0.0,49.0,,,0.9143855204841054,,False,,1,
p6_vdd_phase6.3_vdd_high_49,p6_vdd_fixed_chip1,mc_phase6_voltage_ber.py,phase6.3_vdd_high,2026-07-27,1.0,real_bsim_ptm,simulated,False,3.2,0.045,4,4.5,11.86,27.0,1.1,,0.0,,controlled_tattoo_stress,,digital_tattoo_message,tattoo_bit0,tattoo_bit0,0.0,49.0,,,0.914551374346104,,False,,1,
p6_vdd_phase6.3_vdd_nominal_50,p6_vdd_fixed_chip1,mc_phase6_voltage_ber.py,phase6.3_vdd_nominal,2026-07-27,1.0,real_bsim_ptm,simulated,False,3.2,0.045,4,4.5,11.86,27.0,1.0,,60.0,,controlled_tattoo_stress,,digital_tattoo_message,tattoo_bit1,tattoo_bit1,1.0,50.0,,,0.2486675819512943,,False,,1,
p6_vdd_phase6.3_vdd_low_50,p6_vdd_fixed_chip1,mc_phase6_voltage_ber.py,phase6.3_vdd_low,2026-07-27,1.0,real_bsim_ptm,simulated,False,3.2,0.045,4,4.5,11.86,27.0,0.9,,60.0,,controlled_tattoo_stress,,digital_tattoo_message,tattoo_bit1,tattoo_bit1,1.0,50.0,,,0.2477876133778209,,False,,1,
p6_vdd_phase6.3_vdd_high_50,p6_vdd_fixed_chip1,mc_phase6_voltage_ber.py,phase6.3_vdd_high,2026-07-27,1.0,real_bsim_ptm,simulated,False,3.2,0.045,4,4.5,11.86,27.0,1.1,,60.0,,controlled_tattoo_stress,,digital_tattoo_message,tattoo_bit1,tattoo_bit1,1.0,50.0,,,0.2495170407678919,,False,,1,
p6_vdd_phase6.3_vdd_nominal_51,p6_vdd_fixed_chip1,mc_phase6_voltage_ber.py,phase6.3_vdd_nominal,2026-07-27,1.0,real_bsim_ptm,simulated,False,3.2,0.045,4,4.5,11.86,27.0,1.0,,0.0,,controlled_tattoo_stress,,digital_tattoo_message,tattoo_bit0,tattoo_bit0,0.0,51.0,,,1.2522596002063882,,False,,1,
p6_vdd_phase6.3_vdd_low_51,p6_vdd_fixed_chip1,mc_phase6_voltage_ber.py,phase6.3_vdd_low,2026-07-27,1.0,real_bsim_ptm,simulated,False,3.2,0.045,4,4.5,11.86,27.0,0.9,,0.0,,controlled_tattoo_stress,,digital_tattoo_message,tattoo_bit0,tattoo_bit0,0.0,51.0,,,1.253291739702644,,False,,1,
p6_vdd_phase6.3_vdd_high_51,p6_vdd_fixed_chip1,mc_phase6_voltage_ber.py,phase6.3_vdd_high,2026-07-27,1.0,real_bsim_ptm,simulated,False,3.2,0.045,4,4.5,11.86,27.0,1.1,,0.0,,controlled_tattoo_stress,,digital_tattoo_message,tattoo_bit0,tattoo_bit0,0.0,51.0,,,1.2511125427733594,,False,,1,
p6_vdd_phase6.3_vdd_nominal_52,p6_vdd_fixed_chip1,mc_phase6_voltage_ber.py,phase6.3_vdd_nominal,2026-07-27,1.0,real_bsim_ptm,simulated,False,3.2,0.045,4,4.5,11.86,27.0,1.0,,0.0,,controlled_tattoo_stress,,digital_tattoo_message,tattoo_bit0,tattoo_bit0,0.0,52.0,,,1.056983272638775,,False,,1,
p6_vdd_phase6.3_vdd_low_52,p6_vdd_fixed_chip1,mc_phase6_voltage_ber.py,phase6.3_vdd_low,2026-07-27,1.0,real_bsim_ptm,simulated,False,3.2,0.045,4,4.5,11.86,27.0,0.9,,0.0,,controlled_tattoo_stress,,digital_tattoo_message,tattoo_bit0,tattoo_bit0,0.0,52.0,,,1.0574014016506141,,False,,1,
p6_vdd_phase6.3_vdd_high_52,p6_vdd_fixed_chip1,mc_phase6_voltage_ber.py,phase6.3_vdd_high,2026-07-27,1.0,real_bsim_ptm,simulated,False,3.2,0.045,4,4.5,11.86,27.0,1.1,,0.0,,controlled_tattoo_stress,,digital_tattoo_message,tattoo_bit0,tattoo_bit0,0.0,52.0,,,1.0565208817475165,,False,,1,
p6_vdd_phase6.3_vdd_nominal_53,p6_vdd_fixed_chip1,mc_phase6_voltage_ber.py,phase6.3_vdd_nominal,2026-07-27,1.0,real_bsim_ptm,simulated,False,3.2,0.045,4,4.5,11.86,27.0,1.0,,0.0,,controlled_tattoo_stress,,digital_tattoo_message,tattoo_bit0,tattoo_bit0,0.0,53.0,,,1.023314375652872,,False,,1,
p6_vdd_phase6.3_vdd_low_53,p6_vdd_fixed_chip1,mc_phase6_voltage_ber.py,phase6.3_vdd_low,2026-07-27,1.0,real_bsim_ptm,simulated,False,3.2,0.045,4,4.5,11.86,27.0,0.9,,0.0,,controlled_tattoo_stress,,digital_tattoo_message,tattoo_bit0,tattoo_bit0,0.0,53.0,,,1.0234991677488767,,False,,1,
p6_vdd_phase6.3_vdd_high_53,p6_vdd_fixed_chip1,mc_phase6_voltage_ber.py,phase6.3_vdd_high,2026-07-27,1.0,real_bsim_ptm,simulated,False,3.2,0.045,4,4.5,11.86,27.0,1.1,,0.0,,controlled_tattoo_stress,,digital_tattoo_message,tattoo_bit0,tattoo_bit0,0.0,53.0,,,1.0231133523614682,,False,,1,
p6_vdd_phase6.3_vdd_nominal_54,p6_vdd_fixed_chip1,mc_phase6_voltage_ber.py,phase6.3_vdd_nominal,2026-07-27,1.0,real_bsim_ptm,simulated,False,3.2,0.045,4,4.5,11.86,27.0,1.0,,0.0,,controlled_tattoo_stress,,digital_tattoo_message,tattoo_bit0,tattoo_bit0,0.0,54.0,,,1.0052491409902278,,False,,1,
p6_vdd_phase6.3_vdd_low_54,p6_vdd_fixed_chip1,mc_phase6_voltage_ber.py,phase6.3_vdd_low,2026-07-27,1.0,real_bsim_ptm,simulated,False,3.2,0.045,4,4.5,11.86,27.0,0.9,,0.0,,controlled_tattoo_stress,,digital_tattoo_message,tattoo_bit0,tattoo_bit0,0.0,54.0,,,1.0053456984368119,,False,,1,
p6_vdd_phase6.3_vdd_high_54,p6_vdd_fixed_chip1,mc_phase6_voltage_ber.py,phase6.3_vdd_high,2026-07-27,1.0,real_bsim_ptm,simulated,False,3.2,0.045,4,4.5,11.86,27.0,1.1,,0.0,,controlled_tattoo_stress,,digital_tattoo_message,tattoo_bit0,tattoo_bit0,0.0,54.0,,,1.0051601269862538,,False,,1,
p6_vdd_phase6.3_vdd_nominal_55,p6_vdd_fixed_chip1,mc_phase6_voltage_ber.py,phase6.3_vdd_nominal,2026-07-27,1.0,real_bsim_ptm,simulated,False,3.2,0.045,4,4.5,11.86,27.0,1.0,,0.0,,controlled_tattoo_stress,,digital_tattoo_message,tattoo_bit0,tattoo_bit0,0.0,55.0,,,1.3651721176498623,,False,,1,
p6_vdd_phase6.3_vdd_low_55,p6_vdd_fixed_chip1,mc_phase6_voltage_ber.py,phase6.3_vdd_low,2026-07-27,1.0,real_bsim_ptm,simulated,False,3.2,0.045,4,4.5,11.86,27.0,0.9,,0.0,,controlled_tattoo_stress,,digital_tattoo_message,tattoo_bit0,tattoo_bit0,0.0,55.0,,,1.3665260259156318,,False,,1,
p6_vdd_phase6.3_vdd_high_55,p6_vdd_fixed_chip1,mc_phase6_voltage_ber.py,phase6.3_vdd_high,2026-07-27,1.0,real_bsim_ptm,simulated,False,3.2,0.045,4,4.5,11.86,27.0,1.1,,0.0,,controlled_tattoo_stress,,digital_tattoo_message,tattoo_bit0,tattoo_bit0,0.0,55.0,,,1.3637187723844186,,False,,1,
p6_vdd_phase6.3_vdd_nominal_56,p6_vdd_fixed_chip1,mc_phase6_voltage_ber.py,phase6.3_vdd_nominal,2026-07-27,1.0,real_bsim_ptm,simulated,False,3.2,0.045,4,4.5,11.86,27.0,1.0,,0.0,,controlled_tattoo_stress,,digital_tattoo_message,tattoo_bit0,tattoo_bit0,0.0,56.0,,,1.0770502573877347,,False,,1,
p6_vdd_phase6.3_vdd_low_56,p6_vdd_fixed_chip1,mc_phase6_voltage_ber.py,phase6.3_vdd_low,2026-07-27,1.0,real_bsim_ptm,simulated,False,3.2,0.045,4,4.5,11.86,27.0,0.9,,0.0,,controlled_tattoo_stress,,digital_tattoo_message,tattoo_bit0,tattoo_bit0,0.0,56.0,,,1.0774428444927806,,False,,1,
p6_vdd_phase6.3_vdd_high_56,p6_vdd_fixed_chip1,mc_phase6_voltage_ber.py,phase6.3_vdd_high,2026-07-27,1.0,real_bsim_ptm,simulated,False,3.2,0.045,4,4.5,11.86,27.0,1.1,,0.0,,controlled_tattoo_stress,,digital_tattoo_message,tattoo_bit0,tattoo_bit0,0.0,56.0,,,1.0766320902484485,,False,,1,
p6_vdd_phase6.3_vdd_nominal_57,p6_vdd_fixed_chip1,mc_phase6_voltage_ber.py,phase6.3_vdd_nominal,2026-07-27,1.0,real_bsim_ptm,simulated,False,3.2,0.045,4,4.5,11.86,27.0,1.0,,0.0,,controlled_tattoo_stress,,digital_tattoo_message,tattoo_bit0,tattoo_bit0,0.0,57.0,,,0.9624897630392577,,False,,1,
p6_vdd_phase6.3_vdd_low_57,p6_vdd_fixed_chip1,mc_phase6_voltage_ber.py,phase6.3_vdd_low,2026-07-27,1.0,real_bsim_ptm,simulated,False,3.2,0.045,4,4.5,11.86,27.0,0.9,,0.0,,controlled_tattoo_stress,,digital_tattoo_message,tattoo_bit0,tattoo_bit0,0.0,57.0,,,0.9627549329636717,,False,,1,
p6_vdd_phase6.3_vdd_high_57,p6_vdd_fixed_chip1,mc_phase6_voltage_ber.py,phase6.3_vdd_high,2026-07-27,1.0,real_bsim_ptm,simulated,False,3.2,0.045,4,4.5,11.86,27.0,1.1,,0.0,,controlled_tattoo_stress,,digital_tattoo_message,tattoo_bit0,tattoo_bit0,0.0,57.0,,,0.9621939407240534,,False,,1,
p6_vdd_phase6.3_vdd_nominal_58,p6_vdd_fixed_chip1,mc_phase6_voltage_ber.py,phase6.3_vdd_nominal,2026-07-27,1.0,real_bsim_ptm,simulated,False,3.2,0.045,4,4.5,11.86,27.0,1.0,,60.0,,controlled_tattoo_stress,,digital_tattoo_message,tattoo_bit1,tattoo_bit1,1.0,58.0,,,0.2815405904674726,,False,,1,
p6_vdd_phase6.3_vdd_low_58,p6_vdd_fixed_chip1,mc_phase6_voltage_ber.py,phase6.3_vdd_low,2026-07-27,1.0,real_bsim_ptm,simulated,False,3.2,0.045,4,4.5,11.86,27.0,0.9,,60.0,,controlled_tattoo_stress,,digital_tattoo_message,tattoo_bit1,tattoo_bit1,1.0,58.0,,,0.2806063726872822,,False,,1,
p6_vdd_phase6.3_vdd_high_58,p6_vdd_fixed_chip1,mc_phase6_voltage_ber.py,phase6.3_vdd_high,2026-07-27,1.0,real_bsim_ptm,simulated,False,3.2,0.045,4,4.5,11.86,27.0,1.1,,60.0,,controlled_tattoo_stress,,digital_tattoo_message,tattoo_bit1,tattoo_bit1,1.0,58.0,,,0.28248745083574206,,False,,1,
p6_vdd_phase6.3_vdd_nominal_59,p6_vdd_fixed_chip1,mc_phase6_voltage_ber.py,phase6.3_vdd_nominal,2026-07-27,1.0,real_bsim_ptm,simulated,False,3.2,0.045,4,4.5,11.86,27.0,1.0,,0.0,,controlled_tattoo_stress,,digital_tattoo_message,tattoo_bit0,tattoo_bit0,0.0,59.0,,,1.146452717683121,,False,,1,
p6_vdd_phase6.3_vdd_low_59,p6_vdd_fixed_chip1,mc_phase6_voltage_ber.py,phase6.3_vdd_low,2026-07-27,1.0,real_bsim_ptm,simulated,False,3.2,0.045,4,4.5,11.86,27.0,0.9,,0.0,,controlled_tattoo_stress,,digital_tattoo_message,tattoo_bit0,tattoo_bit0,0.0,59.0,,,1.1472810782317693,,False,,1,
p6_vdd_phase6.3_vdd_high_59,p6_vdd_fixed_chip1,mc_phase6_voltage_ber.py,phase6.3_vdd_high,2026-07-27,1.0,real_bsim_ptm,simulated,False,3.2,0.045,4,4.5,11.86,27.0,1.1,,0.0,,controlled_tattoo_stress,,digital_tattoo_message,tattoo_bit0,tattoo_bit0,0.0,59.0,,,1.1455349681014453,,False,,1,
p6_vdd_phase6.3_vdd_nominal_60,p6_vdd_fixed_chip1,mc_phase6_voltage_ber.py,phase6.3_vdd_nominal,2026-07-27,1.0,real_bsim_ptm,simulated,False,3.2,0.045,4,4.5,11.86,27.0,1.0,,0.0,,controlled_tattoo_stress,,digital_tattoo_message,tattoo_bit0,tattoo_bit0,0.0,60.0,,,1.4960085784722448,,False,,1,
p6_vdd_phase6.3_vdd_low_60,p6_vdd_fixed_chip1,mc_phase6_voltage_ber.py,phase6.3_vdd_low,2026-07-27,1.0,real_bsim_ptm,simulated,False,3.2,0.045,4,4.5,11.86,27.0,0.9,,0.0,,controlled_tattoo_stress,,digital_tattoo_message,tattoo_bit0,tattoo_bit0,0.0,60.0,,,1.4978592280625445,,False,,1,
p6_vdd_phase6.3_vdd_high_60,p6_vdd_fixed_chip1,mc_phase6_voltage_ber.py,phase6.3_vdd_high,2026-07-27,1.0,real_bsim_ptm,simulated,False,3.2,0.045,4,4.5,11.86,27.0,1.1,,0.0,,controlled_tattoo_stress,,digital_tattoo_message,tattoo_bit0,tattoo_bit0,0.0,60.0,,,1.4940241538985162,,False,,1,
p6_vdd_phase6.3_vdd_nominal_61,p6_vdd_fixed_chip1,mc_phase6_voltage_ber.py,phase6.3_vdd_nominal,2026-07-27,1.0,real_bsim_ptm,simulated,False,3.2,0.045,4,4.5,11.86,27.0,1.0,,60.0,,controlled_tattoo_stress,,digital_tattoo_message,tattoo_bit1,tattoo_bit1,1.0,61.0,,,0.2592030203960762,,False,,1,
p6_vdd_phase6.3_vdd_low_61,p6_vdd_fixed_chip1,mc_phase6_voltage_ber.py,phase6.3_vdd_low,2026-07-27,1.0,real_bsim_ptm,simulated,False,3.2,0.045,4,4.5,11.86,27.0,0.9,,60.0,,controlled_tattoo_stress,,digital_tattoo_message,tattoo_bit1,tattoo_bit1,1.0,61.0,,,0.25822399077440267,,False,,1,
p6_vdd_phase6.3_vdd_high_61,p6_vdd_fixed_chip1,mc_phase6_voltage_ber.py,phase6.3_vdd_high,2026-07-27,1.0,real_bsim_ptm,simulated,False,3.2,0.045,4,4.5,11.86,27.0,1.1,,60.0,,controlled_tattoo_stress,,digital_tattoo_message,tattoo_bit1,tattoo_bit1,1.0,61.0,,,0.2601570945603048,,False,,1,
p6_vdd_phase6.3_vdd_nominal_62,p6_vdd_fixed_chip1,mc_phase6_voltage_ber.py,phase6.3_vdd_nominal,2026-07-27,1.0,real_bsim_ptm,simulated,False,3.2,0.045,4,4.5,11.86,27.0,1.0,,0.0,,controlled_tattoo_stress,,digital_tattoo_message,tattoo_bit0,tattoo_bit0,0.0,62.0,,,1.2248252760153377,,False,,1,
p6_vdd_phase6.3_vdd_low_62,p6_vdd_fixed_chip1,mc_phase6_voltage_ber.py,phase6.3_vdd_low,2026-07-27,1.0,real_bsim_ptm,simulated,False,3.2,0.045,4,4.5,11.86,27.0,0.9,,0.0,,controlled_tattoo_stress,,digital_tattoo_message,tattoo_bit0,tattoo_bit0,0.0,62.0,,,1.2259918414355047,,False,,1,
p6_vdd_phase6.3_vdd_high_62,p6_vdd_fixed_chip1,mc_phase6_voltage_ber.py,phase6.3_vdd_high,2026-07-27,1.0,real_bsim_ptm,simulated,False,3.2,0.045,4,4.5,11.86,27.0,1.1,,0.0,,controlled_tattoo_stress,,digital_tattoo_message,tattoo_bit0,tattoo_bit0,0.0,62.0,,,1.2235412151414995,,False,,1,
p6_vdd_phase6.3_vdd_nominal_63,p6_vdd_fixed_chip1,mc_phase6_voltage_ber.py,phase6.3_vdd_nominal,2026-07-27,1.0,real_bsim_ptm,simulated,False,3.2,0.045,4,4.5,11.86,27.0,1.0,,0.0,,controlled_tattoo_stress,,digital_tattoo_message,tattoo_bit0,tattoo_bit0,0.0,63.0,,,1.4619681820859751,,False,,1,
p6_vdd_phase6.3_vdd_low_63,p6_vdd_fixed_chip1,mc_phase6_voltage_ber.py,phase6.3_vdd_low,2026-07-27,1.0,real_bsim_ptm,simulated,False,3.2,0.045,4,4.5,11.86,27.0,0.9,,0.0,,controlled_tattoo_stress,,digital_tattoo_message,tattoo_bit0,tattoo_bit0,0.0,63.0,,,1.4640282149237103,,False,,1,
p6_vdd_phase6.3_vdd_high_63,p6_vdd_fixed_chip1,mc_phase6_voltage_ber.py,phase6.3_vdd_high,2026-07-27,1.0,real_bsim_ptm,simulated,False,3.2,0.045,4,4.5,11.86,27.0,1.1,,0.0,,controlled_tattoo_stress,,digital_tattoo_message,tattoo_bit0,tattoo_bit0,0.0,63.0,,,1.4597427462943875,,False,,1,
p6_vdd_phase6.3_vdd_nominal_64,p6_vdd_fixed_chip1,mc_phase6_voltage_ber.py,phase6.3_vdd_nominal,2026-07-27,1.0,real_bsim_ptm,simulated,False,3.2,0.045,4,4.5,11.86,27.0,1.0,,60.0,,controlled_tattoo_stress,,digital_tattoo_message,tattoo_bit1,tattoo_bit1,1.0,64.0,,,0.26067705024252036,,False,,1,
p6_vdd_phase6.3_vdd_low_64,p6_vdd_fixed_chip1,mc_phase6_voltage_ber.py,phase6.3_vdd_low,2026-07-27,1.0,real_bsim_ptm,simulated,False,3.2,0.045,4,4.5,11.86,27.0,0.9,,60.0,,controlled_tattoo_stress,,digital_tattoo_message,tattoo_bit1,tattoo_bit1,1.0,64.0,,,0.25970931774828054,,False,,1,
p6_vdd_phase6.3_vdd_high_64,p6_vdd_fixed_chip1,mc_phase6_voltage_ber.py,phase6.3_vdd_high,2026-07-27,1.0,real_bsim_ptm,simulated,False,3.2,0.045,4,4.5,11.86,27.0,1.1,,60.0,,controlled_tattoo_stress,,digital_tattoo_message,tattoo_bit1,tattoo_bit1,1.0,64.0,,,0.26160937820863966,,False,,1,
p6_vdd_phase6.3_vdd_nominal_65,p6_vdd_fixed_chip1,mc_phase6_voltage_ber.py,phase6.3_vdd_nominal,2026-07-27,1.0,real_bsim_ptm,simulated,False,3.2,0.045,4,4.5,11.86,27.0,1.0,,0.0,,controlled_tattoo_stress,,digital_tattoo_message,tattoo_bit0,tattoo_bit0,0.0,65.0,,,0.8485551147260211,,False,,1,
p6_vdd_phase6.3_vdd_low_65,p6_vdd_fixed_chip1,mc_phase6_voltage_ber.py,phase6.3_vdd_low,2026-07-27,1.0,real_bsim_ptm,simulated,False,3.2,0.045,4,4.5,11.86,27.0,0.9,,0.0,,controlled_tattoo_stress,,digital_tattoo_message,tattoo_bit0,tattoo_bit0,0.0,65.0,,,0.8483009335016989,,False,,1,
p6_vdd_phase6.3_vdd_high_65,p6_vdd_fixed_chip1,mc_phase6_voltage_ber.py,phase6.3_vdd_high,2026-07-27,1.0,real_bsim_ptm,simulated,False,3.2,0.045,4,4.5,11.86,27.0,1.1,,0.0,,controlled_tattoo_stress,,digital_tattoo_message,tattoo_bit0,tattoo_bit0,0.0,65.0,,,0.8488402257490084,,False,,1,
p6_vdd_phase6.3_vdd_nominal_66,p6_vdd_fixed_chip1,mc_phase6_voltage_ber.py,phase6.3_vdd_nominal,2026-07-27,1.0,real_bsim_ptm,simulated,False,3.2,0.045,4,4.5,11.86,27.0,1.0,,60.0,,controlled_tattoo_stress,,digital_tattoo_message,tattoo_bit1,tattoo_bit1,1.0,66.0,,,0.24379018978230804,,False,,1,
p6_vdd_phase6.3_vdd_low_66,p6_vdd_fixed_chip1,mc_phase6_voltage_ber.py,phase6.3_vdd_low,2026-07-27,1.0,real_bsim_ptm,simulated,False,3.2,0.045,4,4.5,11.86,27.0,0.9,,60.0,,controlled_tattoo_stress,,digital_tattoo_message,tattoo_bit1,tattoo_bit1,1.0,66.0,,,0.24286935605405136,,False,,1,
p6_vdd_phase6.3_vdd_high_66,p6_vdd_fixed_chip1,mc_phase6_voltage_ber.py,phase6.3_vdd_high,2026-07-27,1.0,real_bsim_ptm,simulated,False,3.2,0.045,4,4.5,11.86,27.0,1.1,,60.0,,controlled_tattoo_stress,,digital_tattoo_message,tattoo_bit1,tattoo_bit1,1.0,66.0,,,0.2446604737734695,,False,,1,
p6_vdd_phase6.3_vdd_nominal_67,p6_vdd_fixed_chip1,mc_phase6_voltage_ber.py,phase6.3_vdd_nominal,2026-07-27,1.0,real_bsim_ptm,simulated,False,3.2,0.045,4,4.5,11.86,27.0,1.0,,0.0,,controlled_tattoo_stress,,digital_tattoo_message,tattoo_bit0,tattoo_bit0,0.0,67.0,,,1.3570699366422887,,False,,1,
p6_vdd_phase6.3_vdd_low_67,p6_vdd_fixed_chip1,mc_phase6_voltage_ber.py,phase6.3_vdd_low,2026-07-27,1.0,real_bsim_ptm,simulated,False,3.2,0.045,4,4.5,11.86,27.0,0.9,,0.0,,controlled_tattoo_stress,,digital_tattoo_message,tattoo_bit0,tattoo_bit0,0.0,67.0,,,1.3584697390017997,,False,,1,
p6_vdd_phase6.3_vdd_high_67,p6_vdd_fixed_chip1,mc_phase6_voltage_ber.py,phase6.3_vdd_high,2026-07-27,1.0,real_bsim_ptm,simulated,False,3.2,0.045,4,4.5,11.86,27.0,1.1,,0.0,,controlled_tattoo_stress,,digital_tattoo_message,tattoo_bit0,tattoo_bit0,0.0,67.0,,,1.3555645927243498,,False,,1,
p6_vdd_phase6.3_vdd_nominal_68,p6_vdd_fixed_chip1,mc_phase6_voltage_ber.py,phase6.3_vdd_nominal,2026-07-27,1.0,real_bsim_ptm,simulated,False,3.2,0.045,4,4.5,11.86,27.0,1.0,,60.0,,controlled_tattoo_stress,,digital_tattoo_message,tattoo_bit1,tattoo_bit1,1.0,68.0,,,0.27725851949229785,,False,,1,
p6_vdd_phase6.3_vdd_low_68,p6_vdd_fixed_chip1,mc_phase6_voltage_ber.py,phase6.3_vdd_low,2026-07-27,1.0,real_bsim_ptm,simulated,False,3.2,0.045,4,4.5,11.86,27.0,0.9,,60.0,,controlled_tattoo_stress,,digital_tattoo_message,tattoo_bit1,tattoo_bit1,1.0,68.0,,,0.2763154389187919,,False,,1,
p6_vdd_phase6.3_vdd_high_68,p6_vdd_fixed_chip1,mc_phase6_voltage_ber.py,phase6.3_vdd_high,2026-07-27,1.0,real_bsim_ptm,simulated,False,3.2,0.045,4,4.5,11.86,27.0,1.1,,60.0,,controlled_tattoo_stress,,digital_tattoo_message,tattoo_bit1,tattoo_bit1,1.0,68.0,,,0.2782169689666622,,False,,1,
p6_vdd_phase6.3_vdd_nominal_69,p6_vdd_fixed_chip1,mc_phase6_voltage_ber.py,phase6.3_vdd_nominal,2026-07-27,1.0,real_bsim_ptm,simulated,False,3.2,0.045,4,4.5,11.86,27.0,1.0,,0.0,,controlled_tattoo_stress,,digital_tattoo_message,tattoo_bit0,tattoo_bit0,0.0,69.0,,,0.6881349700491095,,False,,1,
p6_vdd_phase6.3_vdd_low_69,p6_vdd_fixed_chip1,mc_phase6_voltage_ber.py,phase6.3_vdd_low,2026-07-27,1.0,real_bsim_ptm,simulated,False,3.2,0.045,4,4.5,11.86,27.0,0.9,,0.0,,controlled_tattoo_stress,,digital_tattoo_message,tattoo_bit0,tattoo_bit0,0.0,69.0,,,0.6875220711650961,,False,,1,
p6_vdd_phase6.3_vdd_high_69,p6_vdd_fixed_chip1,mc_phase6_voltage_ber.py,phase6.3_vdd_high,2026-07-27,1.0,real_bsim_ptm,simulated,False,3.2,0.045,4,4.5,11.86,27.0,1.1,,0.0,,controlled_tattoo_stress,,digital_tattoo_message,tattoo_bit0,tattoo_bit0,0.0,69.0,,,0.6888022820270694,,False,,1,
p6_vdd_phase6.3_vdd_nominal_70,p6_vdd_fixed_chip1,mc_phase6_voltage_ber.py,phase6.3_vdd_nominal,2026-07-27,1.0,real_bsim_ptm,simulated,False,3.2,0.045,4,4.5,11.86,27.0,1.0,,60.0,,controlled_tattoo_stress,,digital_tattoo_message,tattoo_bit1,tattoo_bit1,1.0,70.0,,,0.23252486662608665,,False,,1,
p6_vdd_phase6.3_vdd_low_70,p6_vdd_fixed_chip1,mc_phase6_voltage_ber.py,phase6.3_vdd_low,2026-07-27,1.0,real_bsim_ptm,simulated,False,3.2,0.045,4,4.5,11.86,27.0,0.9,,60.0,,controlled_tattoo_stress,,digital_tattoo_message,tattoo_bit1,tattoo_bit1,1.0,70.0,,,0.231622108495687,,False,,1,
p6_vdd_phase6.3_vdd_high_70,p6_vdd_fixed_chip1,mc_phase6_voltage_ber.py,phase6.3_vdd_high,2026-07-27,1.0,real_bsim_ptm,simulated,False,3.2,0.045,4,4.5,11.86,27.0,1.1,,60.0,,controlled_tattoo_stress,,digital_tattoo_message,tattoo_bit1,tattoo_bit1,1.0,70.0,,,0.23340565630653842,,False,,1,
p6_vdd_phase6.3_vdd_nominal_71,p6_vdd_fixed_chip1,mc_phase6_voltage_ber.py,phase6.3_vdd_nominal,2026-07-27,1.0,real_bsim_ptm,simulated,False,3.2,0.045,4,4.5,11.86,27.0,1.0,,60.0,,controlled_tattoo_stress,,digital_tattoo_message,tattoo_bit1,tattoo_bit1,1.0,71.0,,,0.24263391762645872,,False,,1,
p6_vdd_phase6.3_vdd_low_71,p6_vdd_fixed_chip1,mc_phase6_voltage_ber.py,phase6.3_vdd_low,2026-07-27,1.0,real_bsim_ptm,simulated,False,3.2,0.045,4,4.5,11.86,27.0,0.9,,60.0,,controlled_tattoo_stress,,digital_tattoo_message,tattoo_bit1,tattoo_bit1,1.0,71.0,,,0.2416745175469087,,False,,1,
p6_vdd_phase6.3_vdd_high_71,p6_vdd_fixed_chip1,mc_phase6_voltage_ber.py,phase6.3_vdd_high,2026-07-27,1.0,real_bsim_ptm,simulated,False,3.2,0.045,4,4.5,11.86,27.0,1.1,,60.0,,controlled_tattoo_stress,,digital_tattoo_message,tattoo_bit1,tattoo_bit1,1.0,71.0,,,0.2435896531578601,,False,,1,
p6_vdd_phase6.3_vdd_nominal_72,p6_vdd_fixed_chip1,mc_phase6_voltage_ber.py,phase6.3_vdd_nominal,2026-07-27,1.0,real_bsim_ptm,simulated,False,3.2,0.045,4,4.5,11.86,27.0,1.0,,60.0,,controlled_tattoo_stress,,digital_tattoo_message,tattoo_bit1,tattoo_bit1,1.0,72.0,,,0.24837014129141222,,False,,1,
p6_vdd_phase6.3_vdd_low_72,p6_vdd_fixed_chip1,mc_phase6_voltage_ber.py,phase6.3_vdd_low,2026-07-27,1.0,real_bsim_ptm,simulated,False,3.2,0.045,4,4.5,11.86,27.0,0.9,,60.0,,controlled_tattoo_stress,,digital_tattoo_message,tattoo_bit1,tattoo_bit1,1.0,72.0,,,0.2474518085147188,,False,,1,
p6_vdd_phase6.3_vdd_high_72,p6_vdd_fixed_chip1,mc_phase6_voltage_ber.py,phase6.3_vdd_high,2026-07-27,1.0,real_bsim_ptm,simulated,False,3.2,0.045,4,4.5,11.86,27.0,1.1,,60.0,,controlled_tattoo_stress,,digital_tattoo_message,tattoo_bit1,tattoo_bit1,1.0,72.0,,,0.24928814749390726,,False,,1,
p6_vdd_phase6.3_vdd_nominal_73,p6_vdd_fixed_chip1,mc_phase6_voltage_ber.py,phase6.3_vdd_nominal,2026-07-27,1.0,real_bsim_ptm,simulated,False,3.2,0.045,4,4.5,11.86,27.0,1.0,,0.0,,controlled_tattoo_stress,,digital_tattoo_message,tattoo_bit0,tattoo_bit0,0.0,73.0,,,1.2261151548621523,,False,,1,
p6_vdd_phase6.3_vdd_low_73,p6_vdd_fixed_chip1,mc_phase6_voltage_ber.py,phase6.3_vdd_low,2026-07-27,1.0,real_bsim_ptm,simulated,False,3.2,0.045,4,4.5,11.86,27.0,0.9,,0.0,,controlled_tattoo_stress,,digital_tattoo_message,tattoo_bit0,tattoo_bit0,0.0,73.0,,,1.2271890962427432,,False,,1,
p6_vdd_phase6.3_vdd_high_73,p6_vdd_fixed_chip1,mc_phase6_voltage_ber.py,phase6.3_vdd_high,2026-07-27,1.0,real_bsim_ptm,simulated,False,3.2,0.045,4,4.5,11.86,27.0,1.1,,0.0,,controlled_tattoo_stress,,digital_tattoo_message,tattoo_bit0,tattoo_bit0,0.0,73.0,,,1.2249369860375665,,False,,1,
p6_vdd_phase6.3_vdd_nominal_74,p6_vdd_fixed_chip1,mc_phase6_voltage_ber.py,phase6.3_vdd_nominal,2026-07-27,1.0,real_bsim_ptm,simulated,False,3.2,0.045,4,4.5,11.86,27.0,1.0,,0.0,,controlled_tattoo_stress,,digital_tattoo_message,tattoo_bit0,tattoo_bit0,0.0,74.0,,,0.7981551226336738,,False,,1,
p6_vdd_phase6.3_vdd_low_74,p6_vdd_fixed_chip1,mc_phase6_voltage_ber.py,phase6.3_vdd_low,2026-07-27,1.0,real_bsim_ptm,simulated,False,3.2,0.045,4,4.5,11.86,27.0,0.9,,0.0,,controlled_tattoo_stress,,digital_tattoo_message,tattoo_bit0,tattoo_bit0,0.0,74.0,,,0.7977489553491987,,False,,1,
p6_vdd_phase6.3_vdd_high_74,p6_vdd_fixed_chip1,mc_phase6_voltage_ber.py,phase6.3_vdd_high,2026-07-27,1.0,real_bsim_ptm,simulated,False,3.2,0.045,4,4.5,11.86,27.0,1.1,,0.0,,controlled_tattoo_stress,,digital_tattoo_message,tattoo_bit0,tattoo_bit0,0.0,74.0,,,0.7986142396052192,,False,,1,
p6_vdd_phase6.3_vdd_nominal_75,p6_vdd_fixed_chip1,mc_phase6_voltage_ber.py,phase6.3_vdd_nominal,2026-07-27,1.0,real_bsim_ptm,simulated,False,3.2,0.045,4,4.5,11.86,27.0,1.0,,60.0,,controlled_tattoo_stress,,digital_tattoo_message,tattoo_bit1,tattoo_bit1,1.0,75.0,,,0.254500731685863,,False,,1,
p6_vdd_phase6.3_vdd_low_75,p6_vdd_fixed_chip1,mc_phase6_voltage_ber.py,phase6.3_vdd_low,2026-07-27,1.0,real_bsim_ptm,simulated,False,3.2,0.045,4,4.5,11.86,27.0,0.9,,60.0,,controlled_tattoo_stress,,digital_tattoo_message,tattoo_bit1,tattoo_bit1,1.0,75.0,,,0.2535551598334643,,False,,1,
p6_vdd_phase6.3_vdd_high_75,p6_vdd_fixed_chip1,mc_phase6_voltage_ber.py,phase6.3_vdd_high,2026-07-27,1.0,real_bsim_ptm,simulated,False,3.2,0.045,4,4.5,11.86,27.0,1.1,,60.0,,controlled_tattoo_stress,,digital_tattoo_message,tattoo_bit1,tattoo_bit1,1.0,75.0,,,0.2554219895329598,,False,,1,
p6_vdd_phase6.3_vdd_nominal_76,p6_vdd_fixed_chip1,mc_phase6_voltage_ber.py,phase6.3_vdd_nominal,2026-07-27,1.0,real_bsim_ptm,simulated,False,3.2,0.045,4,4.5,11.86,27.0,1.0,,60.0,,controlled_tattoo_stress,,digital_tattoo_message,tattoo_bit1,tattoo_bit1,1.0,76.0,,,0.2822109653696634,,False,,1,
p6_vdd_phase6.3_vdd_low_76,p6_vdd_fixed_chip1,mc_phase6_voltage_ber.py,phase6.3_vdd_low,2026-07-27,1.0,real_bsim_ptm,simulated,False,3.2,0.045,4,4.5,11.86,27.0,0.9,,60.0,,controlled_tattoo_stress,,digital_tattoo_message,tattoo_bit1,tattoo_bit1,1.0,76.0,,,0.2813045213764258,,False,,1,
p6_vdd_phase6.3_vdd_high_76,p6_vdd_fixed_chip1,mc_phase6_voltage_ber.py,phase6.3_vdd_high,2026-07-27,1.0,real_bsim_ptm,simulated,False,3.2,0.045,4,4.5,11.86,27.0,1.1,,60.0,,controlled_tattoo_stress,,digital_tattoo_message,tattoo_bit1,tattoo_bit1,1.0,76.0,,,0.28310634120487466,,False,,1,
p6_vdd_phase6.3_vdd_nominal_77,p6_vdd_fixed_chip1,mc_phase6_voltage_ber.py,phase6.3_vdd_nominal,2026-07-27,1.0,real_bsim_ptm,simulated,False,3.2,0.045,4,4.5,11.86,27.0,1.0,,0.0,,controlled_tattoo_stress,,digital_tattoo_message,tattoo_bit0,tattoo_bit0,0.0,77.0,,,1.0379813492032022,,False,,1,
p6_vdd_phase6.3_vdd_low_77,p6_vdd_fixed_chip1,mc_phase6_voltage_ber.py,phase6.3_vdd_low,2026-07-27,1.0,real_bsim_ptm,simulated,False,3.2,0.045,4,4.5,11.86,27.0,0.9,,0.0,,controlled_tattoo_stress,,digital_tattoo_message,tattoo_bit0,tattoo_bit0,0.0,77.0,,,1.0381771836668858,,False,,1,
p6_vdd_phase6.3_vdd_high_77,p6_vdd_fixed_chip1,mc_phase6_voltage_ber.py,phase6.3_vdd_high,2026-07-27,1.0,real_bsim_ptm,simulated,False,3.2,0.045,4,4.5,11.86,27.0,1.1,,0.0,,controlled_tattoo_stress,,digital_tattoo_message,tattoo_bit0,tattoo_bit0,0.0,77.0,,,1.0377723820125868,,False,,1,
p6_vdd_phase6.3_vdd_nominal_78,p6_vdd_fixed_chip1,mc_phase6_voltage_ber.py,phase6.3_vdd_nominal,2026-07-27,1.0,real_bsim_ptm,simulated,False,3.2,0.045,4,4.5,11.86,27.0,1.0,,60.0,,controlled_tattoo_stress,,digital_tattoo_message,tattoo_bit1,tattoo_bit1,1.0,78.0,,,0.28459867495445257,,False,,1,
p6_vdd_phase6.3_vdd_low_78,p6_vdd_fixed_chip1,mc_phase6_voltage_ber.py,phase6.3_vdd_low,2026-07-27,1.0,real_bsim_ptm,simulated,False,3.2,0.045,4,4.5,11.86,27.0,0.9,,60.0,,controlled_tattoo_stress,,digital_tattoo_message,tattoo_bit1,tattoo_bit1,1.0,78.0,,,0.28361792303471656,,False,,1,
p6_vdd_phase6.3_vdd_high_78,p6_vdd_fixed_chip1,mc_phase6_voltage_ber.py,phase6.3_vdd_high,2026-07-27,1.0,real_bsim_ptm,simulated,False,3.2,0.045,4,4.5,11.86,27.0,1.1,,60.0,,controlled_tattoo_stress,,digital_tattoo_message,tattoo_bit1,tattoo_bit1,1.0,78.0,,,0.28558390648157594,,False,,1,
p6_vdd_phase6.3_vdd_nominal_79,p6_vdd_fixed_chip1,mc_phase6_voltage_ber.py,phase6.3_vdd_nominal,2026-07-27,1.0,real_bsim_ptm,simulated,False,3.2,0.045,4,4.5,11.86,27.0,1.0,,0.0,,controlled_tattoo_stress,,digital_tattoo_message,tattoo_bit0,tattoo_bit0,0.0,79.0,,,1.0179833295080205,,False,,1,
p6_vdd_phase6.3_vdd_low_79,p6_vdd_fixed_chip1,mc_phase6_voltage_ber.py,phase6.3_vdd_low,2026-07-27,1.0,real_bsim_ptm,simulated,False,3.2,0.045,4,4.5,11.86,27.0,0.9,,0.0,,controlled_tattoo_stress,,digital_tattoo_message,tattoo_bit0,tattoo_bit0,0.0,79.0,,,1.0180702890693931,,False,,1,
p6_vdd_phase6.3_vdd_high_79,p6_vdd_fixed_chip1,mc_phase6_voltage_ber.py,phase6.3_vdd_high,2026-07-27,1.0,real_bsim_ptm,simulated,False,3.2,0.045,4,4.5,11.86,27.0,1.1,,0.0,,controlled_tattoo_stress,,digital_tattoo_message,tattoo_bit0,tattoo_bit0,0.0,79.0,,,1.0178875380251386,,False,,1,
p6_vdd_phase6.3_vdd_nominal_80,p6_vdd_fixed_chip1,mc_phase6_voltage_ber.py,phase6.3_vdd_nominal,2026-07-27,1.0,real_bsim_ptm,simulated,False,3.2,0.045,4,4.5,11.86,27.0,1.0,,60.0,,controlled_tattoo_stress,,digital_tattoo_message,tattoo_bit1,tattoo_bit1,1.0,80.0,,,0.21114987393494794,,False,,1,
p6_vdd_phase6.3_vdd_low_80,p6_vdd_fixed_chip1,mc_phase6_voltage_ber.py,phase6.3_vdd_low,2026-07-27,1.0,real_bsim_ptm,simulated,False,3.2,0.045,4,4.5,11.86,27.0,0.9,,60.0,,controlled_tattoo_stress,,digital_tattoo_message,tattoo_bit1,tattoo_bit1,1.0,80.0,,,0.21024502136978557,,False,,1,
p6_vdd_phase6.3_vdd_high_80,p6_vdd_fixed_chip1,mc_phase6_voltage_ber.py,phase6.3_vdd_high,2026-07-27,1.0,real_bsim_ptm,simulated,False,3.2,0.045,4,4.5,11.86,27.0,1.1,,60.0,,controlled_tattoo_stress,,digital_tattoo_message,tattoo_bit1,tattoo_bit1,1.0,80.0,,,0.2120225599601009,,False,,1,
p6_vdd_phase6.3_vdd_nominal_81,p6_vdd_fixed_chip1,mc_phase6_voltage_ber.py,phase6.3_vdd_nominal,2026-07-27,1.0,real_bsim_ptm,simulated,False,3.2,0.045,4,4.5,11.86,27.0,1.0,,60.0,,controlled_tattoo_stress,,digital_tattoo_message,tattoo_bit1,tattoo_bit1,1.0,81.0,,,0.20566875978547564,,False,,1,
p6_vdd_phase6.3_vdd_low_81,p6_vdd_fixed_chip1,mc_phase6_voltage_ber.py,phase6.3_vdd_low,2026-07-27,1.0,real_bsim_ptm,simulated,False,3.2,0.045,4,4.5,11.86,27.0,0.9,,60.0,,controlled_tattoo_stress,,digital_tattoo_message,tattoo_bit1,tattoo_bit1,1.0,81.0,,,0.20481917616234646,,False,,1,
p6_vdd_phase6.3_vdd_high_81,p6_vdd_fixed_chip1,mc_phase6_voltage_ber.py,phase6.3_vdd_high,2026-07-27,1.0,real_bsim_ptm,simulated,False,3.2,0.045,4,4.5,11.86,27.0,1.1,,60.0,,controlled_tattoo_stress,,digital_tattoo_message,tattoo_bit1,tattoo_bit1,1.0,81.0,,,0.20646688633599092,,False,,1,
p6_vdd_phase6.3_vdd_nominal_82,p6_vdd_fixed_chip1,mc_phase6_voltage_ber.py,phase6.3_vdd_nominal,2026-07-27,1.0,real_bsim_ptm,simulated,False,3.2,0.045,4,4.5,11.86,27.0,1.0,,0.0,,controlled_tattoo_stress,,digital_tattoo_message,tattoo_bit0,tattoo_bit0,0.0,82.0,,,0.8052046685743435,,False,,1,
p6_vdd_phase6.3_vdd_low_82,p6_vdd_fixed_chip1,mc_phase6_voltage_ber.py,phase6.3_vdd_low,2026-07-27,1.0,real_bsim_ptm,simulated,False,3.2,0.045,4,4.5,11.86,27.0,0.9,,0.0,,controlled_tattoo_stress,,digital_tattoo_message,tattoo_bit0,tattoo_bit0,0.0,82.0,,,0.8047416716135791,,False,,1,
p6_vdd_phase6.3_vdd_high_82,p6_vdd_fixed_chip1,mc_phase6_voltage_ber.py,phase6.3_vdd_high,2026-07-27,1.0,real_bsim_ptm,simulated,False,3.2,0.045,4,4.5,11.86,27.0,1.1,,0.0,,controlled_tattoo_stress,,digital_tattoo_message,tattoo_bit0,tattoo_bit0,0.0,82.0,,,0.8057123010682423,,False,,1,
p6_vdd_phase6.3_vdd_nominal_83,p6_vdd_fixed_chip1,mc_phase6_voltage_ber.py,phase6.3_vdd_nominal,2026-07-27,1.0,real_bsim_ptm,simulated,False,3.2,0.045,4,4.5,11.86,27.0,1.0,,60.0,,controlled_tattoo_stress,,digital_tattoo_message,tattoo_bit1,tattoo_bit1,1.0,83.0,,,0.25947965973386183,,False,,1,
p6_vdd_phase6.3_vdd_low_83,p6_vdd_fixed_chip1,mc_phase6_voltage_ber.py,phase6.3_vdd_low,2026-07-27,1.0,real_bsim_ptm,simulated,False,3.2,0.045,4,4.5,11.86,27.0,0.9,,60.0,,controlled_tattoo_stress,,digital_tattoo_message,tattoo_bit1,tattoo_bit1,1.0,83.0,,,0.258575484938938,,False,,1,
p6_vdd_phase6.3_vdd_high_83,p6_vdd_fixed_chip1,mc_phase6_voltage_ber.py,phase6.3_vdd_high,2026-07-27,1.0,real_bsim_ptm,simulated,False,3.2,0.045,4,4.5,11.86,27.0,1.1,,60.0,,controlled_tattoo_stress,,digital_tattoo_message,tattoo_bit1,tattoo_bit1,1.0,83.0,,,0.26036707303946266,,False,,1,
p6_vdd_phase6.3_vdd_nominal_84,p6_vdd_fixed_chip1,mc_phase6_voltage_ber.py,phase6.3_vdd_nominal,2026-07-27,1.0,real_bsim_ptm,simulated,False,3.2,0.045,4,4.5,11.86,27.0,1.0,,60.0,,controlled_tattoo_stress,,digital_tattoo_message,tattoo_bit1,tattoo_bit1,1.0,84.0,,,0.1893780227021115,,False,,1,
p6_vdd_phase6.3_vdd_low_84,p6_vdd_fixed_chip1,mc_phase6_voltage_ber.py,phase6.3_vdd_low,2026-07-27,1.0,real_bsim_ptm,simulated,False,3.2,0.045,4,4.5,11.86,27.0,0.9,,60.0,,controlled_tattoo_stress,,digital_tattoo_message,tattoo_bit1,tattoo_bit1,1.0,84.0,,,0.18847888067032897,,False,,1,
p6_vdd_phase6.3_vdd_high_84,p6_vdd_fixed_chip1,mc_phase6_voltage_ber.py,phase6.3_vdd_high,2026-07-27,1.0,real_bsim_ptm,simulated,False,3.2,0.045,4,4.5,11.86,27.0,1.1,,60.0,,controlled_tattoo_stress,,digital_tattoo_message,tattoo_bit1,tattoo_bit1,1.0,84.0,,,0.1902735181108291,,False,,1,
p6_vdd_phase6.3_vdd_nominal_85,p6_vdd_fixed_chip1,mc_phase6_voltage_ber.py,phase6.3_vdd_nominal,2026-07-27,1.0,real_bsim_ptm,simulated,False,3.2,0.045,4,4.5,11.86,27.0,1.0,,0.0,,controlled_tattoo_stress,,digital_tattoo_message,tattoo_bit0,tattoo_bit0,0.0,85.0,,,1.1908902803210044,,False,,1,
p6_vdd_phase6.3_vdd_low_85,p6_vdd_fixed_chip1,mc_phase6_voltage_ber.py,phase6.3_vdd_low,2026-07-27,1.0,real_bsim_ptm,simulated,False,3.2,0.045,4,4.5,11.86,27.0,0.9,,0.0,,controlled_tattoo_stress,,digital_tattoo_message,tattoo_bit0,tattoo_bit0,0.0,85.0,,,1.1917118585554227,,False,,1,
p6_vdd_phase6.3_vdd_high_85,p6_vdd_fixed_chip1,mc_phase6_voltage_ber.py,phase6.3_vdd_high,2026-07-27,1.0,real_bsim_ptm,simulated,False,3.2,0.045,4,4.5,11.86,27.0,1.1,,0.0,,controlled_tattoo_stress,,digital_tattoo_message,tattoo_bit0,tattoo_bit0,0.0,85.0,,,1.1899891803750862,,False,,1,
p6_vdd_phase6.3_vdd_nominal_86,p6_vdd_fixed_chip1,mc_phase6_voltage_ber.py,phase6.3_vdd_nominal,2026-07-27,1.0,real_bsim_ptm,simulated,False,3.2,0.045,4,4.5,11.86,27.0,1.0,,0.0,,controlled_tattoo_stress,,digital_tattoo_message,tattoo_bit0,tattoo_bit0,0.0,86.0,,,1.1312910171688382,,False,,1,
p6_vdd_phase6.3_vdd_low_86,p6_vdd_fixed_chip1,mc_phase6_voltage_ber.py,phase6.3_vdd_low,2026-07-27,1.0,real_bsim_ptm,simulated,False,3.2,0.045,4,4.5,11.86,27.0,0.9,,0.0,,controlled_tattoo_stress,,digital_tattoo_message,tattoo_bit0,tattoo_bit0,0.0,86.0,,,1.1317984486169999,,False,,1,
p6_vdd_phase6.3_vdd_high_86,p6_vdd_fixed_chip1,mc_phase6_voltage_ber.py,phase6.3_vdd_high,2026-07-27,1.0,real_bsim_ptm,simulated,False,3.2,0.045,4,4.5,11.86,27.0,1.1,,0.0,,controlled_tattoo_stress,,digital_tattoo_message,tattoo_bit0,tattoo_bit0,0.0,86.0,,,1.1307442145494682,,False,,1,
p6_vdd_phase6.3_vdd_nominal_87,p6_vdd_fixed_chip1,mc_phase6_voltage_ber.py,phase6.3_vdd_nominal,2026-07-27,1.0,real_bsim_ptm,simulated,False,3.2,0.045,4,4.5,11.86,27.0,1.0,,0.0,,controlled_tattoo_stress,,digital_tattoo_message,tattoo_bit0,tattoo_bit0,0.0,87.0,,,0.9331291544107487,,False,,1,
p6_vdd_phase6.3_vdd_low_87,p6_vdd_fixed_chip1,mc_phase6_voltage_ber.py,phase6.3_vdd_low,2026-07-27,1.0,real_bsim_ptm,simulated,False,3.2,0.045,4,4.5,11.86,27.0,0.9,,0.0,,controlled_tattoo_stress,,digital_tattoo_message,tattoo_bit0,tattoo_bit0,0.0,87.0,,,0.9330685752338822,,False,,1,
p6_vdd_phase6.3_vdd_high_87,p6_vdd_fixed_chip1,mc_phase6_voltage_ber.py,phase6.3_vdd_high,2026-07-27,1.0,real_bsim_ptm,simulated,False,3.2,0.045,4,4.5,11.86,27.0,1.1,,0.0,,controlled_tattoo_stress,,digital_tattoo_message,tattoo_bit0,tattoo_bit0,0.0,87.0,,,0.9332180193372095,,False,,1,
p6_vdd_phase6.3_vdd_nominal_88,p6_vdd_fixed_chip1,mc_phase6_voltage_ber.py,phase6.3_vdd_nominal,2026-07-27,1.0,real_bsim_ptm,simulated,False,3.2,0.045,4,4.5,11.86,27.0,1.0,,0.0,,controlled_tattoo_stress,,digital_tattoo_message,tattoo_bit0,tattoo_bit0,0.0,88.0,,,0.8775701256850716,,False,,1,
p6_vdd_phase6.3_vdd_low_88,p6_vdd_fixed_chip1,mc_phase6_voltage_ber.py,phase6.3_vdd_low,2026-07-27,1.0,real_bsim_ptm,simulated,False,3.2,0.045,4,4.5,11.86,27.0,0.9,,0.0,,controlled_tattoo_stress,,digital_tattoo_message,tattoo_bit0,tattoo_bit0,0.0,88.0,,,0.8774642774678487,,False,,1,
p6_vdd_phase6.3_vdd_high_88,p6_vdd_fixed_chip1,mc_phase6_voltage_ber.py,phase6.3_vdd_high,2026-07-27,1.0,real_bsim_ptm,simulated,False,3.2,0.045,4,4.5,11.86,27.0,1.1,,0.0,,controlled_tattoo_stress,,digital_tattoo_message,tattoo_bit0,tattoo_bit0,0.0,88.0,,,0.8776933373687212,,False,,1,
p6_vdd_phase6.3_vdd_nominal_89,p6_vdd_fixed_chip1,mc_phase6_voltage_ber.py,phase6.3_vdd_nominal,2026-07-27,1.0,real_bsim_ptm,simulated,False,3.2,0.045,4,4.5,11.86,27.0,1.0,,0.0,,controlled_tattoo_stress,,digital_tattoo_message,tattoo_bit0,tattoo_bit0,0.0,89.0,,,1.125888734318365,,False,,1,
p6_vdd_phase6.3_vdd_low_89,p6_vdd_fixed_chip1,mc_phase6_voltage_ber.py,phase6.3_vdd_low,2026-07-27,1.0,real_bsim_ptm,simulated,False,3.2,0.045,4,4.5,11.86,27.0,0.9,,0.0,,controlled_tattoo_stress,,digital_tattoo_message,tattoo_bit0,tattoo_bit0,0.0,89.0,,,1.1264609288561194,,False,,1,
p6_vdd_phase6.3_vdd_high_89,p6_vdd_fixed_chip1,mc_phase6_voltage_ber.py,phase6.3_vdd_high,2026-07-27,1.0,real_bsim_ptm,simulated,False,3.2,0.045,4,4.5,11.86,27.0,1.1,,0.0,,controlled_tattoo_stress,,digital_tattoo_message,tattoo_bit0,tattoo_bit0,0.0,89.0,,,1.1252727514641054,,False,,1,
p6_vdd_phase6.3_vdd_nominal_90,p6_vdd_fixed_chip1,mc_phase6_voltage_ber.py,phase6.3_vdd_nominal,2026-07-27,1.0,real_bsim_ptm,simulated,False,3.2,0.045,4,4.5,11.86,27.0,1.0,,60.0,,controlled_tattoo_stress,,digital_tattoo_message,tattoo_bit1,tattoo_bit1,1.0,90.0,,,0.20457302268064942,,False,,1,
p6_vdd_phase6.3_vdd_low_90,p6_vdd_fixed_chip1,mc_phase6_voltage_ber.py,phase6.3_vdd_low,2026-07-27,1.0,real_bsim_ptm,simulated,False,3.2,0.045,4,4.5,11.86,27.0,0.9,,60.0,,controlled_tattoo_stress,,digital_tattoo_message,tattoo_bit1,tattoo_bit1,1.0,90.0,,,0.20369347165291257,,False,,1,
p6_vdd_phase6.3_vdd_high_90,p6_vdd_fixed_chip1,mc_phase6_voltage_ber.py,phase6.3_vdd_high,2026-07-27,1.0,real_bsim_ptm,simulated,False,3.2,0.045,4,4.5,11.86,27.0,1.1,,60.0,,controlled_tattoo_stress,,digital_tattoo_message,tattoo_bit1,tattoo_bit1,1.0,90.0,,,0.20544129414525708,,False,,1,
p6_vdd_phase6.3_vdd_nominal_91,p6_vdd_fixed_chip1,mc_phase6_voltage_ber.py,phase6.3_vdd_nominal,2026-07-27,1.0,real_bsim_ptm,simulated,False,3.2,0.045,4,4.5,11.86,27.0,1.0,,60.0,,controlled_tattoo_stress,,digital_tattoo_message,tattoo_bit1,tattoo_bit1,1.0,91.0,,,0.27517540147283137,,False,,1,
p6_vdd_phase6.3_vdd_low_91,p6_vdd_fixed_chip1,mc_phase6_voltage_ber.py,phase6.3_vdd_low,2026-07-27,1.0,real_bsim_ptm,simulated,False,3.2,0.045,4,4.5,11.86,27.0,0.9,,60.0,,controlled_tattoo_stress,,digital_tattoo_message,tattoo_bit1,tattoo_bit1,1.0,91.0,,,0.27422034704753284,,False,,1,
p6_vdd_phase6.3_vdd_high_91,p6_vdd_fixed_chip1,mc_phase6_voltage_ber.py,phase6.3_vdd_high,2026-07-27,1.0,real_bsim_ptm,simulated,False,3.2,0.045,4,4.5,11.86,27.0,1.1,,60.0,,controlled_tattoo_stress,,digital_tattoo_message,tattoo_bit1,tattoo_bit1,1.0,91.0,,,0.2760741149788407,,False,,1,
p6_vdd_phase6.3_vdd_nominal_92,p6_vdd_fixed_chip1,mc_phase6_voltage_ber.py,phase6.3_vdd_nominal,2026-07-27,1.0,real_bsim_ptm,simulated,False,3.2,0.045,4,4.5,11.86,27.0,1.0,,60.0,,controlled_tattoo_stress,,digital_tattoo_message,tattoo_bit1,tattoo_bit1,1.0,92.0,,,0.28625727755383173,,False,,1,
p6_vdd_phase6.3_vdd_low_92,p6_vdd_fixed_chip1,mc_phase6_voltage_ber.py,phase6.3_vdd_low,2026-07-27,1.0,real_bsim_ptm,simulated,False,3.2,0.045,4,4.5,11.86,27.0,0.9,,60.0,,controlled_tattoo_stress,,digital_tattoo_message,tattoo_bit1,tattoo_bit1,1.0,92.0,,,0.2853662093450373,,False,,1,
p6_vdd_phase6.3_vdd_high_92,p6_vdd_fixed_chip1,mc_phase6_voltage_ber.py,phase6.3_vdd_high,2026-07-27,1.0,real_bsim_ptm,simulated,False,3.2,0.045,4,4.5,11.86,27.0,1.1,,60.0,,controlled_tattoo_stress,,digital_tattoo_message,tattoo_bit1,tattoo_bit1,1.0,92.0,,,0.28711311760080266,,False,,1,
p6_vdd_phase6.3_vdd_nominal_93,p6_vdd_fixed_chip1,mc_phase6_voltage_ber.py,phase6.3_vdd_nominal,2026-07-27,1.0,real_bsim_ptm,simulated,False,3.2,0.045,4,4.5,11.86,27.0,1.0,,0.0,,controlled_tattoo_stress,,digital_tattoo_message,tattoo_bit0,tattoo_bit0,0.0,93.0,,,1.0219811660929685,,False,,1,
p6_vdd_phase6.3_vdd_low_93,p6_vdd_fixed_chip1,mc_phase6_voltage_ber.py,phase6.3_vdd_low,2026-07-27,1.0,real_bsim_ptm,simulated,False,3.2,0.045,4,4.5,11.86,27.0,0.9,,0.0,,controlled_tattoo_stress,,digital_tattoo_message,tattoo_bit0,tattoo_bit0,0.0,93.0,,,1.022378856000425,,False,,1,
p6_vdd_phase6.3_vdd_high_93,p6_vdd_fixed_chip1,mc_phase6_voltage_ber.py,phase6.3_vdd_high,2026-07-27,1.0,real_bsim_ptm,simulated,False,3.2,0.045,4,4.5,11.86,27.0,1.1,,0.0,,controlled_tattoo_stress,,digital_tattoo_message,tattoo_bit0,tattoo_bit0,0.0,93.0,,,1.0215455846186539,,False,,1,
p6_vdd_phase6.3_vdd_nominal_94,p6_vdd_fixed_chip1,mc_phase6_voltage_ber.py,phase6.3_vdd_nominal,2026-07-27,1.0,real_bsim_ptm,simulated,False,3.2,0.045,4,4.5,11.86,27.0,1.0,,60.0,,controlled_tattoo_stress,,digital_tattoo_message,tattoo_bit1,tattoo_bit1,1.0,94.0,,,0.35819503621947235,,False,,1,
p6_vdd_phase6.3_vdd_low_94,p6_vdd_fixed_chip1,mc_phase6_voltage_ber.py,phase6.3_vdd_low,2026-07-27,1.0,real_bsim_ptm,simulated,False,3.2,0.045,4,4.5,11.86,27.0,0.9,,60.0,,controlled_tattoo_stress,,digital_tattoo_message,tattoo_bit1,tattoo_bit1,1.0,94.0,,,0.35729158222131796,,False,,1,
p6_vdd_phase6.3_vdd_high_94,p6_vdd_fixed_chip1,mc_phase6_voltage_ber.py,phase6.3_vdd_high,2026-07-27,1.0,real_bsim_ptm,simulated,False,3.2,0.045,4,4.5,11.86,27.0,1.1,,60.0,,controlled_tattoo_stress,,digital_tattoo_message,tattoo_bit1,tattoo_bit1,1.0,94.0,,,0.3590925058059038,,False,,1,
p6_vdd_phase6.3_vdd_nominal_95,p6_vdd_fixed_chip1,mc_phase6_voltage_ber.py,phase6.3_vdd_nominal,2026-07-27,1.0,real_bsim_ptm,simulated,False,3.2,0.045,4,4.5,11.86,27.0,1.0,,60.0,,controlled_tattoo_stress,,digital_tattoo_message,tattoo_bit1,tattoo_bit1,1.0,95.0,,,0.22158691956246468,,False,,1,
p6_vdd_phase6.3_vdd_low_95,p6_vdd_fixed_chip1,mc_phase6_voltage_ber.py,phase6.3_vdd_low,2026-07-27,1.0,real_bsim_ptm,simulated,False,3.2,0.045,4,4.5,11.86,27.0,0.9,,60.0,,controlled_tattoo_stress,,digital_tattoo_message,tattoo_bit1,tattoo_bit1,1.0,95.0,,,0.22065890410598324,,False,,1,
p6_vdd_phase6.3_vdd_high_95,p6_vdd_fixed_chip1,mc_phase6_voltage_ber.py,phase6.3_vdd_high,2026-07-27,1.0,real_bsim_ptm,simulated,False,3.2,0.045,4,4.5,11.86,27.0,1.1,,60.0,,controlled_tattoo_stress,,digital_tattoo_message,tattoo_bit1,tattoo_bit1,1.0,95.0,,,0.2225033904029401,,False,,1,
p6_vdd_phase6.3_vdd_nominal_96,p6_vdd_fixed_chip1,mc_phase6_voltage_ber.py,phase6.3_vdd_nominal,2026-07-27,1.0,real_bsim_ptm,simulated,False,3.2,0.045,4,4.5,11.86,27.0,1.0,,60.0,,controlled_tattoo_stress,,digital_tattoo_message,tattoo_bit1,tattoo_bit1,1.0,96.0,,,0.223856756406503,,False,,1,
p6_vdd_phase6.3_vdd_low_96,p6_vdd_fixed_chip1,mc_phase6_voltage_ber.py,phase6.3_vdd_low,2026-07-27,1.0,real_bsim_ptm,simulated,False,3.2,0.045,4,4.5,11.86,27.0,0.9,,60.0,,controlled_tattoo_stress,,digital_tattoo_message,tattoo_bit1,tattoo_bit1,1.0,96.0,,,0.22297336474650498,,False,,1,
p6_vdd_phase6.3_vdd_high_96,p6_vdd_fixed_chip1,mc_phase6_voltage_ber.py,phase6.3_vdd_high,2026-07-27,1.0,real_bsim_ptm,simulated,False,3.2,0.045,4,4.5,11.86,27.0,1.1,,60.0,,controlled_tattoo_stress,,digital_tattoo_message,tattoo_bit1,tattoo_bit1,1.0,96.0,,,0.22471588352887611,,False,,1,
p6_vdd_phase6.3_vdd_nominal_97,p6_vdd_fixed_chip1,mc_phase6_voltage_ber.py,phase6.3_vdd_nominal,2026-07-27,1.0,real_bsim_ptm,simulated,False,3.2,0.045,4,4.5,11.86,27.0,1.0,,60.0,,controlled_tattoo_stress,,digital_tattoo_message,tattoo_bit1,tattoo_bit1,1.0,97.0,,,0.19395889348997009,,False,,1,
p6_vdd_phase6.3_vdd_low_97,p6_vdd_fixed_chip1,mc_phase6_voltage_ber.py,phase6.3_vdd_low,2026-07-27,1.0,real_bsim_ptm,simulated,False,3.2,0.045,4,4.5,11.86,27.0,0.9,,60.0,,controlled_tattoo_stress,,digital_tattoo_message,tattoo_bit1,tattoo_bit1,1.0,97.0,,,0.19306981062199774,,False,,1,
p6_vdd_phase6.3_vdd_high_97,p6_vdd_fixed_chip1,mc_phase6_voltage_ber.py,phase6.3_vdd_high,2026-07-27,1.0,real_bsim_ptm,simulated,False,3.2,0.045,4,4.5,11.86,27.0,1.1,,60.0,,controlled_tattoo_stress,,digital_tattoo_message,tattoo_bit1,tattoo_bit1,1.0,97.0,,,0.1948431038882513,,False,,1,
p6_vdd_phase6.3_vdd_nominal_98,p6_vdd_fixed_chip1,mc_phase6_voltage_ber.py,phase6.3_vdd_nominal,2026-07-27,1.0,real_bsim_ptm,simulated,False,3.2,0.045,4,4.5,11.86,27.0,1.0,,0.0,,controlled_tattoo_stress,,digital_tattoo_message,tattoo_bit0,tattoo_bit0,0.0,98.0,,,0.93088284030297,,False,,1,
p6_vdd_phase6.3_vdd_low_98,p6_vdd_fixed_chip1,mc_phase6_voltage_ber.py,phase6.3_vdd_low,2026-07-27,1.0,real_bsim_ptm,simulated,False,3.2,0.045,4,4.5,11.86,27.0,0.9,,0.0,,controlled_tattoo_stress,,digital_tattoo_message,tattoo_bit0,tattoo_bit0,0.0,98.0,,,0.9307492599465178,,False,,1,
p6_vdd_phase6.3_vdd_high_98,p6_vdd_fixed_chip1,mc_phase6_voltage_ber.py,phase6.3_vdd_high,2026-07-27,1.0,real_bsim_ptm,simulated,False,3.2,0.045,4,4.5,11.86,27.0,1.1,,0.0,,controlled_tattoo_stress,,digital_tattoo_message,tattoo_bit0,tattoo_bit0,0.0,98.0,,,0.9310262825942344,,False,,1,
p6_vdd_phase6.3_vdd_nominal_99,p6_vdd_fixed_chip1,mc_phase6_voltage_ber.py,phase6.3_vdd_nominal,2026-07-27,1.0,real_bsim_ptm,simulated,False,3.2,0.045,4,4.5,11.86,27.0,1.0,,0.0,,controlled_tattoo_stress,,digital_tattoo_message,tattoo_bit0,tattoo_bit0,0.0,99.0,,,0.8899309710427012,,False,,1,
p6_vdd_phase6.3_vdd_low_99,p6_vdd_fixed_chip1,mc_phase6_voltage_ber.py,phase6.3_vdd_low,2026-07-27,1.0,real_bsim_ptm,simulated,False,3.2,0.045,4,4.5,11.86,27.0,0.9,,0.0,,controlled_tattoo_stress,,digital_tattoo_message,tattoo_bit0,tattoo_bit0,0.0,99.0,,,0.8898788148809248,,False,,1,
p6_vdd_phase6.3_vdd_high_99,p6_vdd_fixed_chip1,mc_phase6_voltage_ber.py,phase6.3_vdd_high,2026-07-27,1.0,real_bsim_ptm,simulated,False,3.2,0.045,4,4.5,11.86,27.0,1.1,,0.0,,controlled_tattoo_stress,,digital_tattoo_message,tattoo_bit0,tattoo_bit0,0.0,99.0,,,0.8899888746229072,,False,,1,
p6_vdd_phase6.3_vdd_nominal_100,p6_vdd_fixed_chip1,mc_phase6_voltage_ber.py,phase6.3_vdd_nominal,2026-07-27,1.0,real_bsim_ptm,simulated,False,3.2,0.045,4,4.5,11.86,27.0,1.0,,60.0,,controlled_tattoo_stress,,digital_tattoo_message,tattoo_bit1,tattoo_bit1,1.0,100.0,,,0.22899113450607256,,False,,1,
p6_vdd_phase6.3_vdd_low_100,p6_vdd_fixed_chip1,mc_phase6_voltage_ber.py,phase6.3_vdd_low,2026-07-27,1.0,real_bsim_ptm,simulated,False,3.2,0.045,4,4.5,11.86,27.0,0.9,,60.0,,controlled_tattoo_stress,,digital_tattoo_message,tattoo_bit1,tattoo_bit1,1.0,100.0,,,0.22808790654238956,,False,,1,
p6_vdd_phase6.3_vdd_high_100,p6_vdd_fixed_chip1,mc_phase6_voltage_ber.py,phase6.3_vdd_high,2026-07-27,1.0,real_bsim_ptm,simulated,False,3.2,0.045,4,4.5,11.86,27.0,1.1,,60.0,,controlled_tattoo_stress,,digital_tattoo_message,tattoo_bit1,tattoo_bit1,1.0,100.0,,,0.22985951350312062,,False,,1,
p6_vdd_phase6.3_vdd_nominal_101,p6_vdd_fixed_chip1,mc_phase6_voltage_ber.py,phase6.3_vdd_nominal,2026-07-27,1.0,real_bsim_ptm,simulated,False,3.2,0.045,4,4.5,11.86,27.0,1.0,,60.0,,controlled_tattoo_stress,,digital_tattoo_message,tattoo_bit1,tattoo_bit1,1.0,101.0,,,0.16121522169830033,,False,,1,
p6_vdd_phase6.3_vdd_low_101,p6_vdd_fixed_chip1,mc_phase6_voltage_ber.py,phase6.3_vdd_low,2026-07-27,1.0,real_bsim_ptm,simulated,False,3.2,0.045,4,4.5,11.86,27.0,0.9,,60.0,,controlled_tattoo_stress,,digital_tattoo_message,tattoo_bit1,tattoo_bit1,1.0,101.0,,,0.16038412432164134,,False,,1,
p6_vdd_phase6.3_vdd_high_101,p6_vdd_fixed_chip1,mc_phase6_voltage_ber.py,phase6.3_vdd_high,2026-07-27,1.0,real_bsim_ptm,simulated,False,3.2,0.045,4,4.5,11.86,27.0,1.1,,60.0,,controlled_tattoo_stress,,digital_tattoo_message,tattoo_bit1,tattoo_bit1,1.0,101.0,,,0.16204186825820846,,False,,1,
p6_vdd_phase6.3_vdd_nominal_102,p6_vdd_fixed_chip1,mc_phase6_voltage_ber.py,phase6.3_vdd_nominal,2026-07-27,1.0,real_bsim_ptm,simulated,False,3.2,0.045,4,4.5,11.86,27.0,1.0,,0.0,,controlled_tattoo_stress,,digital_tattoo_message,tattoo_bit0,tattoo_bit0,0.0,102.0,,,0.9461471708351331,,False,,1,
p6_vdd_phase6.3_vdd_low_102,p6_vdd_fixed_chip1,mc_phase6_voltage_ber.py,phase6.3_vdd_low,2026-07-27,1.0,real_bsim_ptm,simulated,False,3.2,0.045,4,4.5,11.86,27.0,0.9,,0.0,,controlled_tattoo_stress,,digital_tattoo_message,tattoo_bit0,tattoo_bit0,0.0,102.0,,,0.9463256185622848,,False,,1,
p6_vdd_phase6.3_vdd_high_102,p6_vdd_fixed_chip1,mc_phase6_voltage_ber.py,phase6.3_vdd_high,2026-07-27,1.0,real_bsim_ptm,simulated,False,3.2,0.045,4,4.5,11.86,27.0,1.1,,0.0,,controlled_tattoo_stress,,digital_tattoo_message,tattoo_bit0,tattoo_bit0,0.0,102.0,,,0.9459509904442183,,False,,1,
p6_vdd_phase6.3_vdd_nominal_103,p6_vdd_fixed_chip1,mc_phase6_voltage_ber.py,phase6.3_vdd_nominal,2026-07-27,1.0,real_bsim_ptm,simulated,False,3.2,0.045,4,4.5,11.86,27.0,1.0,,60.0,,controlled_tattoo_stress,,digital_tattoo_message,tattoo_bit1,tattoo_bit1,1.0,103.0,,,0.2247242517840175,,False,,1,
p6_vdd_phase6.3_vdd_low_103,p6_vdd_fixed_chip1,mc_phase6_voltage_ber.py,phase6.3_vdd_low,2026-07-27,1.0,real_bsim_ptm,simulated,False,3.2,0.045,4,4.5,11.86,27.0,0.9,,60.0,,controlled_tattoo_stress,,digital_tattoo_message,tattoo_bit1,tattoo_bit1,1.0,103.0,,,0.2238073793986937,,False,,1,
p6_vdd_phase6.3_vdd_high_103,p6_vdd_fixed_chip1,mc_phase6_voltage_ber.py,phase6.3_vdd_high,2026-07-27,1.0,real_bsim_ptm,simulated,False,3.2,0.045,4,4.5,11.86,27.0,1.1,,60.0,,controlled_tattoo_stress,,digital_tattoo_message,tattoo_bit1,tattoo_bit1,1.0,103.0,,,0.22559984176472608,,False,,1,
p6_vdd_phase6.3_vdd_nominal_104,p6_vdd_fixed_chip1,mc_phase6_voltage_ber.py,phase6.3_vdd_nominal,2026-07-27,1.0,real_bsim_ptm,simulated,False,3.2,0.045,4,4.5,11.86,27.0,1.0,,0.0,,controlled_tattoo_stress,,digital_tattoo_message,tattoo_bit0,tattoo_bit0,0.0,104.0,,,1.3410642768548007,,False,,1,
p6_vdd_phase6.3_vdd_low_104,p6_vdd_fixed_chip1,mc_phase6_voltage_ber.py,phase6.3_vdd_low,2026-07-27,1.0,real_bsim_ptm,simulated,False,3.2,0.045,4,4.5,11.86,27.0,0.9,,0.0,,controlled_tattoo_stress,,digital_tattoo_message,tattoo_bit0,tattoo_bit0,0.0,104.0,,,1.3423507230796277,,False,,1,
p6_vdd_phase6.3_vdd_high_104,p6_vdd_fixed_chip1,mc_phase6_voltage_ber.py,phase6.3_vdd_high,2026-07-27,1.0,real_bsim_ptm,simulated,False,3.2,0.045,4,4.5,11.86,27.0,1.1,,0.0,,controlled_tattoo_stress,,digital_tattoo_message,tattoo_bit0,tattoo_bit0,0.0,104.0,,,1.3396738738320728,,False,,1,
p6_vdd_phase6.3_vdd_nominal_105,p6_vdd_fixed_chip1,mc_phase6_voltage_ber.py,phase6.3_vdd_nominal,2026-07-27,1.0,real_bsim_ptm,simulated,False,3.2,0.045,4,4.5,11.86,27.0,1.0,,60.0,,controlled_tattoo_stress,,digital_tattoo_message,tattoo_bit1,tattoo_bit1,1.0,105.0,,,0.35474490620667387,,False,,1,
p6_vdd_phase6.3_vdd_low_105,p6_vdd_fixed_chip1,mc_phase6_voltage_ber.py,phase6.3_vdd_low,2026-07-27,1.0,real_bsim_ptm,simulated,False,3.2,0.045,4,4.5,11.86,27.0,0.9,,60.0,,controlled_tattoo_stress,,digital_tattoo_message,tattoo_bit1,tattoo_bit1,1.0,105.0,,,0.35375736773160443,,False,,1,
p6_vdd_phase6.3_vdd_high_105,p6_vdd_fixed_chip1,mc_phase6_voltage_ber.py,phase6.3_vdd_high,2026-07-27,1.0,real_bsim_ptm,simulated,False,3.2,0.045,4,4.5,11.86,27.0,1.1,,60.0,,controlled_tattoo_stress,,digital_tattoo_message,tattoo_bit1,tattoo_bit1,1.0,105.0,,,0.3557175273696435,,False,,1,
p6_vdd_phase6.3_vdd_nominal_106,p6_vdd_fixed_chip1,mc_phase6_voltage_ber.py,phase6.3_vdd_nominal,2026-07-27,1.0,real_bsim_ptm,simulated,False,3.2,0.045,4,4.5,11.86,27.0,1.0,,0.0,,controlled_tattoo_stress,,digital_tattoo_message,tattoo_bit0,tattoo_bit0,0.0,106.0,,,0.9689137561671559,,False,,1,
p6_vdd_phase6.3_vdd_low_106,p6_vdd_fixed_chip1,mc_phase6_voltage_ber.py,phase6.3_vdd_low,2026-07-27,1.0,real_bsim_ptm,simulated,False,3.2,0.045,4,4.5,11.86,27.0,0.9,,0.0,,controlled_tattoo_stress,,digital_tattoo_message,tattoo_bit0,tattoo_bit0,0.0,106.0,,,0.9688325102644255,,False,,1,
p6_vdd_phase6.3_vdd_high_106,p6_vdd_fixed_chip1,mc_phase6_voltage_ber.py,phase6.3_vdd_high,2026-07-27,1.0,real_bsim_ptm,simulated,False,3.2,0.045,4,4.5,11.86,27.0,1.1,,0.0,,controlled_tattoo_stress,,digital_tattoo_message,tattoo_bit0,tattoo_bit0,0.0,106.0,,,0.969001613373959,,False,,1,
p6_vdd_phase6.3_vdd_nominal_107,p6_vdd_fixed_chip1,mc_phase6_voltage_ber.py,phase6.3_vdd_nominal,2026-07-27,1.0,real_bsim_ptm,simulated,False,3.2,0.045,4,4.5,11.86,27.0,1.0,,0.0,,controlled_tattoo_stress,,digital_tattoo_message,tattoo_bit0,tattoo_bit0,0.0,107.0,,,0.9847952491906882,,False,,1,
p6_vdd_phase6.3_vdd_low_107,p6_vdd_fixed_chip1,mc_phase6_voltage_ber.py,phase6.3_vdd_low,2026-07-27,1.0,real_bsim_ptm,simulated,False,3.2,0.045,4,4.5,11.86,27.0,0.9,,0.0,,controlled_tattoo_stress,,digital_tattoo_message,tattoo_bit0,tattoo_bit0,0.0,107.0,,,0.9849781952776787,,False,,1,
p6_vdd_phase6.3_vdd_high_107,p6_vdd_fixed_chip1,mc_phase6_voltage_ber.py,phase6.3_vdd_high,2026-07-27,1.0,real_bsim_ptm,simulated,False,3.2,0.045,4,4.5,11.86,27.0,1.1,,0.0,,controlled_tattoo_stress,,digital_tattoo_message,tattoo_bit0,tattoo_bit0,0.0,107.0,,,0.9845963615503369,,False,,1,
p6_vdd_phase6.3_vdd_nominal_108,p6_vdd_fixed_chip1,mc_phase6_voltage_ber.py,phase6.3_vdd_nominal,2026-07-27,1.0,real_bsim_ptm,simulated,False,3.2,0.045,4,4.5,11.86,27.0,1.0,,0.0,,controlled_tattoo_stress,,digital_tattoo_message,tattoo_bit0,tattoo_bit0,0.0,108.0,,,0.7802281181322983,,False,,1,
p6_vdd_phase6.3_vdd_low_108,p6_vdd_fixed_chip1,mc_phase6_voltage_ber.py,phase6.3_vdd_low,2026-07-27,1.0,real_bsim_ptm,simulated,False,3.2,0.045,4,4.5,11.86,27.0,0.9,,0.0,,controlled_tattoo_stress,,digital_tattoo_message,tattoo_bit0,tattoo_bit0,0.0,108.0,,,0.7796839169883188,,False,,1,
p6_vdd_phase6.3_vdd_high_108,p6_vdd_fixed_chip1,mc_phase6_voltage_ber.py,phase6.3_vdd_high,2026-07-27,1.0,real_bsim_ptm,simulated,False,3.2,0.045,4,4.5,11.86,27.0,1.1,,0.0,,controlled_tattoo_stress,,digital_tattoo_message,tattoo_bit0,tattoo_bit0,0.0,108.0,,,0.7808274155892508,,False,,1,
p6_vdd_phase6.3_vdd_nominal_109,p6_vdd_fixed_chip1,mc_phase6_voltage_ber.py,phase6.3_vdd_nominal,2026-07-27,1.0,real_bsim_ptm,simulated,False,3.2,0.045,4,4.5,11.86,27.0,1.0,,60.0,,controlled_tattoo_stress,,digital_tattoo_message,tattoo_bit1,tattoo_bit1,1.0,109.0,,,0.26106585053757314,,False,,1,
p6_vdd_phase6.3_vdd_low_109,p6_vdd_fixed_chip1,mc_phase6_voltage_ber.py,phase6.3_vdd_low,2026-07-27,1.0,real_bsim_ptm,simulated,False,3.2,0.045,4,4.5,11.86,27.0,0.9,,60.0,,controlled_tattoo_stress,,digital_tattoo_message,tattoo_bit1,tattoo_bit1,1.0,109.0,,,0.2601520752124424,,False,,1,
p6_vdd_phase6.3_vdd_high_109,p6_vdd_fixed_chip1,mc_phase6_voltage_ber.py,phase6.3_vdd_high,2026-07-27,1.0,real_bsim_ptm,simulated,False,3.2,0.045,4,4.5,11.86,27.0,1.1,,60.0,,controlled_tattoo_stress,,digital_tattoo_message,tattoo_bit1,tattoo_bit1,1.0,109.0,,,0.2619470172743995,,False,,1,
p6_vdd_phase6.3_vdd_nominal_110,p6_vdd_fixed_chip1,mc_phase6_voltage_ber.py,phase6.3_vdd_nominal,2026-07-27,1.0,real_bsim_ptm,simulated,False,3.2,0.045,4,4.5,11.86,27.0,1.0,,60.0,,controlled_tattoo_stress,,digital_tattoo_message,tattoo_bit1,tattoo_bit1,1.0,110.0,,,0.29312255793346775,,False,,1,
p6_vdd_phase6.3_vdd_low_110,p6_vdd_fixed_chip1,mc_phase6_voltage_ber.py,phase6.3_vdd_low,2026-07-27,1.0,real_bsim_ptm,simulated,False,3.2,0.045,4,4.5,11.86,27.0,0.9,,60.0,,controlled_tattoo_stress,,digital_tattoo_message,tattoo_bit1,tattoo_bit1,1.0,110.0,,,0.2921349666853305,,False,,1,
p6_vdd_phase6.3_vdd_high_110,p6_vdd_fixed_chip1,mc_phase6_voltage_ber.py,phase6.3_vdd_high,2026-07-27,1.0,real_bsim_ptm,simulated,False,3.2,0.045,4,4.5,11.86,27.0,1.1,,60.0,,controlled_tattoo_stress,,digital_tattoo_message,tattoo_bit1,tattoo_bit1,1.0,110.0,,,0.2940797491040943,,False,,1,
p6_vdd_phase6.3_vdd_nominal_111,p6_vdd_fixed_chip1,mc_phase6_voltage_ber.py,phase6.3_vdd_nominal,2026-07-27,1.0,real_bsim_ptm,simulated,False,3.2,0.045,4,4.5,11.86,27.0,1.0,,0.0,,controlled_tattoo_stress,,digital_tattoo_message,tattoo_bit0,tattoo_bit0,0.0,111.0,,,1.1249553503302834,,False,,1,
p6_vdd_phase6.3_vdd_low_111,p6_vdd_fixed_chip1,mc_phase6_voltage_ber.py,phase6.3_vdd_low,2026-07-27,1.0,real_bsim_ptm,simulated,False,3.2,0.045,4,4.5,11.86,27.0,0.9,,0.0,,controlled_tattoo_stress,,digital_tattoo_message,tattoo_bit0,tattoo_bit0,0.0,111.0,,,1.125414108771887,,False,,1,
p6_vdd_phase6.3_vdd_high_111,p6_vdd_fixed_chip1,mc_phase6_voltage_ber.py,phase6.3_vdd_high,2026-07-27,1.0,real_bsim_ptm,simulated,False,3.2,0.045,4,4.5,11.86,27.0,1.1,,0.0,,controlled_tattoo_stress,,digital_tattoo_message,tattoo_bit0,tattoo_bit0,0.0,111.0,,,1.124467827589529,,False,,1,
p6_vdd_phase6.3_vdd_nominal_112,p6_vdd_fixed_chip1,mc_phase6_voltage_ber.py,phase6.3_vdd_nominal,2026-07-27,1.0,real_bsim_ptm,simulated,False,3.2,0.045,4,4.5,11.86,27.0,1.0,,0.0,,controlled_tattoo_stress,,digital_tattoo_message,tattoo_bit0,tattoo_bit0,0.0,112.0,,,1.0365997703583552,,False,,1,
p6_vdd_phase6.3_vdd_low_112,p6_vdd_fixed_chip1,mc_phase6_voltage_ber.py,phase6.3_vdd_low,2026-07-27,1.0,real_bsim_ptm,simulated,False,3.2,0.045,4,4.5,11.86,27.0,0.9,,0.0,,controlled_tattoo_stress,,digital_tattoo_message,tattoo_bit0,tattoo_bit0,0.0,112.0,,,1.036729868670275,,False,,1,
p6_vdd_phase6.3_vdd_high_112,p6_vdd_fixed_chip1,mc_phase6_voltage_ber.py,phase6.3_vdd_high,2026-07-27,1.0,real_bsim_ptm,simulated,False,3.2,0.045,4,4.5,11.86,27.0,1.1,,0.0,,controlled_tattoo_stress,,digital_tattoo_message,tattoo_bit0,tattoo_bit0,0.0,112.0,,,1.0364576983942828,,False,,1,
p6_vdd_phase6.3_vdd_nominal_113,p6_vdd_fixed_chip1,mc_phase6_voltage_ber.py,phase6.3_vdd_nominal,2026-07-27,1.0,real_bsim_ptm,simulated,False,3.2,0.045,4,4.5,11.86,27.0,1.0,,60.0,,controlled_tattoo_stress,,digital_tattoo_message,tattoo_bit1,tattoo_bit1,1.0,113.0,,,0.19560275409393735,,False,,1,
p6_vdd_phase6.3_vdd_low_113,p6_vdd_fixed_chip1,mc_phase6_voltage_ber.py,phase6.3_vdd_low,2026-07-27,1.0,real_bsim_ptm,simulated,False,3.2,0.045,4,4.5,11.86,27.0,0.9,,60.0,,controlled_tattoo_stress,,digital_tattoo_message,tattoo_bit1,tattoo_bit1,1.0,113.0,,,0.19468976449614891,,False,,1,
p6_vdd_phase6.3_vdd_high_113,p6_vdd_fixed_chip1,mc_phase6_voltage_ber.py,phase6.3_vdd_high,2026-07-27,1.0,real_bsim_ptm,simulated,False,3.2,0.045,4,4.5,11.86,27.0,1.1,,60.0,,controlled_tattoo_stress,,digital_tattoo_message,tattoo_bit1,tattoo_bit1,1.0,113.0,,,0.19649059399500401,,False,,1,
p6_vdd_phase6.3_vdd_nominal_114,p6_vdd_fixed_chip1,mc_phase6_voltage_ber.py,phase6.3_vdd_nominal,2026-07-27,1.0,real_bsim_ptm,simulated,False,3.2,0.045,4,4.5,11.86,27.0,1.0,,0.0,,controlled_tattoo_stress,,digital_tattoo_message,tattoo_bit0,tattoo_bit0,0.0,114.0,,,1.1566504272442268,,False,,1,
p6_vdd_phase6.3_vdd_low_114,p6_vdd_fixed_chip1,mc_phase6_voltage_ber.py,phase6.3_vdd_low,2026-07-27,1.0,real_bsim_ptm,simulated,False,3.2,0.045,4,4.5,11.86,27.0,0.9,,0.0,,controlled_tattoo_stress,,digital_tattoo_message,tattoo_bit0,tattoo_bit0,0.0,114.0,,,1.1574342393434423,,False,,1,
p6_vdd_phase6.3_vdd_high_114,p6_vdd_fixed_chip1,mc_phase6_voltage_ber.py,phase6.3_vdd_high,2026-07-27,1.0,real_bsim_ptm,simulated,False,3.2,0.045,4,4.5,11.86,27.0,1.1,,0.0,,controlled_tattoo_stress,,digital_tattoo_message,tattoo_bit0,tattoo_bit0,0.0,114.0,,,1.1558105033546155,,False,,1,
p6_vdd_phase6.3_vdd_nominal_115,p6_vdd_fixed_chip1,mc_phase6_voltage_ber.py,phase6.3_vdd_nominal,2026-07-27,1.0,real_bsim_ptm,simulated,False,3.2,0.045,4,4.5,11.86,27.0,1.0,,60.0,,controlled_tattoo_stress,,digital_tattoo_message,tattoo_bit1,tattoo_bit1,1.0,115.0,,,0.20174797778700032,,False,,1,
p6_vdd_phase6.3_vdd_low_115,p6_vdd_fixed_chip1,mc_phase6_voltage_ber.py,phase6.3_vdd_low,2026-07-27,1.0,real_bsim_ptm,simulated,False,3.2,0.045,4,4.5,11.86,27.0,0.9,,60.0,,controlled_tattoo_stress,,digital_tattoo_message,tattoo_bit1,tattoo_bit1,1.0,115.0,,,0.20086499576503458,,False,,1,
p6_vdd_phase6.3_vdd_high_115,p6_vdd_fixed_chip1,mc_phase6_voltage_ber.py,phase6.3_vdd_high,2026-07-27,1.0,real_bsim_ptm,simulated,False,3.2,0.045,4,4.5,11.86,27.0,1.1,,60.0,,controlled_tattoo_stress,,digital_tattoo_message,tattoo_bit1,tattoo_bit1,1.0,115.0,,,0.2026194444093899,,False,,1,
p6_vdd_phase6.3_vdd_nominal_116,p6_vdd_fixed_chip1,mc_phase6_voltage_ber.py,phase6.3_vdd_nominal,2026-07-27,1.0,real_bsim_ptm,simulated,False,3.2,0.045,4,4.5,11.86,27.0,1.0,,0.0,,controlled_tattoo_stress,,digital_tattoo_message,tattoo_bit0,tattoo_bit0,0.0,116.0,,,1.041439877498135,,False,,1,
p6_vdd_phase6.3_vdd_low_116,p6_vdd_fixed_chip1,mc_phase6_voltage_ber.py,phase6.3_vdd_low,2026-07-27,1.0,real_bsim_ptm,simulated,False,3.2,0.045,4,4.5,11.86,27.0,0.9,,0.0,,controlled_tattoo_stress,,digital_tattoo_message,tattoo_bit0,tattoo_bit0,0.0,116.0,,,1.0416024886238666,,False,,1,
p6_vdd_phase6.3_vdd_high_116,p6_vdd_fixed_chip1,mc_phase6_voltage_ber.py,phase6.3_vdd_high,2026-07-27,1.0,real_bsim_ptm,simulated,False,3.2,0.045,4,4.5,11.86,27.0,1.1,,0.0,,controlled_tattoo_stress,,digital_tattoo_message,tattoo_bit0,tattoo_bit0,0.0,116.0,,,1.0412620427849721,,False,,1,
p6_vdd_phase6.3_vdd_nominal_117,p6_vdd_fixed_chip1,mc_phase6_voltage_ber.py,phase6.3_vdd_nominal,2026-07-27,1.0,real_bsim_ptm,simulated,False,3.2,0.045,4,4.5,11.86,27.0,1.0,,60.0,,controlled_tattoo_stress,,digital_tattoo_message,tattoo_bit1,tattoo_bit1,1.0,117.0,,,0.2189355373468056,,False,,1,
p6_vdd_phase6.3_vdd_low_117,p6_vdd_fixed_chip1,mc_phase6_voltage_ber.py,phase6.3_vdd_low,2026-07-27,1.0,real_bsim_ptm,simulated,False,3.2,0.045,4,4.5,11.86,27.0,0.9,,60.0,,controlled_tattoo_stress,,digital_tattoo_message,tattoo_bit1,tattoo_bit1,1.0,117.0,,,0.21804603623916965,,False,,1,
p6_vdd_phase6.3_vdd_high_117,p6_vdd_fixed_chip1,mc_phase6_voltage_ber.py,phase6.3_vdd_high,2026-07-27,1.0,real_bsim_ptm,simulated,False,3.2,0.045,4,4.5,11.86,27.0,1.1,,60.0,,controlled_tattoo_stress,,digital_tattoo_message,tattoo_bit1,tattoo_bit1,1.0,117.0,,,0.21980329400037965,,False,,1,
p6_vdd_phase6.3_vdd_nominal_118,p6_vdd_fixed_chip1,mc_phase6_voltage_ber.py,phase6.3_vdd_nominal,2026-07-27,1.0,real_bsim_ptm,simulated,False,3.2,0.045,4,4.5,11.86,27.0,1.0,,60.0,,controlled_tattoo_stress,,digital_tattoo_message,tattoo_bit1,tattoo_bit1,1.0,118.0,,,0.19257515652622592,,False,,1,
p6_vdd_phase6.3_vdd_low_118,p6_vdd_fixed_chip1,mc_phase6_voltage_ber.py,phase6.3_vdd_low,2026-07-27,1.0,real_bsim_ptm,simulated,False,3.2,0.045,4,4.5,11.86,27.0,0.9,,60.0,,controlled_tattoo_stress,,digital_tattoo_message,tattoo_bit1,tattoo_bit1,1.0,118.0,,,0.19171542078783266,,False,,1,
p6_vdd_phase6.3_vdd_high_118,p6_vdd_fixed_chip1,mc_phase6_voltage_ber.py,phase6.3_vdd_high,2026-07-27,1.0,real_bsim_ptm,simulated,False,3.2,0.045,4,4.5,11.86,27.0,1.1,,60.0,,controlled_tattoo_stress,,digital_tattoo_message,tattoo_bit1,tattoo_bit1,1.0,118.0,,,0.19342707815005344,,False,,1,
p6_vdd_phase6.3_vdd_nominal_119,p6_vdd_fixed_chip1,mc_phase6_voltage_ber.py,phase6.3_vdd_nominal,2026-07-27,1.0,real_bsim_ptm,simulated,False,3.2,0.045,4,4.5,11.86,27.0,1.0,,0.0,,controlled_tattoo_stress,,digital_tattoo_message,tattoo_bit0,tattoo_bit0,0.0,119.0,,,1.1681950509197214,,False,,1,
p6_vdd_phase6.3_vdd_low_119,p6_vdd_fixed_chip1,mc_phase6_voltage_ber.py,phase6.3_vdd_low,2026-07-27,1.0,real_bsim_ptm,simulated,False,3.2,0.045,4,4.5,11.86,27.0,0.9,,0.0,,controlled_tattoo_stress,,digital_tattoo_message,tattoo_bit0,tattoo_bit0,0.0,119.0,,,1.168794412796251,,False,,1,
p6_vdd_phase6.3_vdd_high_119,p6_vdd_fixed_chip1,mc_phase6_voltage_ber.py,phase6.3_vdd_high,2026-07-27,1.0,real_bsim_ptm,simulated,False,3.2,0.045,4,4.5,11.86,27.0,1.1,,0.0,,controlled_tattoo_stress,,digital_tattoo_message,tattoo_bit0,tattoo_bit0,0.0,119.0,,,1.1675387872379863,,False,,1,
p6_vdd_phase6.3_vdd_nominal_120,p6_vdd_fixed_chip1,mc_phase6_voltage_ber.py,phase6.3_vdd_nominal,2026-07-27,1.0,real_bsim_ptm,simulated,False,3.2,0.045,4,4.5,11.86,27.0,1.0,,0.0,,controlled_tattoo_stress,,digital_tattoo_message,tattoo_bit0,tattoo_bit0,0.0,120.0,,,0.7603427057483858,,False,,1,
p6_vdd_phase6.3_vdd_low_120,p6_vdd_fixed_chip1,mc_phase6_voltage_ber.py,phase6.3_vdd_low,2026-07-27,1.0,real_bsim_ptm,simulated,False,3.2,0.045,4,4.5,11.86,27.0,0.9,,0.0,,controlled_tattoo_stress,,digital_tattoo_message,tattoo_bit0,tattoo_bit0,0.0,120.0,,,0.7598415467299582,,False,,1,
p6_vdd_phase6.3_vdd_high_120,p6_vdd_fixed_chip1,mc_phase6_voltage_ber.py,phase6.3_vdd_high,2026-07-27,1.0,real_bsim_ptm,simulated,False,3.2,0.045,4,4.5,11.86,27.0,1.1,,0.0,,controlled_tattoo_stress,,digital_tattoo_message,tattoo_bit0,tattoo_bit0,0.0,120.0,,,0.7608914661555137,,False,,1,
p6_vdd_phase6.3_vdd_nominal_121,p6_vdd_fixed_chip1,mc_phase6_voltage_ber.py,phase6.3_vdd_nominal,2026-07-27,1.0,real_bsim_ptm,simulated,False,3.2,0.045,4,4.5,11.86,27.0,1.0,,60.0,,controlled_tattoo_stress,,digital_tattoo_message,tattoo_bit1,tattoo_bit1,1.0,121.0,,,0.23659960730694238,,False,,1,
p6_vdd_phase6.3_vdd_low_121,p6_vdd_fixed_chip1,mc_phase6_voltage_ber.py,phase6.3_vdd_low,2026-07-27,1.0,real_bsim_ptm,simulated,False,3.2,0.045,4,4.5,11.86,27.0,0.9,,60.0,,controlled_tattoo_stress,,digital_tattoo_message,tattoo_bit1,tattoo_bit1,1.0,121.0,,,0.2357380387335808,,False,,1,
p6_vdd_phase6.3_vdd_high_121,p6_vdd_fixed_chip1,mc_phase6_voltage_ber.py,phase6.3_vdd_high,2026-07-27,1.0,real_bsim_ptm,simulated,False,3.2,0.045,4,4.5,11.86,27.0,1.1,,60.0,,controlled_tattoo_stress,,digital_tattoo_message,tattoo_bit1,tattoo_bit1,1.0,121.0,,,0.23747265953379731,,False,,1,
p6_vdd_phase6.3_vdd_nominal_122,p6_vdd_fixed_chip1,mc_phase6_voltage_ber.py,phase6.3_vdd_nominal,2026-07-27,1.0,real_bsim_ptm,simulated,False,3.2,0.045,4,4.5,11.86,27.0,1.0,,60.0,,controlled_tattoo_stress,,digital_tattoo_message,tattoo_bit1,tattoo_bit1,1.0,122.0,,,0.15023227863644587,,False,,1,
p6_vdd_phase6.3_vdd_low_122,p6_vdd_fixed_chip1,mc_phase6_voltage_ber.py,phase6.3_vdd_low,2026-07-27,1.0,real_bsim_ptm,simulated,False,3.2,0.045,4,4.5,11.86,27.0,0.9,,60.0,,controlled_tattoo_stress,,digital_tattoo_message,tattoo_bit1,tattoo_bit1,1.0,122.0,,,0.14943439380834805,,False,,1,
p6_vdd_phase6.3_vdd_high_122,p6_vdd_fixed_chip1,mc_phase6_voltage_ber.py,phase6.3_vdd_high,2026-07-27,1.0,real_bsim_ptm,simulated,False,3.2,0.045,4,4.5,11.86,27.0,1.1,,60.0,,controlled_tattoo_stress,,digital_tattoo_message,tattoo_bit1,tattoo_bit1,1.0,122.0,,,0.15103146123954325,,False,,1,
p6_vdd_phase6.3_vdd_nominal_123,p6_vdd_fixed_chip1,mc_phase6_voltage_ber.py,phase6.3_vdd_nominal,2026-07-27,1.0,real_bsim_ptm,simulated,False,3.2,0.045,4,4.5,11.86,27.0,1.0,,60.0,,controlled_tattoo_stress,,digital_tattoo_message,tattoo_bit1,tattoo_bit1,1.0,123.0,,,0.21196900362893778,,False,,1,
p6_vdd_phase6.3_vdd_low_123,p6_vdd_fixed_chip1,mc_phase6_voltage_ber.py,phase6.3_vdd_low,2026-07-27,1.0,real_bsim_ptm,simulated,False,3.2,0.045,4,4.5,11.86,27.0,0.9,,60.0,,controlled_tattoo_stress,,digital_tattoo_message,tattoo_bit1,tattoo_bit1,1.0,123.0,,,0.2110489209979379,,False,,1,
p6_vdd_phase6.3_vdd_high_123,p6_vdd_fixed_chip1,mc_phase6_voltage_ber.py,phase6.3_vdd_high,2026-07-27,1.0,real_bsim_ptm,simulated,False,3.2,0.045,4,4.5,11.86,27.0,1.1,,60.0,,controlled_tattoo_stress,,digital_tattoo_message,tattoo_bit1,tattoo_bit1,1.0,123.0,,,0.21289721684744947,,False,,1,
p6_vdd_phase6.3_vdd_nominal_124,p6_vdd_fixed_chip1,mc_phase6_voltage_ber.py,phase6.3_vdd_nominal,2026-07-27,1.0,real_bsim_ptm,simulated,False,3.2,0.045,4,4.5,11.86,27.0,1.0,,0.0,,controlled_tattoo_stress,,digital_tattoo_message,tattoo_bit0,tattoo_bit0,0.0,124.0,,,1.2827121669072992,,False,,1,
p6_vdd_phase6.3_vdd_low_124,p6_vdd_fixed_chip1,mc_phase6_voltage_ber.py,phase6.3_vdd_low,2026-07-27,1.0,real_bsim_ptm,simulated,False,3.2,0.045,4,4.5,11.86,27.0,0.9,,0.0,,controlled_tattoo_stress,,digital_tattoo_message,tattoo_bit0,tattoo_bit0,0.0,124.0,,,1.2841528329496206,,False,,1,
p6_vdd_phase6.3_vdd_high_124,p6_vdd_fixed_chip1,mc_phase6_voltage_ber.py,phase6.3_vdd_high,2026-07-27,1.0,real_bsim_ptm,simulated,False,3.2,0.045,4,4.5,11.86,27.0,1.1,,0.0,,controlled_tattoo_stress,,digital_tattoo_message,tattoo_bit0,tattoo_bit0,0.0,124.0,,,1.2811349043147906,,False,,1,
p6_vdd_phase6.3_vdd_nominal_125,p6_vdd_fixed_chip1,mc_phase6_voltage_ber.py,phase6.3_vdd_nominal,2026-07-27,1.0,real_bsim_ptm,simulated,False,3.2,0.045,4,4.5,11.86,27.0,1.0,,60.0,,controlled_tattoo_stress,,digital_tattoo_message,tattoo_bit1,tattoo_bit1,1.0,125.0,,,0.23333248035056003,,False,,1,
p6_vdd_phase6.3_vdd_low_125,p6_vdd_fixed_chip1,mc_phase6_voltage_ber.py,phase6.3_vdd_low,2026-07-27,1.0,real_bsim_ptm,simulated,False,3.2,0.045,4,4.5,11.86,27.0,0.9,,60.0,,controlled_tattoo_stress,,digital_tattoo_message,tattoo_bit1,tattoo_bit1,1.0,125.0,,,0.2324115736950086,,False,,1,
p6_vdd_phase6.3_vdd_high_125,p6_vdd_fixed_chip1,mc_phase6_voltage_ber.py,phase6.3_vdd_high,2026-07-27,1.0,real_bsim_ptm,simulated,False,3.2,0.045,4,4.5,11.86,27.0,1.1,,60.0,,controlled_tattoo_stress,,digital_tattoo_message,tattoo_bit1,tattoo_bit1,1.0,125.0,,,0.23426211181459647,,False,,1,
p6_vdd_phase6.3_vdd_nominal_126,p6_vdd_fixed_chip1,mc_phase6_voltage_ber.py,phase6.3_vdd_nominal,2026-07-27,1.0,real_bsim_ptm,simulated,False,3.2,0.045,4,4.5,11.86,27.0,1.0,,60.0,,controlled_tattoo_stress,,digital_tattoo_message,tattoo_bit1,tattoo_bit1,1.0,126.0,,,0.17015480969385444,,False,,1,
p6_vdd_phase6.3_vdd_low_126,p6_vdd_fixed_chip1,mc_phase6_voltage_ber.py,phase6.3_vdd_low,2026-07-27,1.0,real_bsim_ptm,simulated,False,3.2,0.045,4,4.5,11.86,27.0,0.9,,60.0,,controlled_tattoo_stress,,digital_tattoo_message,tattoo_bit1,tattoo_bit1,1.0,126.0,,,0.16929890481025836,,False,,1,
p6_vdd_phase6.3_vdd_high_126,p6_vdd_fixed_chip1,mc_phase6_voltage_ber.py,phase6.3_vdd_high,2026-07-27,1.0,real_bsim_ptm,simulated,False,3.2,0.045,4,4.5,11.86,27.0,1.1,,60.0,,controlled_tattoo_stress,,digital_tattoo_message,tattoo_bit1,tattoo_bit1,1.0,126.0,,,0.17098867352687516,,False,,1,
p6_vdd_phase6.3_vdd_nominal_127,p6_vdd_fixed_chip1,mc_phase6_voltage_ber.py,phase6.3_vdd_nominal,2026-07-27,1.0,real_bsim_ptm,simulated,False,3.2,0.045,4,4.5,11.86,27.0,1.0,,0.0,,controlled_tattoo_stress,,digital_tattoo_message,tattoo_bit0,tattoo_bit0,0.0,127.0,,,0.9416193337222586,,False,,1,
p6_vdd_phase6.3_vdd_low_127,p6_vdd_fixed_chip1,mc_phase6_voltage_ber.py,phase6.3_vdd_low,2026-07-27,1.0,real_bsim_ptm,simulated,False,3.2,0.045,4,4.5,11.86,27.0,0.9,,0.0,,controlled_tattoo_stress,,digital_tattoo_message,tattoo_bit0,tattoo_bit0,0.0,127.0,,,0.9415976999106799,,False,,1,
p6_vdd_phase6.3_vdd_high_127,p6_vdd_fixed_chip1,mc_phase6_voltage_ber.py,phase6.3_vdd_high,2026-07-27,1.0,real_bsim_ptm,simulated,False,3.2,0.045,4,4.5,11.86,27.0,1.1,,0.0,,controlled_tattoo_stress,,digital_tattoo_message,tattoo_bit0,tattoo_bit0,0.0,127.0,,,0.9416426126074587,,False,,1,
p6_vdd_phase6.3_vdd_nominal_128,p6_vdd_fixed_chip1,mc_phase6_voltage_ber.py,phase6.3_vdd_nominal,2026-07-27,1.0,real_bsim_ptm,simulated,False,3.2,0.045,4,4.5,11.86,27.0,1.0,,0.0,,controlled_tattoo_stress,,digital_tattoo_message,tattoo_bit0,tattoo_bit0,0.0,128.0,,,1.0011980579001438,,False,,1,
p6_vdd_phase6.3_vdd_low_128,p6_vdd_fixed_chip1,mc_phase6_voltage_ber.py,phase6.3_vdd_low,2026-07-27,1.0,real_bsim_ptm,simulated,False,3.2,0.045,4,4.5,11.86,27.0,0.9,,0.0,,controlled_tattoo_stress,,digital_tattoo_message,tattoo_bit0,tattoo_bit0,0.0,128.0,,,1.0013108598140184,,False,,1,
p6_vdd_phase6.3_vdd_high_128,p6_vdd_fixed_chip1,mc_phase6_voltage_ber.py,phase6.3_vdd_high,2026-07-27,1.0,real_bsim_ptm,simulated,False,3.2,0.045,4,4.5,11.86,27.0,1.1,,0.0,,controlled_tattoo_stress,,digital_tattoo_message,tattoo_bit0,tattoo_bit0,0.0,128.0,,,1.0010702594631167,,False,,1,
p6_vdd_phase6.3_vdd_nominal_129,p6_vdd_fixed_chip1,mc_phase6_voltage_ber.py,phase6.3_vdd_nominal,2026-07-27,1.0,real_bsim_ptm,simulated,False,3.2,0.045,4,4.5,11.86,27.0,1.0,,60.0,,controlled_tattoo_stress,,digital_tattoo_message,tattoo_bit1,tattoo_bit1,1.0,129.0,,,0.12743356493793057,,False,,1,
p6_vdd_phase6.3_vdd_low_129,p6_vdd_fixed_chip1,mc_phase6_voltage_ber.py,phase6.3_vdd_low,2026-07-27,1.0,real_bsim_ptm,simulated,False,3.2,0.045,4,4.5,11.86,27.0,0.9,,60.0,,controlled_tattoo_stress,,digital_tattoo_message,tattoo_bit1,tattoo_bit1,1.0,129.0,,,0.1266924153181936,,False,,1,
p6_vdd_phase6.3_vdd_high_129,p6_vdd_fixed_chip1,mc_phase6_voltage_ber.py,phase6.3_vdd_high,2026-07-27,1.0,real_bsim_ptm,simulated,False,3.2,0.045,4,4.5,11.86,27.0,1.1,,60.0,,controlled_tattoo_stress,,digital_tattoo_message,tattoo_bit1,tattoo_bit1,1.0,129.0,,,0.12817001836841774,,False,,1,
p6_vdd_phase6.3_vdd_nominal_130,p6_vdd_fixed_chip1,mc_phase6_voltage_ber.py,phase6.3_vdd_nominal,2026-07-27,1.0,real_bsim_ptm,simulated,False,3.2,0.045,4,4.5,11.86,27.0,1.0,,60.0,,controlled_tattoo_stress,,digital_tattoo_message,tattoo_bit1,tattoo_bit1,1.0,130.0,,,0.16294112688372311,,False,,1,
p6_vdd_phase6.3_vdd_low_130,p6_vdd_fixed_chip1,mc_phase6_voltage_ber.py,phase6.3_vdd_low,2026-07-27,1.0,real_bsim_ptm,simulated,False,3.2,0.045,4,4.5,11.86,27.0,0.9,,60.0,,controlled_tattoo_stress,,digital_tattoo_message,tattoo_bit1,tattoo_bit1,1.0,130.0,,,0.16209884505495953,,False,,1,
p6_vdd_phase6.3_vdd_high_130,p6_vdd_fixed_chip1,mc_phase6_voltage_ber.py,phase6.3_vdd_high,2026-07-27,1.0,real_bsim_ptm,simulated,False,3.2,0.045,4,4.5,11.86,27.0,1.1,,60.0,,controlled_tattoo_stress,,digital_tattoo_message,tattoo_bit1,tattoo_bit1,1.0,130.0,,,0.16378462316567055,,False,,1,
p6_vdd_phase6.3_vdd_nominal_131,p6_vdd_fixed_chip1,mc_phase6_voltage_ber.py,phase6.3_vdd_nominal,2026-07-27,1.0,real_bsim_ptm,simulated,False,3.2,0.045,4,4.5,11.86,27.0,1.0,,0.0,,controlled_tattoo_stress,,digital_tattoo_message,tattoo_bit0,tattoo_bit0,0.0,131.0,,,1.3645510016582962,,False,,1,
p6_vdd_phase6.3_vdd_low_131,p6_vdd_fixed_chip1,mc_phase6_voltage_ber.py,phase6.3_vdd_low,2026-07-27,1.0,real_bsim_ptm,simulated,False,3.2,0.045,4,4.5,11.86,27.0,0.9,,0.0,,controlled_tattoo_stress,,digital_tattoo_message,tattoo_bit0,tattoo_bit0,0.0,131.0,,,1.366434209880723,,False,,1,
p6_vdd_phase6.3_vdd_high_131,p6_vdd_fixed_chip1,mc_phase6_voltage_ber.py,phase6.3_vdd_high,2026-07-27,1.0,real_bsim_ptm,simulated,False,3.2,0.045,4,4.5,11.86,27.0,1.1,,0.0,,controlled_tattoo_stress,,digital_tattoo_message,tattoo_bit0,tattoo_bit0,0.0,131.0,,,1.362470176437337,,False,,1,
p6_vdd_phase6.3_vdd_nominal_132,p6_vdd_fixed_chip1,mc_phase6_voltage_ber.py,phase6.3_vdd_nominal,2026-07-27,1.0,real_bsim_ptm,simulated,False,3.2,0.045,4,4.5,11.86,27.0,1.0,,0.0,,controlled_tattoo_stress,,digital_tattoo_message,tattoo_bit0,tattoo_bit0,0.0,132.0,,,1.3497442204434638,,False,,1,
p6_vdd_phase6.3_vdd_low_132,p6_vdd_fixed_chip1,mc_phase6_voltage_ber.py,phase6.3_vdd_low,2026-07-27,1.0,real_bsim_ptm,simulated,False,3.2,0.045,4,4.5,11.86,27.0,0.9,,0.0,,controlled_tattoo_stress,,digital_tattoo_message,tattoo_bit0,tattoo_bit0,0.0,132.0,,,1.3510334496135386,,False,,1,
p6_vdd_phase6.3_vdd_high_132,p6_vdd_fixed_chip1,mc_phase6_voltage_ber.py,phase6.3_vdd_high,2026-07-27,1.0,real_bsim_ptm,simulated,False,3.2,0.045,4,4.5,11.86,27.0,1.1,,0.0,,controlled_tattoo_stress,,digital_tattoo_message,tattoo_bit0,tattoo_bit0,0.0,132.0,,,1.3483562012479058,,False,,1,
p6_vdd_phase6.3_vdd_nominal_133,p6_vdd_fixed_chip1,mc_phase6_voltage_ber.py,phase6.3_vdd_nominal,2026-07-27,1.0,real_bsim_ptm,simulated,False,3.2,0.045,4,4.5,11.86,27.0,1.0,,60.0,,controlled_tattoo_stress,,digital_tattoo_message,tattoo_bit1,tattoo_bit1,1.0,133.0,,,0.2619184164212746,,False,,1,
p6_vdd_phase6.3_vdd_low_133,p6_vdd_fixed_chip1,mc_phase6_voltage_ber.py,phase6.3_vdd_low,2026-07-27,1.0,real_bsim_ptm,simulated,False,3.2,0.045,4,4.5,11.86,27.0,0.9,,60.0,,controlled_tattoo_stress,,digital_tattoo_message,tattoo_bit1,tattoo_bit1,1.0,133.0,,,0.2610457792784109,,False,,1,
p6_vdd_phase6.3_vdd_high_133,p6_vdd_fixed_chip1,mc_phase6_voltage_ber.py,phase6.3_vdd_high,2026-07-27,1.0,real_bsim_ptm,simulated,False,3.2,0.045,4,4.5,11.86,27.0,1.1,,60.0,,controlled_tattoo_stress,,digital_tattoo_message,tattoo_bit1,tattoo_bit1,1.0,133.0,,,0.2627704378500291,,False,,1,
p6_vdd_phase6.3_vdd_nominal_134,p6_vdd_fixed_chip1,mc_phase6_voltage_ber.py,phase6.3_vdd_nominal,2026-07-27,1.0,real_bsim_ptm,simulated,False,3.2,0.045,4,4.5,11.86,27.0,1.0,,0.0,,controlled_tattoo_stress,,digital_tattoo_message,tattoo_bit0,tattoo_bit0,0.0,134.0,,,0.9853602593400487,,False,,1,
p6_vdd_phase6.3_vdd_low_134,p6_vdd_fixed_chip1,mc_phase6_voltage_ber.py,phase6.3_vdd_low,2026-07-27,1.0,real_bsim_ptm,simulated,False,3.2,0.045,4,4.5,11.86,27.0,0.9,,0.0,,controlled_tattoo_stress,,digital_tattoo_message,tattoo_bit0,tattoo_bit0,0.0,134.0,,,0.9857478427538544,,False,,1,
p6_vdd_phase6.3_vdd_high_134,p6_vdd_fixed_chip1,mc_phase6_voltage_ber.py,phase6.3_vdd_high,2026-07-27,1.0,real_bsim_ptm,simulated,False,3.2,0.045,4,4.5,11.86,27.0,1.1,,0.0,,controlled_tattoo_stress,,digital_tattoo_message,tattoo_bit0,tattoo_bit0,0.0,134.0,,,0.9849381495394921,,False,,1,
p6_vdd_phase6.3_vdd_nominal_135,p6_vdd_fixed_chip1,mc_phase6_voltage_ber.py,phase6.3_vdd_nominal,2026-07-27,1.0,real_bsim_ptm,simulated,False,3.2,0.045,4,4.5,11.86,27.0,1.0,,0.0,,controlled_tattoo_stress,,digital_tattoo_message,tattoo_bit0,tattoo_bit0,0.0,135.0,,,0.7776603002796911,,False,,1,
p6_vdd_phase6.3_vdd_low_135,p6_vdd_fixed_chip1,mc_phase6_voltage_ber.py,phase6.3_vdd_low,2026-07-27,1.0,real_bsim_ptm,simulated,False,3.2,0.045,4,4.5,11.86,27.0,0.9,,0.0,,controlled_tattoo_stress,,digital_tattoo_message,tattoo_bit0,tattoo_bit0,0.0,135.0,,,0.7771048695553988,,False,,1,
p6_vdd_phase6.3_vdd_high_135,p6_vdd_fixed_chip1,mc_phase6_voltage_ber.py,phase6.3_vdd_high,2026-07-27,1.0,real_bsim_ptm,simulated,False,3.2,0.045,4,4.5,11.86,27.0,1.1,,0.0,,controlled_tattoo_stress,,digital_tattoo_message,tattoo_bit0,tattoo_bit0,0.0,135.0,,,0.7782622270234498,,False,,1,
p6_vdd_phase6.3_vdd_nominal_136,p6_vdd_fixed_chip1,mc_phase6_voltage_ber.py,phase6.3_vdd_nominal,2026-07-27,1.0,real_bsim_ptm,simulated,False,3.2,0.045,4,4.5,11.86,27.0,1.0,,60.0,,controlled_tattoo_stress,,digital_tattoo_message,tattoo_bit1,tattoo_bit1,1.0,136.0,,,0.1987106156979535,,False,,1,
p6_vdd_phase6.3_vdd_low_136,p6_vdd_fixed_chip1,mc_phase6_voltage_ber.py,phase6.3_vdd_low,2026-07-27,1.0,real_bsim_ptm,simulated,False,3.2,0.045,4,4.5,11.86,27.0,0.9,,60.0,,controlled_tattoo_stress,,digital_tattoo_message,tattoo_bit1,tattoo_bit1,1.0,136.0,,,0.19780473867379209,,False,,1,
p6_vdd_phase6.3_vdd_high_136,p6_vdd_fixed_chip1,mc_phase6_voltage_ber.py,phase6.3_vdd_high,2026-07-27,1.0,real_bsim_ptm,simulated,False,3.2,0.045,4,4.5,11.86,27.0,1.1,,60.0,,controlled_tattoo_stress,,digital_tattoo_message,tattoo_bit1,tattoo_bit1,1.0,136.0,,,0.19960442422943558,,False,,1,
p6_vdd_phase6.3_vdd_nominal_137,p6_vdd_fixed_chip1,mc_phase6_voltage_ber.py,phase6.3_vdd_nominal,2026-07-27,1.0,real_bsim_ptm,simulated,False,3.2,0.045,4,4.5,11.86,27.0,1.0,,60.0,,controlled_tattoo_stress,,digital_tattoo_message,tattoo_bit1,tattoo_bit1,1.0,137.0,,,0.11467747509956513,,False,,1,
p6_vdd_phase6.3_vdd_low_137,p6_vdd_fixed_chip1,mc_phase6_voltage_ber.py,phase6.3_vdd_low,2026-07-27,1.0,real_bsim_ptm,simulated,False,3.2,0.045,4,4.5,11.86,27.0,0.9,,60.0,,controlled_tattoo_stress,,digital_tattoo_message,tattoo_bit1,tattoo_bit1,1.0,137.0,,,0.11396647250764172,,False,,1,
p6_vdd_phase6.3_vdd_high_137,p6_vdd_fixed_chip1,mc_phase6_voltage_ber.py,phase6.3_vdd_high,2026-07-27,1.0,real_bsim_ptm,simulated,False,3.2,0.045,4,4.5,11.86,27.0,1.1,,60.0,,controlled_tattoo_stress,,digital_tattoo_message,tattoo_bit1,tattoo_bit1,1.0,137.0,,,0.11536169986039994,,False,,1,
p6_vdd_phase6.3_vdd_nominal_138,p6_vdd_fixed_chip1,mc_phase6_voltage_ber.py,phase6.3_vdd_nominal,2026-07-27,1.0,real_bsim_ptm,simulated,False,3.2,0.045,4,4.5,11.86,27.0,1.0,,60.0,,controlled_tattoo_stress,,digital_tattoo_message,tattoo_bit1,tattoo_bit1,1.0,138.0,,,0.24192699008717683,,False,,1,
p6_vdd_phase6.3_vdd_low_138,p6_vdd_fixed_chip1,mc_phase6_voltage_ber.py,phase6.3_vdd_low,2026-07-27,1.0,real_bsim_ptm,simulated,False,3.2,0.045,4,4.5,11.86,27.0,0.9,,60.0,,controlled_tattoo_stress,,digital_tattoo_message,tattoo_bit1,tattoo_bit1,1.0,138.0,,,0.24100168109927458,,False,,1,
p6_vdd_phase6.3_vdd_high_138,p6_vdd_fixed_chip1,mc_phase6_voltage_ber.py,phase6.3_vdd_high,2026-07-27,1.0,real_bsim_ptm,simulated,False,3.2,0.045,4,4.5,11.86,27.0,1.1,,60.0,,controlled_tattoo_stress,,digital_tattoo_message,tattoo_bit1,tattoo_bit1,1.0,138.0,,,0.24280960806633559,,False,,1,
p6_vdd_phase6.3_vdd_nominal_139,p6_vdd_fixed_chip1,mc_phase6_voltage_ber.py,phase6.3_vdd_nominal,2026-07-27,1.0,real_bsim_ptm,simulated,False,3.2,0.045,4,4.5,11.86,27.0,1.0,,60.0,,controlled_tattoo_stress,,digital_tattoo_message,tattoo_bit1,tattoo_bit1,1.0,139.0,,,0.22123480002753848,,False,,1,
p6_vdd_phase6.3_vdd_low_139,p6_vdd_fixed_chip1,mc_phase6_voltage_ber.py,phase6.3_vdd_low,2026-07-27,1.0,real_bsim_ptm,simulated,False,3.2,0.045,4,4.5,11.86,27.0,0.9,,60.0,,controlled_tattoo_stress,,digital_tattoo_message,tattoo_bit1,tattoo_bit1,1.0,139.0,,,0.22031622816059646,,False,,1,
p6_vdd_phase6.3_vdd_high_139,p6_vdd_fixed_chip1,mc_phase6_voltage_ber.py,phase6.3_vdd_high,2026-07-27,1.0,real_bsim_ptm,simulated,False,3.2,0.045,4,4.5,11.86,27.0,1.1,,60.0,,controlled_tattoo_stress,,digital_tattoo_message,tattoo_bit1,tattoo_bit1,1.0,139.0,,,0.22213770074603206,,False,,1,
p6_vdd_phase6.3_vdd_nominal_140,p6_vdd_fixed_chip1,mc_phase6_voltage_ber.py,phase6.3_vdd_nominal,2026-07-27,1.0,real_bsim_ptm,simulated,False,3.2,0.045,4,4.5,11.86,27.0,1.0,,0.0,,controlled_tattoo_stress,,digital_tattoo_message,tattoo_bit0,tattoo_bit0,0.0,140.0,,,1.1225892807649078,,False,,1,
p6_vdd_phase6.3_vdd_low_140,p6_vdd_fixed_chip1,mc_phase6_voltage_ber.py,phase6.3_vdd_low,2026-07-27,1.0,real_bsim_ptm,simulated,False,3.2,0.045,4,4.5,11.86,27.0,0.9,,0.0,,controlled_tattoo_stress,,digital_tattoo_message,tattoo_bit0,tattoo_bit0,0.0,140.0,,,1.123546078972103,,False,,1,
p6_vdd_phase6.3_vdd_high_140,p6_vdd_fixed_chip1,mc_phase6_voltage_ber.py,phase6.3_vdd_high,2026-07-27,1.0,real_bsim_ptm,simulated,False,3.2,0.045,4,4.5,11.86,27.0,1.1,,0.0,,controlled_tattoo_stress,,digital_tattoo_message,tattoo_bit0,tattoo_bit0,0.0,140.0,,,1.121560500296446,,False,,1,
p6_vdd_phase6.3_vdd_nominal_141,p6_vdd_fixed_chip1,mc_phase6_voltage_ber.py,phase6.3_vdd_nominal,2026-07-27,1.0,real_bsim_ptm,simulated,False,3.2,0.045,4,4.5,11.86,27.0,1.0,,0.0,,controlled_tattoo_stress,,digital_tattoo_message,tattoo_bit0,tattoo_bit0,0.0,141.0,,,1.0731524714437388,,False,,1,
p6_vdd_phase6.3_vdd_low_141,p6_vdd_fixed_chip1,mc_phase6_voltage_ber.py,phase6.3_vdd_low,2026-07-27,1.0,real_bsim_ptm,simulated,False,3.2,0.045,4,4.5,11.86,27.0,0.9,,0.0,,controlled_tattoo_stress,,digital_tattoo_message,tattoo_bit0,tattoo_bit0,0.0,141.0,,,1.0735103973627544,,False,,1,
p6_vdd_phase6.3_vdd_high_141,p6_vdd_fixed_chip1,mc_phase6_voltage_ber.py,phase6.3_vdd_high,2026-07-27,1.0,real_bsim_ptm,simulated,False,3.2,0.045,4,4.5,11.86,27.0,1.1,,0.0,,controlled_tattoo_stress,,digital_tattoo_message,tattoo_bit0,tattoo_bit0,0.0,141.0,,,1.0727505751891742,,False,,1,
p6_vdd_phase6.3_vdd_nominal_142,p6_vdd_fixed_chip1,mc_phase6_voltage_ber.py,phase6.3_vdd_nominal,2026-07-27,1.0,real_bsim_ptm,simulated,False,3.2,0.045,4,4.5,11.86,27.0,1.0,,0.0,,controlled_tattoo_stress,,digital_tattoo_message,tattoo_bit0,tattoo_bit0,0.0,142.0,,,1.2424297079740427,,False,,1,
p6_vdd_phase6.3_vdd_low_142,p6_vdd_fixed_chip1,mc_phase6_voltage_ber.py,phase6.3_vdd_low,2026-07-27,1.0,real_bsim_ptm,simulated,False,3.2,0.045,4,4.5,11.86,27.0,0.9,,0.0,,controlled_tattoo_stress,,digital_tattoo_message,tattoo_bit0,tattoo_bit0,0.0,142.0,,,1.2437505983757804,,False,,1,
p6_vdd_phase6.3_vdd_high_142,p6_vdd_fixed_chip1,mc_phase6_voltage_ber.py,phase6.3_vdd_high,2026-07-27,1.0,real_bsim_ptm,simulated,False,3.2,0.045,4,4.5,11.86,27.0,1.1,,0.0,,controlled_tattoo_stress,,digital_tattoo_message,tattoo_bit0,tattoo_bit0,0.0,142.0,,,1.240976286450875,,False,,1,
p6_vdd_phase6.3_vdd_nominal_143,p6_vdd_fixed_chip1,mc_phase6_voltage_ber.py,phase6.3_vdd_nominal,2026-07-27,1.0,real_bsim_ptm,simulated,False,3.2,0.045,4,4.5,11.86,27.0,1.0,,60.0,,controlled_tattoo_stress,,digital_tattoo_message,tattoo_bit1,tattoo_bit1,1.0,143.0,,,0.31610708417375827,,False,,1,
p6_vdd_phase6.3_vdd_low_143,p6_vdd_fixed_chip1,mc_phase6_voltage_ber.py,phase6.3_vdd_low,2026-07-27,1.0,real_bsim_ptm,simulated,False,3.2,0.045,4,4.5,11.86,27.0,0.9,,60.0,,controlled_tattoo_stress,,digital_tattoo_message,tattoo_bit1,tattoo_bit1,1.0,143.0,,,0.31510794748096466,,False,,1,
p6_vdd_phase6.3_vdd_high_143,p6_vdd_fixed_chip1,mc_phase6_voltage_ber.py,phase6.3_vdd_high,2026-07-27,1.0,real_bsim_ptm,simulated,False,3.2,0.045,4,4.5,11.86,27.0,1.1,,60.0,,controlled_tattoo_stress,,digital_tattoo_message,tattoo_bit1,tattoo_bit1,1.0,143.0,,,0.3170806000059634,,False,,1,
p6_vdd_phase6.3_vdd_nominal_144,p6_vdd_fixed_chip1,mc_phase6_voltage_ber.py,phase6.3_vdd_nominal,2026-07-27,1.0,real_bsim_ptm,simulated,False,3.2,0.045,4,4.5,11.86,27.0,1.0,,60.0,,controlled_tattoo_stress,,digital_tattoo_message,tattoo_bit1,tattoo_bit1,1.0,144.0,,,0.2799678682929348,,False,,1,
p6_vdd_phase6.3_vdd_low_144,p6_vdd_fixed_chip1,mc_phase6_voltage_ber.py,phase6.3_vdd_low,2026-07-27,1.0,real_bsim_ptm,simulated,False,3.2,0.045,4,4.5,11.86,27.0,0.9,,60.0,,controlled_tattoo_stress,,digital_tattoo_message,tattoo_bit1,tattoo_bit1,1.0,144.0,,,0.2791794127146634,,False,,1,
p6_vdd_phase6.3_vdd_high_144,p6_vdd_fixed_chip1,mc_phase6_voltage_ber.py,phase6.3_vdd_high,2026-07-27,1.0,real_bsim_ptm,simulated,False,3.2,0.045,4,4.5,11.86,27.0,1.1,,60.0,,controlled_tattoo_stress,,digital_tattoo_message,tattoo_bit1,tattoo_bit1,1.0,144.0,,,0.2807329720932762,,False,,1,
p6_vdd_phase6.3_vdd_nominal_145,p6_vdd_fixed_chip1,mc_phase6_voltage_ber.py,phase6.3_vdd_nominal,2026-07-27,1.0,real_bsim_ptm,simulated,False,3.2,0.045,4,4.5,11.86,27.0,1.0,,60.0,,controlled_tattoo_stress,,digital_tattoo_message,tattoo_bit1,tattoo_bit1,1.0,145.0,,,0.1857128642684507,,False,,1,
p6_vdd_phase6.3_vdd_low_145,p6_vdd_fixed_chip1,mc_phase6_voltage_ber.py,phase6.3_vdd_low,2026-07-27,1.0,real_bsim_ptm,simulated,False,3.2,0.045,4,4.5,11.86,27.0,0.9,,60.0,,controlled_tattoo_stress,,digital_tattoo_message,tattoo_bit1,tattoo_bit1,1.0,145.0,,,0.18485208229073072,,False,,1,
p6_vdd_phase6.3_vdd_high_145,p6_vdd_fixed_chip1,mc_phase6_voltage_ber.py,phase6.3_vdd_high,2026-07-27,1.0,real_bsim_ptm,simulated,False,3.2,0.045,4,4.5,11.86,27.0,1.1,,60.0,,controlled_tattoo_stress,,digital_tattoo_message,tattoo_bit1,tattoo_bit1,1.0,145.0,,,0.1865485476445637,,False,,1,
p6_vdd_phase6.3_vdd_nominal_146,p6_vdd_fixed_chip1,mc_phase6_voltage_ber.py,phase6.3_vdd_nominal,2026-07-27,1.0,real_bsim_ptm,simulated,False,3.2,0.045,4,4.5,11.86,27.0,1.0,,0.0,,controlled_tattoo_stress,,digital_tattoo_message,tattoo_bit0,tattoo_bit0,0.0,146.0,,,1.3815943263675687,,False,,1,
p6_vdd_phase6.3_vdd_low_146,p6_vdd_fixed_chip1,mc_phase6_voltage_ber.py,phase6.3_vdd_low,2026-07-27,1.0,real_bsim_ptm,simulated,False,3.2,0.045,4,4.5,11.86,27.0,0.9,,0.0,,controlled_tattoo_stress,,digital_tattoo_message,tattoo_bit0,tattoo_bit0,0.0,146.0,,,1.3834277691729528,,False,,1,
p6_vdd_phase6.3_vdd_high_146,p6_vdd_fixed_chip1,mc_phase6_voltage_ber.py,phase6.3_vdd_high,2026-07-27,1.0,real_bsim_ptm,simulated,False,3.2,0.045,4,4.5,11.86,27.0,1.1,,0.0,,controlled_tattoo_stress,,digital_tattoo_message,tattoo_bit0,tattoo_bit0,0.0,146.0,,,1.3795989491844418,,False,,1,
p6_vdd_phase6.3_vdd_nominal_147,p6_vdd_fixed_chip1,mc_phase6_voltage_ber.py,phase6.3_vdd_nominal,2026-07-27,1.0,real_bsim_ptm,simulated,False,3.2,0.045,4,4.5,11.86,27.0,1.0,,0.0,,controlled_tattoo_stress,,digital_tattoo_message,tattoo_bit0,tattoo_bit0,0.0,147.0,,,0.864106633361862,,False,,1,
p6_vdd_phase6.3_vdd_low_147,p6_vdd_fixed_chip1,mc_phase6_voltage_ber.py,phase6.3_vdd_low,2026-07-27,1.0,real_bsim_ptm,simulated,False,3.2,0.045,4,4.5,11.86,27.0,0.9,,0.0,,controlled_tattoo_stress,,digital_tattoo_message,tattoo_bit0,tattoo_bit0,0.0,147.0,,,0.8640577041206254,,False,,1,
p6_vdd_phase6.3_vdd_high_147,p6_vdd_fixed_chip1,mc_phase6_voltage_ber.py,phase6.3_vdd_high,2026-07-27,1.0,real_bsim_ptm,simulated,False,3.2,0.045,4,4.5,11.86,27.0,1.1,,0.0,,controlled_tattoo_stress,,digital_tattoo_message,tattoo_bit0,tattoo_bit0,0.0,147.0,,,0.8641451641316977,,False,,1,
p6_vdd_phase6.3_vdd_nominal_148,p6_vdd_fixed_chip1,mc_phase6_voltage_ber.py,phase6.3_vdd_nominal,2026-07-27,1.0,real_bsim_ptm,simulated,False,3.2,0.045,4,4.5,11.86,27.0,1.0,,0.0,,controlled_tattoo_stress,,digital_tattoo_message,tattoo_bit0,tattoo_bit0,0.0,148.0,,,1.0373736764834578,,False,,1,
p6_vdd_phase6.3_vdd_low_148,p6_vdd_fixed_chip1,mc_phase6_voltage_ber.py,phase6.3_vdd_low,2026-07-27,1.0,real_bsim_ptm,simulated,False,3.2,0.045,4,4.5,11.86,27.0,0.9,,0.0,,controlled_tattoo_stress,,digital_tattoo_message,tattoo_bit0,tattoo_bit0,0.0,148.0,,,1.0379477242018524,,False,,1,
p6_vdd_phase6.3_vdd_high_148,p6_vdd_fixed_chip1,mc_phase6_voltage_ber.py,phase6.3_vdd_high,2026-07-27,1.0,real_bsim_ptm,simulated,False,3.2,0.045,4,4.5,11.86,27.0,1.1,,0.0,,controlled_tattoo_stress,,digital_tattoo_message,tattoo_bit0,tattoo_bit0,0.0,148.0,,,1.0367320779452067,,False,,1,
p6_vdd_phase6.3_vdd_nominal_149,p6_vdd_fixed_chip1,mc_phase6_voltage_ber.py,phase6.3_vdd_nominal,2026-07-27,1.0,real_bsim_ptm,simulated,False,3.2,0.045,4,4.5,11.86,27.0,1.0,,0.0,,controlled_tattoo_stress,,digital_tattoo_message,tattoo_bit0,tattoo_bit0,0.0,149.0,,,1.2131127567583733,,False,,1,
p6_vdd_phase6.3_vdd_low_149,p6_vdd_fixed_chip1,mc_phase6_voltage_ber.py,phase6.3_vdd_low,2026-07-27,1.0,real_bsim_ptm,simulated,False,3.2,0.045,4,4.5,11.86,27.0,0.9,,0.0,,controlled_tattoo_stress,,digital_tattoo_message,tattoo_bit0,tattoo_bit0,0.0,149.0,,,1.2140060217349382,,False,,1,
p6_vdd_phase6.3_vdd_high_149,p6_vdd_fixed_chip1,mc_phase6_voltage_ber.py,phase6.3_vdd_high,2026-07-27,1.0,real_bsim_ptm,simulated,False,3.2,0.045,4,4.5,11.86,27.0,1.1,,0.0,,controlled_tattoo_stress,,digital_tattoo_message,tattoo_bit0,tattoo_bit0,0.0,149.0,,,1.212166793518991,,False,,1,
p6_vdd_phase6.3_vdd_nominal_150,p6_vdd_fixed_chip1,mc_phase6_voltage_ber.py,phase6.3_vdd_nominal,2026-07-27,1.0,real_bsim_ptm,simulated,False,3.2,0.045,4,4.5,11.86,27.0,1.0,,0.0,,controlled_tattoo_stress,,digital_tattoo_message,tattoo_bit0,tattoo_bit0,0.0,150.0,,,0.6348820075588004,,False,,1,
p6_vdd_phase6.3_vdd_low_150,p6_vdd_fixed_chip1,mc_phase6_voltage_ber.py,phase6.3_vdd_low,2026-07-27,1.0,real_bsim_ptm,simulated,False,3.2,0.045,4,4.5,11.86,27.0,0.9,,0.0,,controlled_tattoo_stress,,digital_tattoo_message,tattoo_bit0,tattoo_bit0,0.0,150.0,,,0.634072307859725,,False,,1,
p6_vdd_phase6.3_vdd_high_150,p6_vdd_fixed_chip1,mc_phase6_voltage_ber.py,phase6.3_vdd_high,2026-07-27,1.0,real_bsim_ptm,simulated,False,3.2,0.045,4,4.5,11.86,27.0,1.1,,0.0,,controlled_tattoo_stress,,digital_tattoo_message,tattoo_bit0,tattoo_bit0,0.0,150.0,,,0.6357586523082823,,False,,1,
p6_vdd_phase6.3_vdd_nominal_151,p6_vdd_fixed_chip1,mc_phase6_voltage_ber.py,phase6.3_vdd_nominal,2026-07-27,1.0,real_bsim_ptm,simulated,False,3.2,0.045,4,4.5,11.86,27.0,1.0,,0.0,,controlled_tattoo_stress,,digital_tattoo_message,tattoo_bit0,tattoo_bit0,0.0,151.0,,,1.1752655842381976,,False,,1,
p6_vdd_phase6.3_vdd_low_151,p6_vdd_fixed_chip1,mc_phase6_voltage_ber.py,phase6.3_vdd_low,2026-07-27,1.0,real_bsim_ptm,simulated,False,3.2,0.045,4,4.5,11.86,27.0,0.9,,0.0,,controlled_tattoo_stress,,digital_tattoo_message,tattoo_bit0,tattoo_bit0,0.0,151.0,,,1.176035407231287,,False,,1,
p6_vdd_phase6.3_vdd_high_151,p6_vdd_fixed_chip1,mc_phase6_voltage_ber.py,phase6.3_vdd_high,2026-07-27,1.0,real_bsim_ptm,simulated,False,3.2,0.045,4,4.5,11.86,27.0,1.1,,0.0,,controlled_tattoo_stress,,digital_tattoo_message,tattoo_bit0,tattoo_bit0,0.0,151.0,,,1.174438840715116,,False,,1,
p6_vdd_phase6.3_vdd_nominal_152,p6_vdd_fixed_chip1,mc_phase6_voltage_ber.py,phase6.3_vdd_nominal,2026-07-27,1.0,real_bsim_ptm,simulated,False,3.2,0.045,4,4.5,11.86,27.0,1.0,,60.0,,controlled_tattoo_stress,,digital_tattoo_message,tattoo_bit1,tattoo_bit1,1.0,152.0,,,0.16755917487907868,,False,,1,
p6_vdd_phase6.3_vdd_low_152,p6_vdd_fixed_chip1,mc_phase6_voltage_ber.py,phase6.3_vdd_low,2026-07-27,1.0,real_bsim_ptm,simulated,False,3.2,0.045,4,4.5,11.86,27.0,0.9,,60.0,,controlled_tattoo_stress,,digital_tattoo_message,tattoo_bit1,tattoo_bit1,1.0,152.0,,,0.16671344783787212,,False,,1,
p6_vdd_phase6.3_vdd_high_152,p6_vdd_fixed_chip1,mc_phase6_voltage_ber.py,phase6.3_vdd_high,2026-07-27,1.0,real_bsim_ptm,simulated,False,3.2,0.045,4,4.5,11.86,27.0,1.1,,60.0,,controlled_tattoo_stress,,digital_tattoo_message,tattoo_bit1,tattoo_bit1,1.0,152.0,,,0.16838612088418714,,False,,1,
p6_vdd_phase6.3_vdd_nominal_153,p6_vdd_fixed_chip1,mc_phase6_voltage_ber.py,phase6.3_vdd_nominal,2026-07-27,1.0,real_bsim_ptm,simulated,False,3.2,0.045,4,4.5,11.86,27.0,1.0,,0.0,,controlled_tattoo_stress,,digital_tattoo_message,tattoo_bit0,tattoo_bit0,0.0,153.0,,,1.139996650231262,,False,,1,
p6_vdd_phase6.3_vdd_low_153,p6_vdd_fixed_chip1,mc_phase6_voltage_ber.py,phase6.3_vdd_low,2026-07-27,1.0,real_bsim_ptm,simulated,False,3.2,0.045,4,4.5,11.86,27.0,0.9,,0.0,,controlled_tattoo_stress,,digital_tattoo_message,tattoo_bit0,tattoo_bit0,0.0,153.0,,,1.1408876710436673,,False,,1,
p6_vdd_phase6.3_vdd_high_153,p6_vdd_fixed_chip1,mc_phase6_voltage_ber.py,phase6.3_vdd_high,2026-07-27,1.0,real_bsim_ptm,simulated,False,3.2,0.045,4,4.5,11.86,27.0,1.1,,0.0,,controlled_tattoo_stress,,digital_tattoo_message,tattoo_bit0,tattoo_bit0,0.0,153.0,,,1.1390035477034408,,False,,1,
p6_vdd_phase6.3_vdd_nominal_154,p6_vdd_fixed_chip1,mc_phase6_voltage_ber.py,phase6.3_vdd_nominal,2026-07-27,1.0,real_bsim_ptm,simulated,False,3.2,0.045,4,4.5,11.86,27.0,1.0,,60.0,,controlled_tattoo_stress,,digital_tattoo_message,tattoo_bit1,tattoo_bit1,1.0,154.0,,,0.18363358245058675,,False,,1,
p6_vdd_phase6.3_vdd_low_154,p6_vdd_fixed_chip1,mc_phase6_voltage_ber.py,phase6.3_vdd_low,2026-07-27,1.0,real_bsim_ptm,simulated,False,3.2,0.045,4,4.5,11.86,27.0,0.9,,60.0,,controlled_tattoo_stress,,digital_tattoo_message,tattoo_bit1,tattoo_bit1,1.0,154.0,,,0.1827562303428638,,False,,1,
p6_vdd_phase6.3_vdd_high_154,p6_vdd_fixed_chip1,mc_phase6_voltage_ber.py,phase6.3_vdd_high,2026-07-27,1.0,real_bsim_ptm,simulated,False,3.2,0.045,4,4.5,11.86,27.0,1.1,,60.0,,controlled_tattoo_stress,,digital_tattoo_message,tattoo_bit1,tattoo_bit1,1.0,154.0,,,0.1845278335610666,,False,,1,
p6_vdd_phase6.3_vdd_nominal_155,p6_vdd_fixed_chip1,mc_phase6_voltage_ber.py,phase6.3_vdd_nominal,2026-07-27,1.0,real_bsim_ptm,simulated,False,3.2,0.045,4,4.5,11.86,27.0,1.0,,0.0,,controlled_tattoo_stress,,digital_tattoo_message,tattoo_bit0,tattoo_bit0,0.0,155.0,,,0.8312169159362206,,False,,1,
p6_vdd_phase6.3_vdd_low_155,p6_vdd_fixed_chip1,mc_phase6_voltage_ber.py,phase6.3_vdd_low,2026-07-27,1.0,real_bsim_ptm,simulated,False,3.2,0.045,4,4.5,11.86,27.0,0.9,,0.0,,controlled_tattoo_stress,,digital_tattoo_message,tattoo_bit0,tattoo_bit0,0.0,155.0,,,0.8307685789803103,,False,,1,
p6_vdd_phase6.3_vdd_high_155,p6_vdd_fixed_chip1,mc_phase6_voltage_ber.py,phase6.3_vdd_high,2026-07-27,1.0,real_bsim_ptm,simulated,False,3.2,0.045,4,4.5,11.86,27.0,1.1,,0.0,,controlled_tattoo_stress,,digital_tattoo_message,tattoo_bit0,tattoo_bit0,0.0,155.0,,,0.8317119961445407,,False,,1,
p6_vdd_phase6.3_vdd_nominal_156,p6_vdd_fixed_chip1,mc_phase6_voltage_ber.py,phase6.3_vdd_nominal,2026-07-27,1.0,real_bsim_ptm,simulated,False,3.2,0.045,4,4.5,11.86,27.0,1.0,,60.0,,controlled_tattoo_stress,,digital_tattoo_message,tattoo_bit1,tattoo_bit1,1.0,156.0,,,0.262948493630941,,False,,1,
p6_vdd_phase6.3_vdd_low_156,p6_vdd_fixed_chip1,mc_phase6_voltage_ber.py,phase6.3_vdd_low,2026-07-27,1.0,real_bsim_ptm,simulated,False,3.2,0.045,4,4.5,11.86,27.0,0.9,,60.0,,controlled_tattoo_stress,,digital_tattoo_message,tattoo_bit1,tattoo_bit1,1.0,156.0,,,0.2619704045891503,,False,,1,
p6_vdd_phase6.3_vdd_high_156,p6_vdd_fixed_chip1,mc_phase6_voltage_ber.py,phase6.3_vdd_high,2026-07-27,1.0,real_bsim_ptm,simulated,False,3.2,0.045,4,4.5,11.86,27.0,1.1,,60.0,,controlled_tattoo_stress,,digital_tattoo_message,tattoo_bit1,tattoo_bit1,1.0,156.0,,,0.2639473249101756,,False,,1,
p6_vdd_phase6.3_vdd_nominal_157,p6_vdd_fixed_chip1,mc_phase6_voltage_ber.py,phase6.3_vdd_nominal,2026-07-27,1.0,real_bsim_ptm,simulated,False,3.2,0.045,4,4.5,11.86,27.0,1.0,,0.0,,controlled_tattoo_stress,,digital_tattoo_message,tattoo_bit0,tattoo_bit0,0.0,157.0,,,1.2240656745875813,,False,,1,
p6_vdd_phase6.3_vdd_low_157,p6_vdd_fixed_chip1,mc_phase6_voltage_ber.py,phase6.3_vdd_low,2026-07-27,1.0,real_bsim_ptm,simulated,False,3.2,0.045,4,4.5,11.86,27.0,0.9,,0.0,,controlled_tattoo_stress,,digital_tattoo_message,tattoo_bit0,tattoo_bit0,0.0,157.0,,,1.224868766796236,,False,,1,
p6_vdd_phase6.3_vdd_high_157,p6_vdd_fixed_chip1,mc_phase6_voltage_ber.py,phase6.3_vdd_high,2026-07-27,1.0,real_bsim_ptm,simulated,False,3.2,0.045,4,4.5,11.86,27.0,1.1,,0.0,,controlled_tattoo_stress,,digital_tattoo_message,tattoo_bit0,tattoo_bit0,0.0,157.0,,,1.223201889359272,,False,,1,
p6_vdd_phase6.3_vdd_nominal_158,p6_vdd_fixed_chip1,mc_phase6_voltage_ber.py,phase6.3_vdd_nominal,2026-07-27,1.0,real_bsim_ptm,simulated,False,3.2,0.045,4,4.5,11.86,27.0,1.0,,60.0,,controlled_tattoo_stress,,digital_tattoo_message,tattoo_bit1,tattoo_bit1,1.0,158.0,,,0.2826411840899972,,False,,1,
p6_vdd_phase6.3_vdd_low_158,p6_vdd_fixed_chip1,mc_phase6_voltage_ber.py,phase6.3_vdd_low,2026-07-27,1.0,real_bsim_ptm,simulated,False,3.2,0.045,4,4.5,11.86,27.0,0.9,,60.0,,controlled_tattoo_stress,,digital_tattoo_message,tattoo_bit1,tattoo_bit1,1.0,158.0,,,0.28164547508737314,,False,,1,
p6_vdd_phase6.3_vdd_high_158,p6_vdd_fixed_chip1,mc_phase6_voltage_ber.py,phase6.3_vdd_high,2026-07-27,1.0,real_bsim_ptm,simulated,False,3.2,0.045,4,4.5,11.86,27.0,1.1,,60.0,,controlled_tattoo_stress,,digital_tattoo_message,tattoo_bit1,tattoo_bit1,1.0,158.0,,,0.2836155387554353,,False,,1,
p6_vdd_phase6.3_vdd_nominal_159,p6_vdd_fixed_chip1,mc_phase6_voltage_ber.py,phase6.3_vdd_nominal,2026-07-27,1.0,real_bsim_ptm,simulated,False,3.2,0.045,4,4.5,11.86,27.0,1.0,,60.0,,controlled_tattoo_stress,,digital_tattoo_message,tattoo_bit1,tattoo_bit1,1.0,159.0,,,0.14798588273114047,,False,,1,
p6_vdd_phase6.3_vdd_low_159,p6_vdd_fixed_chip1,mc_phase6_voltage_ber.py,phase6.3_vdd_low,2026-07-27,1.0,real_bsim_ptm,simulated,False,3.2,0.045,4,4.5,11.86,27.0,0.9,,60.0,,controlled_tattoo_stress,,digital_tattoo_message,tattoo_bit1,tattoo_bit1,1.0,159.0,,,0.14717264367572866,,False,,1,
p6_vdd_phase6.3_vdd_high_159,p6_vdd_fixed_chip1,mc_phase6_voltage_ber.py,phase6.3_vdd_high,2026-07-27,1.0,real_bsim_ptm,simulated,False,3.2,0.045,4,4.5,11.86,27.0,1.1,,60.0,,controlled_tattoo_stress,,digital_tattoo_message,tattoo_bit1,tattoo_bit1,1.0,159.0,,,0.1487611788565411,,False,,1,
p6_vdd_phase6.3_vdd_nominal_160,p6_vdd_fixed_chip1,mc_phase6_voltage_ber.py,phase6.3_vdd_nominal,2026-07-27,1.0,real_bsim_ptm,simulated,False,3.2,0.045,4,4.5,11.86,27.0,1.0,,0.0,,controlled_tattoo_stress,,digital_tattoo_message,tattoo_bit0,tattoo_bit0,0.0,160.0,,,1.2741727999668777,,False,,1,
p6_vdd_phase6.3_vdd_low_160,p6_vdd_fixed_chip1,mc_phase6_voltage_ber.py,phase6.3_vdd_low,2026-07-27,1.0,real_bsim_ptm,simulated,False,3.2,0.045,4,4.5,11.86,27.0,0.9,,0.0,,controlled_tattoo_stress,,digital_tattoo_message,tattoo_bit0,tattoo_bit0,0.0,160.0,,,1.2751258707573982,,False,,1,
p6_vdd_phase6.3_vdd_high_160,p6_vdd_fixed_chip1,mc_phase6_voltage_ber.py,phase6.3_vdd_high,2026-07-27,1.0,real_bsim_ptm,simulated,False,3.2,0.045,4,4.5,11.86,27.0,1.1,,0.0,,controlled_tattoo_stress,,digital_tattoo_message,tattoo_bit0,tattoo_bit0,0.0,160.0,,,1.2731376246676276,,False,,1,
p6_vdd_phase6.3_vdd_nominal_161,p6_vdd_fixed_chip1,mc_phase6_voltage_ber.py,phase6.3_vdd_nominal,2026-07-27,1.0,real_bsim_ptm,simulated,False,3.2,0.045,4,4.5,11.86,27.0,1.0,,60.0,,controlled_tattoo_stress,,digital_tattoo_message,tattoo_bit1,tattoo_bit1,1.0,161.0,,,0.18984739579965404,,False,,1,
p6_vdd_phase6.3_vdd_low_161,p6_vdd_fixed_chip1,mc_phase6_voltage_ber.py,phase6.3_vdd_low,2026-07-27,1.0,real_bsim_ptm,simulated,False,3.2,0.045,4,4.5,11.86,27.0,0.9,,60.0,,controlled_tattoo_stress,,digital_tattoo_message,tattoo_bit1,tattoo_bit1,1.0,161.0,,,0.1889779477799341,,False,,1,
p6_vdd_phase6.3_vdd_high_161,p6_vdd_fixed_chip1,mc_phase6_voltage_ber.py,phase6.3_vdd_high,2026-07-27,1.0,real_bsim_ptm,simulated,False,3.2,0.045,4,4.5,11.86,27.0,1.1,,60.0,,controlled_tattoo_stress,,digital_tattoo_message,tattoo_bit1,tattoo_bit1,1.0,161.0,,,0.19068623466386772,,False,,1,
p6_vdd_phase6.3_vdd_nominal_162,p6_vdd_fixed_chip1,mc_phase6_voltage_ber.py,phase6.3_vdd_nominal,2026-07-27,1.0,real_bsim_ptm,simulated,False,3.2,0.045,4,4.5,11.86,27.0,1.0,,0.0,,controlled_tattoo_stress,,digital_tattoo_message,tattoo_bit0,tattoo_bit0,0.0,162.0,,,1.1064905927840163,,False,,1,
p6_vdd_phase6.3_vdd_low_162,p6_vdd_fixed_chip1,mc_phase6_voltage_ber.py,phase6.3_vdd_low,2026-07-27,1.0,real_bsim_ptm,simulated,False,3.2,0.045,4,4.5,11.86,27.0,0.9,,0.0,,controlled_tattoo_stress,,digital_tattoo_message,tattoo_bit0,tattoo_bit0,0.0,162.0,,,1.1068378208600427,,False,,1,
p6_vdd_phase6.3_vdd_high_162,p6_vdd_fixed_chip1,mc_phase6_voltage_ber.py,phase6.3_vdd_high,2026-07-27,1.0,real_bsim_ptm,simulated,False,3.2,0.045,4,4.5,11.86,27.0,1.1,,0.0,,controlled_tattoo_stress,,digital_tattoo_message,tattoo_bit0,tattoo_bit0,0.0,162.0,,,1.1061096113121058,,False,,1,
p6_vdd_phase6.3_vdd_nominal_163,p6_vdd_fixed_chip1,mc_phase6_voltage_ber.py,phase6.3_vdd_nominal,2026-07-27,1.0,real_bsim_ptm,simulated,False,3.2,0.045,4,4.5,11.86,27.0,1.0,,0.0,,controlled_tattoo_stress,,digital_tattoo_message,tattoo_bit0,tattoo_bit0,0.0,163.0,,,1.1885607222363435,,False,,1,
p6_vdd_phase6.3_vdd_low_163,p6_vdd_fixed_chip1,mc_phase6_voltage_ber.py,phase6.3_vdd_low,2026-07-27,1.0,real_bsim_ptm,simulated,False,3.2,0.045,4,4.5,11.86,27.0,0.9,,0.0,,controlled_tattoo_stress,,digital_tattoo_message,tattoo_bit0,tattoo_bit0,0.0,163.0,,,1.1895997431324774,,False,,1,
p6_vdd_phase6.3_vdd_high_163,p6_vdd_fixed_chip1,mc_phase6_voltage_ber.py,phase6.3_vdd_high,2026-07-27,1.0,real_bsim_ptm,simulated,False,3.2,0.045,4,4.5,11.86,27.0,1.1,,0.0,,controlled_tattoo_stress,,digital_tattoo_message,tattoo_bit0,tattoo_bit0,0.0,163.0,,,1.1874417912965478,,False,,1,
p6_vdd_phase6.3_vdd_nominal_164,p6_vdd_fixed_chip1,mc_phase6_voltage_ber.py,phase6.3_vdd_nominal,2026-07-27,1.0,real_bsim_ptm,simulated,False,3.2,0.045,4,4.5,11.86,27.0,1.0,,60.0,,controlled_tattoo_stress,,digital_tattoo_message,tattoo_bit1,tattoo_bit1,1.0,164.0,,,0.2542157898572964,,False,,1,
p6_vdd_phase6.3_vdd_low_164,p6_vdd_fixed_chip1,mc_phase6_voltage_ber.py,phase6.3_vdd_low,2026-07-27,1.0,real_bsim_ptm,simulated,False,3.2,0.045,4,4.5,11.86,27.0,0.9,,60.0,,controlled_tattoo_stress,,digital_tattoo_message,tattoo_bit1,tattoo_bit1,1.0,164.0,,,0.2533240470693744,,False,,1,
p6_vdd_phase6.3_vdd_high_164,p6_vdd_fixed_chip1,mc_phase6_voltage_ber.py,phase6.3_vdd_high,2026-07-27,1.0,real_bsim_ptm,simulated,False,3.2,0.045,4,4.5,11.86,27.0,1.1,,60.0,,controlled_tattoo_stress,,digital_tattoo_message,tattoo_bit1,tattoo_bit1,1.0,164.0,,,0.25508647939868545,,False,,1,
p6_vdd_phase6.3_vdd_nominal_165,p6_vdd_fixed_chip1,mc_phase6_voltage_ber.py,phase6.3_vdd_nominal,2026-07-27,1.0,real_bsim_ptm,simulated,False,3.2,0.045,4,4.5,11.86,27.0,1.0,,0.0,,controlled_tattoo_stress,,digital_tattoo_message,tattoo_bit0,tattoo_bit0,0.0,165.0,,,0.9950823615082542,,False,,1,
p6_vdd_phase6.3_vdd_low_165,p6_vdd_fixed_chip1,mc_phase6_voltage_ber.py,phase6.3_vdd_low,2026-07-27,1.0,real_bsim_ptm,simulated,False,3.2,0.045,4,4.5,11.86,27.0,0.9,,0.0,,controlled_tattoo_stress,,digital_tattoo_message,tattoo_bit0,tattoo_bit0,0.0,165.0,,,0.9952350157360692,,False,,1,
p6_vdd_phase6.3_vdd_high_165,p6_vdd_fixed_chip1,mc_phase6_voltage_ber.py,phase6.3_vdd_high,2026-07-27,1.0,real_bsim_ptm,simulated,False,3.2,0.045,4,4.5,11.86,27.0,1.1,,0.0,,controlled_tattoo_stress,,digital_tattoo_message,tattoo_bit0,tattoo_bit0,0.0,165.0,,,0.9949056997167942,,False,,1,
p6_vdd_phase6.3_vdd_nominal_166,p6_vdd_fixed_chip1,mc_phase6_voltage_ber.py,phase6.3_vdd_nominal,2026-07-27,1.0,real_bsim_ptm,simulated,False,3.2,0.045,4,4.5,11.86,27.0,1.0,,60.0,,controlled_tattoo_stress,,digital_tattoo_message,tattoo_bit1,tattoo_bit1,1.0,166.0,,,0.17842766175696562,,False,,1,
p6_vdd_phase6.3_vdd_low_166,p6_vdd_fixed_chip1,mc_phase6_voltage_ber.py,phase6.3_vdd_low,2026-07-27,1.0,real_bsim_ptm,simulated,False,3.2,0.045,4,4.5,11.86,27.0,0.9,,60.0,,controlled_tattoo_stress,,digital_tattoo_message,tattoo_bit1,tattoo_bit1,1.0,166.0,,,0.1775480568968913,,False,,1,
p6_vdd_phase6.3_vdd_high_166,p6_vdd_fixed_chip1,mc_phase6_voltage_ber.py,phase6.3_vdd_high,2026-07-27,1.0,real_bsim_ptm,simulated,False,3.2,0.045,4,4.5,11.86,27.0,1.1,,60.0,,controlled_tattoo_stress,,digital_tattoo_message,tattoo_bit1,tattoo_bit1,1.0,166.0,,,0.17927631670177094,,False,,1,
p6_vdd_phase6.3_vdd_nominal_167,p6_vdd_fixed_chip1,mc_phase6_voltage_ber.py,phase6.3_vdd_nominal,2026-07-27,1.0,real_bsim_ptm,simulated,False,3.2,0.045,4,4.5,11.86,27.0,1.0,,60.0,,controlled_tattoo_stress,,digital_tattoo_message,tattoo_bit1,tattoo_bit1,1.0,167.0,,,0.2175448517562129,,False,,1,
p6_vdd_phase6.3_vdd_low_167,p6_vdd_fixed_chip1,mc_phase6_voltage_ber.py,phase6.3_vdd_low,2026-07-27,1.0,real_bsim_ptm,simulated,False,3.2,0.045,4,4.5,11.86,27.0,0.9,,60.0,,controlled_tattoo_stress,,digital_tattoo_message,tattoo_bit1,tattoo_bit1,1.0,167.0,,,0.21662829050910704,,False,,1,
p6_vdd_phase6.3_vdd_high_167,p6_vdd_fixed_chip1,mc_phase6_voltage_ber.py,phase6.3_vdd_high,2026-07-27,1.0,real_bsim_ptm,simulated,False,3.2,0.045,4,4.5,11.86,27.0,1.1,,60.0,,controlled_tattoo_stress,,digital_tattoo_message,tattoo_bit1,tattoo_bit1,1.0,167.0,,,0.21849334426926129,,False,,1,
p6_vdd_phase6.3_vdd_nominal_168,p6_vdd_fixed_chip1,mc_phase6_voltage_ber.py,phase6.3_vdd_nominal,2026-07-27,1.0,real_bsim_ptm,simulated,False,3.2,0.045,4,4.5,11.86,27.0,1.0,,0.0,,controlled_tattoo_stress,,digital_tattoo_message,tattoo_bit0,tattoo_bit0,0.0,168.0,,,1.0792724960439415,,False,,1,
p6_vdd_phase6.3_vdd_low_168,p6_vdd_fixed_chip1,mc_phase6_voltage_ber.py,phase6.3_vdd_low,2026-07-27,1.0,real_bsim_ptm,simulated,False,3.2,0.045,4,4.5,11.86,27.0,0.9,,0.0,,controlled_tattoo_stress,,digital_tattoo_message,tattoo_bit0,tattoo_bit0,0.0,168.0,,,1.079742705765861,,False,,1,
p6_vdd_phase6.3_vdd_high_168,p6_vdd_fixed_chip1,mc_phase6_voltage_ber.py,phase6.3_vdd_high,2026-07-27,1.0,real_bsim_ptm,simulated,False,3.2,0.045,4,4.5,11.86,27.0,1.1,,0.0,,controlled_tattoo_stress,,digital_tattoo_message,tattoo_bit0,tattoo_bit0,0.0,168.0,,,1.0787920220048062,,False,,1,
p6_vdd_phase6.3_vdd_nominal_169,p6_vdd_fixed_chip1,mc_phase6_voltage_ber.py,phase6.3_vdd_nominal,2026-07-27,1.0,real_bsim_ptm,simulated,False,3.2,0.045,4,4.5,11.86,27.0,1.0,,60.0,,controlled_tattoo_stress,,digital_tattoo_message,tattoo_bit1,tattoo_bit1,1.0,169.0,,,0.19121733184899237,,False,,1,
p6_vdd_phase6.3_vdd_low_169,p6_vdd_fixed_chip1,mc_phase6_voltage_ber.py,phase6.3_vdd_low,2026-07-27,1.0,real_bsim_ptm,simulated,False,3.2,0.045,4,4.5,11.86,27.0,0.9,,60.0,,controlled_tattoo_stress,,digital_tattoo_message,tattoo_bit1,tattoo_bit1,1.0,169.0,,,0.1903182425104449,,False,,1,
p6_vdd_phase6.3_vdd_high_169,p6_vdd_fixed_chip1,mc_phase6_voltage_ber.py,phase6.3_vdd_high,2026-07-27,1.0,real_bsim_ptm,simulated,False,3.2,0.045,4,4.5,11.86,27.0,1.1,,60.0,,controlled_tattoo_stress,,digital_tattoo_message,tattoo_bit1,tattoo_bit1,1.0,169.0,,,0.19208745281488712,,False,,1,
p6_vdd_phase6.3_vdd_nominal_170,p6_vdd_fixed_chip1,mc_phase6_voltage_ber.py,phase6.3_vdd_nominal,2026-07-27,1.0,real_bsim_ptm,simulated,False,3.2,0.045,4,4.5,11.86,27.0,1.0,,60.0,,controlled_tattoo_stress,,digital_tattoo_message,tattoo_bit1,tattoo_bit1,1.0,170.0,,,0.29499355877716005,,False,,1,
p6_vdd_phase6.3_vdd_low_170,p6_vdd_fixed_chip1,mc_phase6_voltage_ber.py,phase6.3_vdd_low,2026-07-27,1.0,real_bsim_ptm,simulated,False,3.2,0.045,4,4.5,11.86,27.0,0.9,,60.0,,controlled_tattoo_stress,,digital_tattoo_message,tattoo_bit1,tattoo_bit1,1.0,170.0,,,0.29404110839605174,,False,,1,
p6_vdd_phase6.3_vdd_high_170,p6_vdd_fixed_chip1,mc_phase6_voltage_ber.py,phase6.3_vdd_high,2026-07-27,1.0,real_bsim_ptm,simulated,False,3.2,0.045,4,4.5,11.86,27.0,1.1,,60.0,,controlled_tattoo_stress,,digital_tattoo_message,tattoo_bit1,tattoo_bit1,1.0,170.0,,,0.2959335429947819,,False,,1,
p6_vdd_phase6.3_vdd_nominal_171,p6_vdd_fixed_chip1,mc_phase6_voltage_ber.py,phase6.3_vdd_nominal,2026-07-27,1.0,real_bsim_ptm,simulated,False,3.2,0.045,4,4.5,11.86,27.0,1.0,,60.0,,controlled_tattoo_stress,,digital_tattoo_message,tattoo_bit1,tattoo_bit1,1.0,171.0,,,0.17423534090598375,,False,,1,
p6_vdd_phase6.3_vdd_low_171,p6_vdd_fixed_chip1,mc_phase6_voltage_ber.py,phase6.3_vdd_low,2026-07-27,1.0,real_bsim_ptm,simulated,False,3.2,0.045,4,4.5,11.86,27.0,0.9,,60.0,,controlled_tattoo_stress,,digital_tattoo_message,tattoo_bit1,tattoo_bit1,1.0,171.0,,,0.17342155362923076,,False,,1,
p6_vdd_phase6.3_vdd_high_171,p6_vdd_fixed_chip1,mc_phase6_voltage_ber.py,phase6.3_vdd_high,2026-07-27,1.0,real_bsim_ptm,simulated,False,3.2,0.045,4,4.5,11.86,27.0,1.1,,60.0,,controlled_tattoo_stress,,digital_tattoo_message,tattoo_bit1,tattoo_bit1,1.0,171.0,,,0.17502746126379476,,False,,1,
p6_vdd_phase6.3_vdd_nominal_172,p6_vdd_fixed_chip1,mc_phase6_voltage_ber.py,phase6.3_vdd_nominal,2026-07-27,1.0,real_bsim_ptm,simulated,False,3.2,0.045,4,4.5,11.86,27.0,1.0,,0.0,,controlled_tattoo_stress,,digital_tattoo_message,tattoo_bit0,tattoo_bit0,0.0,172.0,,,1.208247030505785,,False,,1,
p6_vdd_phase6.3_vdd_low_172,p6_vdd_fixed_chip1,mc_phase6_voltage_ber.py,phase6.3_vdd_low,2026-07-27,1.0,real_bsim_ptm,simulated,False,3.2,0.045,4,4.5,11.86,27.0,0.9,,0.0,,controlled_tattoo_stress,,digital_tattoo_message,tattoo_bit0,tattoo_bit0,0.0,172.0,,,1.2094385786459312,,False,,1,
p6_vdd_phase6.3_vdd_high_172,p6_vdd_fixed_chip1,mc_phase6_voltage_ber.py,phase6.3_vdd_high,2026-07-27,1.0,real_bsim_ptm,simulated,False,3.2,0.045,4,4.5,11.86,27.0,1.1,,0.0,,controlled_tattoo_stress,,digital_tattoo_message,tattoo_bit0,tattoo_bit0,0.0,172.0,,,1.2069349510844014,,False,,1,
p6_vdd_phase6.3_vdd_nominal_173,p6_vdd_fixed_chip1,mc_phase6_voltage_ber.py,phase6.3_vdd_nominal,2026-07-27,1.0,real_bsim_ptm,simulated,False,3.2,0.045,4,4.5,11.86,27.0,1.0,,60.0,,controlled_tattoo_stress,,digital_tattoo_message,tattoo_bit1,tattoo_bit1,1.0,173.0,,,0.4534691242162028,,False,,1,
p6_vdd_phase6.3_vdd_low_173,p6_vdd_fixed_chip1,mc_phase6_voltage_ber.py,phase6.3_vdd_low,2026-07-27,1.0,real_bsim_ptm,simulated,False,3.2,0.045,4,4.5,11.86,27.0,0.9,,60.0,,controlled_tattoo_stress,,digital_tattoo_message,tattoo_bit1,tattoo_bit1,1.0,173.0,,,0.4526172816441686,,False,,1,
p6_vdd_phase6.3_vdd_high_173,p6_vdd_fixed_chip1,mc_phase6_voltage_ber.py,phase6.3_vdd_high,2026-07-27,1.0,real_bsim_ptm,simulated,False,3.2,0.045,4,4.5,11.86,27.0,1.1,,60.0,,controlled_tattoo_stress,,digital_tattoo_message,tattoo_bit1,tattoo_bit1,1.0,173.0,,,0.454325387068749,,False,,1,
p6_vdd_phase6.3_vdd_nominal_174,p6_vdd_fixed_chip1,mc_phase6_voltage_ber.py,phase6.3_vdd_nominal,2026-07-27,1.0,real_bsim_ptm,simulated,False,3.2,0.045,4,4.5,11.86,27.0,1.0,,60.0,,controlled_tattoo_stress,,digital_tattoo_message,tattoo_bit1,tattoo_bit1,1.0,174.0,,,0.15810424031766823,,False,,1,
p6_vdd_phase6.3_vdd_low_174,p6_vdd_fixed_chip1,mc_phase6_voltage_ber.py,phase6.3_vdd_low,2026-07-27,1.0,real_bsim_ptm,simulated,False,3.2,0.045,4,4.5,11.86,27.0,0.9,,60.0,,controlled_tattoo_stress,,digital_tattoo_message,tattoo_bit1,tattoo_bit1,1.0,174.0,,,0.15732159216197825,,False,,1,
p6_vdd_phase6.3_vdd_high_174,p6_vdd_fixed_chip1,mc_phase6_voltage_ber.py,phase6.3_vdd_high,2026-07-27,1.0,real_bsim_ptm,simulated,False,3.2,0.045,4,4.5,11.86,27.0,1.1,,60.0,,controlled_tattoo_stress,,digital_tattoo_message,tattoo_bit1,tattoo_bit1,1.0,174.0,,,0.15888975217130272,,False,,1,
p6_vdd_phase6.3_vdd_nominal_175,p6_vdd_fixed_chip1,mc_phase6_voltage_ber.py,phase6.3_vdd_nominal,2026-07-27,1.0,real_bsim_ptm,simulated,False,3.2,0.045,4,4.5,11.86,27.0,1.0,,0.0,,controlled_tattoo_stress,,digital_tattoo_message,tattoo_bit0,tattoo_bit0,0.0,175.0,,,1.441227577679899,,False,,1,
p6_vdd_phase6.3_vdd_low_175,p6_vdd_fixed_chip1,mc_phase6_voltage_ber.py,phase6.3_vdd_low,2026-07-27,1.0,real_bsim_ptm,simulated,False,3.2,0.045,4,4.5,11.86,27.0,0.9,,0.0,,controlled_tattoo_stress,,digital_tattoo_message,tattoo_bit0,tattoo_bit0,0.0,175.0,,,1.4428648510518733,,False,,1,
p6_vdd_phase6.3_vdd_high_175,p6_vdd_fixed_chip1,mc_phase6_voltage_ber.py,phase6.3_vdd_high,2026-07-27,1.0,real_bsim_ptm,simulated,False,3.2,0.045,4,4.5,11.86,27.0,1.1,,0.0,,controlled_tattoo_stress,,digital_tattoo_message,tattoo_bit0,tattoo_bit0,0.0,175.0,,,1.4394364362676801,,False,,1,
p6_vdd_phase6.3_vdd_nominal_176,p6_vdd_fixed_chip1,mc_phase6_voltage_ber.py,phase6.3_vdd_nominal,2026-07-27,1.0,real_bsim_ptm,simulated,False,3.2,0.045,4,4.5,11.86,27.0,1.0,,0.0,,controlled_tattoo_stress,,digital_tattoo_message,tattoo_bit0,tattoo_bit0,0.0,176.0,,,1.0319126667307907,,False,,1,
p6_vdd_phase6.3_vdd_low_176,p6_vdd_fixed_chip1,mc_phase6_voltage_ber.py,phase6.3_vdd_low,2026-07-27,1.0,real_bsim_ptm,simulated,False,3.2,0.045,4,4.5,11.86,27.0,0.9,,0.0,,controlled_tattoo_stress,,digital_tattoo_message,tattoo_bit0,tattoo_bit0,0.0,176.0,,,1.0322141816319372,,False,,1,
p6_vdd_phase6.3_vdd_high_176,p6_vdd_fixed_chip1,mc_phase6_voltage_ber.py,phase6.3_vdd_high,2026-07-27,1.0,real_bsim_ptm,simulated,False,3.2,0.045,4,4.5,11.86,27.0,1.1,,0.0,,controlled_tattoo_stress,,digital_tattoo_message,tattoo_bit0,tattoo_bit0,0.0,176.0,,,1.031588197223314,,False,,1,
p6_vdd_phase6.3_vdd_nominal_177,p6_vdd_fixed_chip1,mc_phase6_voltage_ber.py,phase6.3_vdd_nominal,2026-07-27,1.0,real_bsim_ptm,simulated,False,3.2,0.045,4,4.5,11.86,27.0,1.0,,60.0,,controlled_tattoo_stress,,digital_tattoo_message,tattoo_bit1,tattoo_bit1,1.0,177.0,,,0.2661853631502009,,False,,1,
p6_vdd_phase6.3_vdd_low_177,p6_vdd_fixed_chip1,mc_phase6_voltage_ber.py,phase6.3_vdd_low,2026-07-27,1.0,real_bsim_ptm,simulated,False,3.2,0.045,4,4.5,11.86,27.0,0.9,,60.0,,controlled_tattoo_stress,,digital_tattoo_message,tattoo_bit1,tattoo_bit1,1.0,177.0,,,0.26529519383287486,,False,,1,
p6_vdd_phase6.3_vdd_high_177,p6_vdd_fixed_chip1,mc_phase6_voltage_ber.py,phase6.3_vdd_high,2026-07-27,1.0,real_bsim_ptm,simulated,False,3.2,0.045,4,4.5,11.86,27.0,1.1,,60.0,,controlled_tattoo_stress,,digital_tattoo_message,tattoo_bit1,tattoo_bit1,1.0,177.0,,,0.26706080189814185,,False,,1,
p6_vdd_phase6.3_vdd_nominal_178,p6_vdd_fixed_chip1,mc_phase6_voltage_ber.py,phase6.3_vdd_nominal,2026-07-27,1.0,real_bsim_ptm,simulated,False,3.2,0.045,4,4.5,11.86,27.0,1.0,,60.0,,controlled_tattoo_stress,,digital_tattoo_message,tattoo_bit1,tattoo_bit1,1.0,178.0,,,0.2504411540299202,,False,,1,
p6_vdd_phase6.3_vdd_low_178,p6_vdd_fixed_chip1,mc_phase6_voltage_ber.py,phase6.3_vdd_low,2026-07-27,1.0,real_bsim_ptm,simulated,False,3.2,0.045,4,4.5,11.86,27.0,0.9,,60.0,,controlled_tattoo_stress,,digital_tattoo_message,tattoo_bit1,tattoo_bit1,1.0,178.0,,,0.24948637341574909,,False,,1,
p6_vdd_phase6.3_vdd_high_178,p6_vdd_fixed_chip1,mc_phase6_voltage_ber.py,phase6.3_vdd_high,2026-07-27,1.0,real_bsim_ptm,simulated,False,3.2,0.045,4,4.5,11.86,27.0,1.1,,60.0,,controlled_tattoo_stress,,digital_tattoo_message,tattoo_bit1,tattoo_bit1,1.0,178.0,,,0.2513806477254684,,False,,1,
p6_vdd_phase6.3_vdd_nominal_179,p6_vdd_fixed_chip1,mc_phase6_voltage_ber.py,phase6.3_vdd_nominal,2026-07-27,1.0,real_bsim_ptm,simulated,False,3.2,0.045,4,4.5,11.86,27.0,1.0,,60.0,,controlled_tattoo_stress,,digital_tattoo_message,tattoo_bit1,tattoo_bit1,1.0,179.0,,,0.17316142317685296,,False,,1,
p6_vdd_phase6.3_vdd_low_179,p6_vdd_fixed_chip1,mc_phase6_voltage_ber.py,phase6.3_vdd_low,2026-07-27,1.0,real_bsim_ptm,simulated,False,3.2,0.045,4,4.5,11.86,27.0,0.9,,60.0,,controlled_tattoo_stress,,digital_tattoo_message,tattoo_bit1,tattoo_bit1,1.0,179.0,,,0.17228563224405227,,False,,1,
p6_vdd_phase6.3_vdd_high_179,p6_vdd_fixed_chip1,mc_phase6_voltage_ber.py,phase6.3_vdd_high,2026-07-27,1.0,real_bsim_ptm,simulated,False,3.2,0.045,4,4.5,11.86,27.0,1.1,,60.0,,controlled_tattoo_stress,,digital_tattoo_message,tattoo_bit1,tattoo_bit1,1.0,179.0,,,0.17404670986725185,,False,,1,
p6_vdd_phase6.3_vdd_nominal_180,p6_vdd_fixed_chip1,mc_phase6_voltage_ber.py,phase6.3_vdd_nominal,2026-07-27,1.0,real_bsim_ptm,simulated,False,3.2,0.045,4,4.5,11.86,27.0,1.0,,0.0,,controlled_tattoo_stress,,digital_tattoo_message,tattoo_bit0,tattoo_bit0,0.0,180.0,,,1.6737758115271122,,False,,1,
p6_vdd_phase6.3_vdd_low_180,p6_vdd_fixed_chip1,mc_phase6_voltage_ber.py,phase6.3_vdd_low,2026-07-27,1.0,real_bsim_ptm,simulated,False,3.2,0.045,4,4.5,11.86,27.0,0.9,,0.0,,controlled_tattoo_stress,,digital_tattoo_message,tattoo_bit0,tattoo_bit0,0.0,180.0,,,1.6764346410804807,,False,,1,
p6_vdd_phase6.3_vdd_high_180,p6_vdd_fixed_chip1,mc_phase6_voltage_ber.py,phase6.3_vdd_high,2026-07-27,1.0,real_bsim_ptm,simulated,False,3.2,0.045,4,4.5,11.86,27.0,1.1,,0.0,,controlled_tattoo_stress,,digital_tattoo_message,tattoo_bit0,tattoo_bit0,0.0,180.0,,,1.6709222702366828,,False,,1,
p6_vdd_phase6.3_vdd_nominal_181,p6_vdd_fixed_chip1,mc_phase6_voltage_ber.py,phase6.3_vdd_nominal,2026-07-27,1.0,real_bsim_ptm,simulated,False,3.2,0.045,4,4.5,11.86,27.0,1.0,,60.0,,controlled_tattoo_stress,,digital_tattoo_message,tattoo_bit1,tattoo_bit1,1.0,181.0,,,0.1972416755907227,,False,,1,
p6_vdd_phase6.3_vdd_low_181,p6_vdd_fixed_chip1,mc_phase6_voltage_ber.py,phase6.3_vdd_low,2026-07-27,1.0,real_bsim_ptm,simulated,False,3.2,0.045,4,4.5,11.86,27.0,0.9,,60.0,,controlled_tattoo_stress,,digital_tattoo_message,tattoo_bit1,tattoo_bit1,1.0,181.0,,,0.19639670725960756,,False,,1,
p6_vdd_phase6.3_vdd_high_181,p6_vdd_fixed_chip1,mc_phase6_voltage_ber.py,phase6.3_vdd_high,2026-07-27,1.0,real_bsim_ptm,simulated,False,3.2,0.045,4,4.5,11.86,27.0,1.1,,60.0,,controlled_tattoo_stress,,digital_tattoo_message,tattoo_bit1,tattoo_bit1,1.0,181.0,,,0.19804410520860782,,False,,1,
p6_vdd_phase6.3_vdd_nominal_182,p6_vdd_fixed_chip1,mc_phase6_voltage_ber.py,phase6.3_vdd_nominal,2026-07-27,1.0,real_bsim_ptm,simulated,False,3.2,0.045,4,4.5,11.86,27.0,1.0,,60.0,,controlled_tattoo_stress,,digital_tattoo_message,tattoo_bit1,tattoo_bit1,1.0,182.0,,,0.1427654536598186,,False,,1,
p6_vdd_phase6.3_vdd_low_182,p6_vdd_fixed_chip1,mc_phase6_voltage_ber.py,phase6.3_vdd_low,2026-07-27,1.0,real_bsim_ptm,simulated,False,3.2,0.045,4,4.5,11.86,27.0,0.9,,60.0,,controlled_tattoo_stress,,digital_tattoo_message,tattoo_bit1,tattoo_bit1,1.0,182.0,,,0.1419688214916599,,False,,1,
p6_vdd_phase6.3_vdd_high_182,p6_vdd_fixed_chip1,mc_phase6_voltage_ber.py,phase6.3_vdd_high,2026-07-27,1.0,real_bsim_ptm,simulated,False,3.2,0.045,4,4.5,11.86,27.0,1.1,,60.0,,controlled_tattoo_stress,,digital_tattoo_message,tattoo_bit1,tattoo_bit1,1.0,182.0,,,0.14358035311813114,,False,,1,
p6_vdd_phase6.3_vdd_nominal_183,p6_vdd_fixed_chip1,mc_phase6_voltage_ber.py,phase6.3_vdd_nominal,2026-07-27,1.0,real_bsim_ptm,simulated,False,3.2,0.045,4,4.5,11.86,27.0,1.0,,0.0,,controlled_tattoo_stress,,digital_tattoo_message,tattoo_bit0,tattoo_bit0,0.0,183.0,,,1.1187373171537611,,False,,1,
p6_vdd_phase6.3_vdd_low_183,p6_vdd_fixed_chip1,mc_phase6_voltage_ber.py,phase6.3_vdd_low,2026-07-27,1.0,real_bsim_ptm,simulated,False,3.2,0.045,4,4.5,11.86,27.0,0.9,,0.0,,controlled_tattoo_stress,,digital_tattoo_message,tattoo_bit0,tattoo_bit0,0.0,183.0,,,1.119361339837185,,False,,1,
p6_vdd_phase6.3_vdd_high_183,p6_vdd_fixed_chip1,mc_phase6_voltage_ber.py,phase6.3_vdd_high,2026-07-27,1.0,real_bsim_ptm,simulated,False,3.2,0.045,4,4.5,11.86,27.0,1.1,,0.0,,controlled_tattoo_stress,,digital_tattoo_message,tattoo_bit0,tattoo_bit0,0.0,183.0,,,1.1180442518323344,,False,,1,
p6_vdd_phase6.3_vdd_nominal_184,p6_vdd_fixed_chip1,mc_phase6_voltage_ber.py,phase6.3_vdd_nominal,2026-07-27,1.0,real_bsim_ptm,simulated,False,3.2,0.045,4,4.5,11.86,27.0,1.0,,0.0,,controlled_tattoo_stress,,digital_tattoo_message,tattoo_bit0,tattoo_bit0,0.0,184.0,,,0.8653996462110637,,False,,1,
p6_vdd_phase6.3_vdd_low_184,p6_vdd_fixed_chip1,mc_phase6_voltage_ber.py,phase6.3_vdd_low,2026-07-27,1.0,real_bsim_ptm,simulated,False,3.2,0.045,4,4.5,11.86,27.0,0.9,,0.0,,controlled_tattoo_stress,,digital_tattoo_message,tattoo_bit0,tattoo_bit0,0.0,184.0,,,0.865136167670224,,False,,1,
p6_vdd_phase6.3_vdd_high_184,p6_vdd_fixed_chip1,mc_phase6_voltage_ber.py,phase6.3_vdd_high,2026-07-27,1.0,real_bsim_ptm,simulated,False,3.2,0.045,4,4.5,11.86,27.0,1.1,,0.0,,controlled_tattoo_stress,,digital_tattoo_message,tattoo_bit0,tattoo_bit0,0.0,184.0,,,0.8656824374098216,,False,,1,
p6_vdd_phase6.3_vdd_nominal_185,p6_vdd_fixed_chip1,mc_phase6_voltage_ber.py,phase6.3_vdd_nominal,2026-07-27,1.0,real_bsim_ptm,simulated,False,3.2,0.045,4,4.5,11.86,27.0,1.0,,0.0,,controlled_tattoo_stress,,digital_tattoo_message,tattoo_bit0,tattoo_bit0,0.0,185.0,,,1.1930377925636144,,False,,1,
p6_vdd_phase6.3_vdd_low_185,p6_vdd_fixed_chip1,mc_phase6_voltage_ber.py,phase6.3_vdd_low,2026-07-27,1.0,real_bsim_ptm,simulated,False,3.2,0.045,4,4.5,11.86,27.0,0.9,,0.0,,controlled_tattoo_stress,,digital_tattoo_message,tattoo_bit0,tattoo_bit0,0.0,185.0,,,1.1944589109810058,,False,,1,
p6_vdd_phase6.3_vdd_high_185,p6_vdd_fixed_chip1,mc_phase6_voltage_ber.py,phase6.3_vdd_high,2026-07-27,1.0,real_bsim_ptm,simulated,False,3.2,0.045,4,4.5,11.86,27.0,1.1,,0.0,,controlled_tattoo_stress,,digital_tattoo_message,tattoo_bit0,tattoo_bit0,0.0,185.0,,,1.1914676266794078,,False,,1,
p6_vdd_phase6.3_vdd_nominal_186,p6_vdd_fixed_chip1,mc_phase6_voltage_ber.py,phase6.3_vdd_nominal,2026-07-27,1.0,real_bsim_ptm,simulated,False,3.2,0.045,4,4.5,11.86,27.0,1.0,,60.0,,controlled_tattoo_stress,,digital_tattoo_message,tattoo_bit1,tattoo_bit1,1.0,186.0,,,0.43946545074209176,,False,,1,
p6_vdd_phase6.3_vdd_low_186,p6_vdd_fixed_chip1,mc_phase6_voltage_ber.py,phase6.3_vdd_low,2026-07-27,1.0,real_bsim_ptm,simulated,False,3.2,0.045,4,4.5,11.86,27.0,0.9,,60.0,,controlled_tattoo_stress,,digital_tattoo_message,tattoo_bit1,tattoo_bit1,1.0,186.0,,,0.43859901107988103,,False,,1,
p6_vdd_phase6.3_vdd_high_186,p6_vdd_fixed_chip1,mc_phase6_voltage_ber.py,phase6.3_vdd_high,2026-07-27,1.0,real_bsim_ptm,simulated,False,3.2,0.045,4,4.5,11.86,27.0,1.1,,60.0,,controlled_tattoo_stress,,digital_tattoo_message,tattoo_bit1,tattoo_bit1,1.0,186.0,,,0.4403017263601676,,False,,1,
p6_vdd_phase6.3_vdd_nominal_187,p6_vdd_fixed_chip1,mc_phase6_voltage_ber.py,phase6.3_vdd_nominal,2026-07-27,1.0,real_bsim_ptm,simulated,False,3.2,0.045,4,4.5,11.86,27.0,1.0,,0.0,,controlled_tattoo_stress,,digital_tattoo_message,tattoo_bit0,tattoo_bit0,0.0,187.0,,,1.223232649234025,,False,,1,
p6_vdd_phase6.3_vdd_low_187,p6_vdd_fixed_chip1,mc_phase6_voltage_ber.py,phase6.3_vdd_low,2026-07-27,1.0,real_bsim_ptm,simulated,False,3.2,0.045,4,4.5,11.86,27.0,0.9,,0.0,,controlled_tattoo_stress,,digital_tattoo_message,tattoo_bit0,tattoo_bit0,0.0,187.0,,,1.2245048568209889,,False,,1,
p6_vdd_phase6.3_vdd_high_187,p6_vdd_fixed_chip1,mc_phase6_voltage_ber.py,phase6.3_vdd_high,2026-07-27,1.0,real_bsim_ptm,simulated,False,3.2,0.045,4,4.5,11.86,27.0,1.1,,0.0,,controlled_tattoo_stress,,digital_tattoo_message,tattoo_bit0,tattoo_bit0,0.0,187.0,,,1.2218221475734983,,False,,1,
p6_vdd_phase6.3_vdd_nominal_188,p6_vdd_fixed_chip1,mc_phase6_voltage_ber.py,phase6.3_vdd_nominal,2026-07-27,1.0,real_bsim_ptm,simulated,False,3.2,0.045,4,4.5,11.86,27.0,1.0,,0.0,,controlled_tattoo_stress,,digital_tattoo_message,tattoo_bit0,tattoo_bit0,0.0,188.0,,,1.2993462861872873,,False,,1,
p6_vdd_phase6.3_vdd_low_188,p6_vdd_fixed_chip1,mc_phase6_voltage_ber.py,phase6.3_vdd_low,2026-07-27,1.0,real_bsim_ptm,simulated,False,3.2,0.045,4,4.5,11.86,27.0,0.9,,0.0,,controlled_tattoo_stress,,digital_tattoo_message,tattoo_bit0,tattoo_bit0,0.0,188.0,,,1.3005086011613034,,False,,1,
p6_vdd_phase6.3_vdd_high_188,p6_vdd_fixed_chip1,mc_phase6_voltage_ber.py,phase6.3_vdd_high,2026-07-27,1.0,real_bsim_ptm,simulated,False,3.2,0.045,4,4.5,11.86,27.0,1.1,,0.0,,controlled_tattoo_stress,,digital_tattoo_message,tattoo_bit0,tattoo_bit0,0.0,188.0,,,1.2980719487657444,,False,,1,
p6_vdd_phase6.3_vdd_nominal_189,p6_vdd_fixed_chip1,mc_phase6_voltage_ber.py,phase6.3_vdd_nominal,2026-07-27,1.0,real_bsim_ptm,simulated,False,3.2,0.045,4,4.5,11.86,27.0,1.0,,0.0,,controlled_tattoo_stress,,digital_tattoo_message,tattoo_bit0,tattoo_bit0,0.0,189.0,,,1.2020976417521176,,False,,1,
p6_vdd_phase6.3_vdd_low_189,p6_vdd_fixed_chip1,mc_phase6_voltage_ber.py,phase6.3_vdd_low,2026-07-27,1.0,real_bsim_ptm,simulated,False,3.2,0.045,4,4.5,11.86,27.0,0.9,,0.0,,controlled_tattoo_stress,,digital_tattoo_message,tattoo_bit0,tattoo_bit0,0.0,189.0,,,1.2029062878403043,,False,,1,
p6_vdd_phase6.3_vdd_high_189,p6_vdd_fixed_chip1,mc_phase6_voltage_ber.py,phase6.3_vdd_high,2026-07-27,1.0,real_bsim_ptm,simulated,False,3.2,0.045,4,4.5,11.86,27.0,1.1,,0.0,,controlled_tattoo_stress,,digital_tattoo_message,tattoo_bit0,tattoo_bit0,0.0,189.0,,,1.2012316500486786,,False,,1,
p6_vdd_phase6.3_vdd_nominal_190,p6_vdd_fixed_chip1,mc_phase6_voltage_ber.py,phase6.3_vdd_nominal,2026-07-27,1.0,real_bsim_ptm,simulated,False,3.2,0.045,4,4.5,11.86,27.0,1.0,,0.0,,controlled_tattoo_stress,,digital_tattoo_message,tattoo_bit0,tattoo_bit0,0.0,190.0,,,1.016749902064858,,False,,1,
p6_vdd_phase6.3_vdd_low_190,p6_vdd_fixed_chip1,mc_phase6_voltage_ber.py,phase6.3_vdd_low,2026-07-27,1.0,real_bsim_ptm,simulated,False,3.2,0.045,4,4.5,11.86,27.0,0.9,,0.0,,controlled_tattoo_stress,,digital_tattoo_message,tattoo_bit0,tattoo_bit0,0.0,190.0,,,1.016843069008952,,False,,1,
p6_vdd_phase6.3_vdd_high_190,p6_vdd_fixed_chip1,mc_phase6_voltage_ber.py,phase6.3_vdd_high,2026-07-27,1.0,real_bsim_ptm,simulated,False,3.2,0.045,4,4.5,11.86,27.0,1.1,,0.0,,controlled_tattoo_stress,,digital_tattoo_message,tattoo_bit0,tattoo_bit0,0.0,190.0,,,1.0166497233891891,,False,,1,
p6_vdd_phase6.3_vdd_nominal_191,p6_vdd_fixed_chip1,mc_phase6_voltage_ber.py,phase6.3_vdd_nominal,2026-07-27,1.0,real_bsim_ptm,simulated,False,3.2,0.045,4,4.5,11.86,27.0,1.0,,0.0,,controlled_tattoo_stress,,digital_tattoo_message,tattoo_bit0,tattoo_bit0,0.0,191.0,,,0.8366715688995209,,False,,1,
p6_vdd_phase6.3_vdd_low_191,p6_vdd_fixed_chip1,mc_phase6_voltage_ber.py,phase6.3_vdd_low,2026-07-27,1.0,real_bsim_ptm,simulated,False,3.2,0.045,4,4.5,11.86,27.0,0.9,,0.0,,controlled_tattoo_stress,,digital_tattoo_message,tattoo_bit0,tattoo_bit0,0.0,191.0,,,0.8363827131324002,,False,,1,
p6_vdd_phase6.3_vdd_high_191,p6_vdd_fixed_chip1,mc_phase6_voltage_ber.py,phase6.3_vdd_high,2026-07-27,1.0,real_bsim_ptm,simulated,False,3.2,0.045,4,4.5,11.86,27.0,1.1,,0.0,,controlled_tattoo_stress,,digital_tattoo_message,tattoo_bit0,tattoo_bit0,0.0,191.0,,,0.8369747965373158,,False,,1,
p6_vdd_phase6.3_vdd_nominal_192,p6_vdd_fixed_chip1,mc_phase6_voltage_ber.py,phase6.3_vdd_nominal,2026-07-27,1.0,real_bsim_ptm,simulated,False,3.2,0.045,4,4.5,11.86,27.0,1.0,,60.0,,controlled_tattoo_stress,,digital_tattoo_message,tattoo_bit1,tattoo_bit1,1.0,192.0,,,0.15759317016851854,,False,,1,
p6_vdd_phase6.3_vdd_low_192,p6_vdd_fixed_chip1,mc_phase6_voltage_ber.py,phase6.3_vdd_low,2026-07-27,1.0,real_bsim_ptm,simulated,False,3.2,0.045,4,4.5,11.86,27.0,0.9,,60.0,,controlled_tattoo_stress,,digital_tattoo_message,tattoo_bit1,tattoo_bit1,1.0,192.0,,,0.15676123337190562,,False,,1,
p6_vdd_phase6.3_vdd_high_192,p6_vdd_fixed_chip1,mc_phase6_voltage_ber.py,phase6.3_vdd_high,2026-07-27,1.0,real_bsim_ptm,simulated,False,3.2,0.045,4,4.5,11.86,27.0,1.1,,60.0,,controlled_tattoo_stress,,digital_tattoo_message,tattoo_bit1,tattoo_bit1,1.0,192.0,,,0.15843356463827254,,False,,1,
p6_vdd_phase6.3_vdd_nominal_193,p6_vdd_fixed_chip1,mc_phase6_voltage_ber.py,phase6.3_vdd_nominal,2026-07-27,1.0,real_bsim_ptm,simulated,False,3.2,0.045,4,4.5,11.86,27.0,1.0,,60.0,,controlled_tattoo_stress,,digital_tattoo_message,tattoo_bit1,tattoo_bit1,1.0,193.0,,,0.12116208121086994,,False,,1,
p6_vdd_phase6.3_vdd_low_193,p6_vdd_fixed_chip1,mc_phase6_voltage_ber.py,phase6.3_vdd_low,2026-07-27,1.0,real_bsim_ptm,simulated,False,3.2,0.045,4,4.5,11.86,27.0,0.9,,60.0,,controlled_tattoo_stress,,digital_tattoo_message,tattoo_bit1,tattoo_bit1,1.0,193.0,,,0.12041154833145569,,False,,1,
p6_vdd_phase6.3_vdd_high_193,p6_vdd_fixed_chip1,mc_phase6_voltage_ber.py,phase6.3_vdd_high,2026-07-27,1.0,real_bsim_ptm,simulated,False,3.2,0.045,4,4.5,11.86,27.0,1.1,,60.0,,controlled_tattoo_stress,,digital_tattoo_message,tattoo_bit1,tattoo_bit1,1.0,193.0,,,0.1218943366730418,,False,,1,
p6_vdd_phase6.3_vdd_nominal_194,p6_vdd_fixed_chip1,mc_phase6_voltage_ber.py,phase6.3_vdd_nominal,2026-07-27,1.0,real_bsim_ptm,simulated,False,3.2,0.045,4,4.5,11.86,27.0,1.0,,0.0,,controlled_tattoo_stress,,digital_tattoo_message,tattoo_bit0,tattoo_bit0,0.0,194.0,,,1.0655613603275442,,False,,1,
p6_vdd_phase6.3_vdd_low_194,p6_vdd_fixed_chip1,mc_phase6_voltage_ber.py,phase6.3_vdd_low,2026-07-27,1.0,real_bsim_ptm,simulated,False,3.2,0.045,4,4.5,11.86,27.0,0.9,,0.0,,controlled_tattoo_stress,,digital_tattoo_message,tattoo_bit0,tattoo_bit0,0.0,194.0,,,1.066238424556403,,False,,1,
p6_vdd_phase6.3_vdd_high_194,p6_vdd_fixed_chip1,mc_phase6_voltage_ber.py,phase6.3_vdd_high,2026-07-27,1.0,real_bsim_ptm,simulated,False,3.2,0.045,4,4.5,11.86,27.0,1.1,,0.0,,controlled_tattoo_stress,,digital_tattoo_message,tattoo_bit0,tattoo_bit0,0.0,194.0,,,1.0648226549838924,,False,,1,
p6_vdd_phase6.3_vdd_nominal_195,p6_vdd_fixed_chip1,mc_phase6_voltage_ber.py,phase6.3_vdd_nominal,2026-07-27,1.0,real_bsim_ptm,simulated,False,3.2,0.045,4,4.5,11.86,27.0,1.0,,0.0,,controlled_tattoo_stress,,digital_tattoo_message,tattoo_bit0,tattoo_bit0,0.0,195.0,,,1.0127889032156419,,False,,1,
p6_vdd_phase6.3_vdd_low_195,p6_vdd_fixed_chip1,mc_phase6_voltage_ber.py,phase6.3_vdd_low,2026-07-27,1.0,real_bsim_ptm,simulated,False,3.2,0.045,4,4.5,11.86,27.0,0.9,,0.0,,controlled_tattoo_stress,,digital_tattoo_message,tattoo_bit0,tattoo_bit0,0.0,195.0,,,1.013130843428322,,False,,1,
p6_vdd_phase6.3_vdd_high_195,p6_vdd_fixed_chip1,mc_phase6_voltage_ber.py,phase6.3_vdd_high,2026-07-27,1.0,real_bsim_ptm,simulated,False,3.2,0.045,4,4.5,11.86,27.0,1.1,,0.0,,controlled_tattoo_stress,,digital_tattoo_message,tattoo_bit0,tattoo_bit0,0.0,195.0,,,1.012425119554072,,False,,1,
p6_vdd_phase6.3_vdd_nominal_196,p6_vdd_fixed_chip1,mc_phase6_voltage_ber.py,phase6.3_vdd_nominal,2026-07-27,1.0,real_bsim_ptm,simulated,False,3.2,0.045,4,4.5,11.86,27.0,1.0,,0.0,,controlled_tattoo_stress,,digital_tattoo_message,tattoo_bit0,tattoo_bit0,0.0,196.0,,,1.1778944802535642,,False,,1,
p6_vdd_phase6.3_vdd_low_196,p6_vdd_fixed_chip1,mc_phase6_voltage_ber.py,phase6.3_vdd_low,2026-07-27,1.0,real_bsim_ptm,simulated,False,3.2,0.045,4,4.5,11.86,27.0,0.9,,0.0,,controlled_tattoo_stress,,digital_tattoo_message,tattoo_bit0,tattoo_bit0,0.0,196.0,,,1.1789936582516425,,False,,1,
p6_vdd_phase6.3_vdd_high_196,p6_vdd_fixed_chip1,mc_phase6_voltage_ber.py,phase6.3_vdd_high,2026-07-27,1.0,real_bsim_ptm,simulated,False,3.2,0.045,4,4.5,11.86,27.0,1.1,,0.0,,controlled_tattoo_stress,,digital_tattoo_message,tattoo_bit0,tattoo_bit0,0.0,196.0,,,1.176668762237282,,False,,1,
p6_vdd_phase6.3_vdd_nominal_197,p6_vdd_fixed_chip1,mc_phase6_voltage_ber.py,phase6.3_vdd_nominal,2026-07-27,1.0,real_bsim_ptm,simulated,False,3.2,0.045,4,4.5,11.86,27.0,1.0,,60.0,,controlled_tattoo_stress,,digital_tattoo_message,tattoo_bit1,tattoo_bit1,1.0,197.0,,,0.17980085735834628,,False,,1,
p6_vdd_phase6.3_vdd_low_197,p6_vdd_fixed_chip1,mc_phase6_voltage_ber.py,phase6.3_vdd_low,2026-07-27,1.0,real_bsim_ptm,simulated,False,3.2,0.045,4,4.5,11.86,27.0,0.9,,60.0,,controlled_tattoo_stress,,digital_tattoo_message,tattoo_bit1,tattoo_bit1,1.0,197.0,,,0.17893119958893886,,False,,1,
p6_vdd_phase6.3_vdd_high_197,p6_vdd_fixed_chip1,mc_phase6_voltage_ber.py,phase6.3_vdd_high,2026-07-27,1.0,real_bsim_ptm,simulated,False,3.2,0.045,4,4.5,11.86,27.0,1.1,,60.0,,controlled_tattoo_stress,,digital_tattoo_message,tattoo_bit1,tattoo_bit1,1.0,197.0,,,0.1806101428353558,,False,,1,
p6_vdd_phase6.3_vdd_nominal_198,p6_vdd_fixed_chip1,mc_phase6_voltage_ber.py,phase6.3_vdd_nominal,2026-07-27,1.0,real_bsim_ptm,simulated,False,3.2,0.045,4,4.5,11.86,27.0,1.0,,60.0,,controlled_tattoo_stress,,digital_tattoo_message,tattoo_bit1,tattoo_bit1,1.0,198.0,,,0.22682832691052324,,False,,1,
p6_vdd_phase6.3_vdd_low_198,p6_vdd_fixed_chip1,mc_phase6_voltage_ber.py,phase6.3_vdd_low,2026-07-27,1.0,real_bsim_ptm,simulated,False,3.2,0.045,4,4.5,11.86,27.0,0.9,,60.0,,controlled_tattoo_stress,,digital_tattoo_message,tattoo_bit1,tattoo_bit1,1.0,198.0,,,0.22598118003012774,,False,,1,
p6_vdd_phase6.3_vdd_high_198,p6_vdd_fixed_chip1,mc_phase6_voltage_ber.py,phase6.3_vdd_high,2026-07-27,1.0,real_bsim_ptm,simulated,False,3.2,0.045,4,4.5,11.86,27.0,1.1,,60.0,,controlled_tattoo_stress,,digital_tattoo_message,tattoo_bit1,tattoo_bit1,1.0,198.0,,,0.22766540313583325,,False,,1,
p6_vdd_phase6.3_vdd_nominal_199,p6_vdd_fixed_chip1,mc_phase6_voltage_ber.py,phase6.3_vdd_nominal,2026-07-27,1.0,real_bsim_ptm,simulated,False,3.2,0.045,4,4.5,11.86,27.0,1.0,,60.0,,controlled_tattoo_stress,,digital_tattoo_message,tattoo_bit1,tattoo_bit1,1.0,199.0,,,0.15013860761921727,,False,,1,
p6_vdd_phase6.3_vdd_low_199,p6_vdd_fixed_chip1,mc_phase6_voltage_ber.py,phase6.3_vdd_low,2026-07-27,1.0,real_bsim_ptm,simulated,False,3.2,0.045,4,4.5,11.86,27.0,0.9,,60.0,,controlled_tattoo_stress,,digital_tattoo_message,tattoo_bit1,tattoo_bit1,1.0,199.0,,,0.149340464934714,,False,,1,
p6_vdd_phase6.3_vdd_high_199,p6_vdd_fixed_chip1,mc_phase6_voltage_ber.py,phase6.3_vdd_high,2026-07-27,1.0,real_bsim_ptm,simulated,False,3.2,0.045,4,4.5,11.86,27.0,1.1,,60.0,,controlled_tattoo_stress,,digital_tattoo_message,tattoo_bit1,tattoo_bit1,1.0,199.0,,,0.15092076073519556,,False,,1,
p6_vdd_phase6.3_vdd_nominal_200,p6_vdd_fixed_chip1,mc_phase6_voltage_ber.py,phase6.3_vdd_nominal,2026-07-27,1.0,real_bsim_ptm,simulated,False,3.2,0.045,4,4.5,11.86,27.0,1.0,,0.0,,controlled_tattoo_stress,,digital_tattoo_message,tattoo_bit0,tattoo_bit0,0.0,200.0,,,1.3394762329711831,,False,,1,
p6_vdd_phase6.3_vdd_low_200,p6_vdd_fixed_chip1,mc_phase6_voltage_ber.py,phase6.3_vdd_low,2026-07-27,1.0,real_bsim_ptm,simulated,False,3.2,0.045,4,4.5,11.86,27.0,0.9,,0.0,,controlled_tattoo_stress,,digital_tattoo_message,tattoo_bit0,tattoo_bit0,0.0,200.0,,,1.3418946420416566,,False,,1,
p6_vdd_phase6.3_vdd_high_200,p6_vdd_fixed_chip1,mc_phase6_voltage_ber.py,phase6.3_vdd_high,2026-07-27,1.0,real_bsim_ptm,simulated,False,3.2,0.045,4,4.5,11.86,27.0,1.1,,0.0,,controlled_tattoo_stress,,digital_tattoo_message,tattoo_bit0,tattoo_bit0,0.0,200.0,,,1.3368368900915577,,False,,1,
p6_vdd_phase6.3_vdd_nominal_201,p6_vdd_fixed_chip1,mc_phase6_voltage_ber.py,phase6.3_vdd_nominal,2026-07-27,1.0,real_bsim_ptm,simulated,False,3.2,0.045,4,4.5,11.86,27.0,1.0,,0.0,,controlled_tattoo_stress,,digital_tattoo_message,tattoo_bit0,tattoo_bit0,0.0,201.0,,,0.9886929635435494,,False,,1,
p6_vdd_phase6.3_vdd_low_201,p6_vdd_fixed_chip1,mc_phase6_voltage_ber.py,phase6.3_vdd_low,2026-07-27,1.0,real_bsim_ptm,simulated,False,3.2,0.045,4,4.5,11.86,27.0,0.9,,0.0,,controlled_tattoo_stress,,digital_tattoo_message,tattoo_bit0,tattoo_bit0,0.0,201.0,,,0.9887490266585917,,False,,1,
p6_vdd_phase6.3_vdd_high_201,p6_vdd_fixed_chip1,mc_phase6_voltage_ber.py,phase6.3_vdd_high,2026-07-27,1.0,real_bsim_ptm,simulated,False,3.2,0.045,4,4.5,11.86,27.0,1.1,,0.0,,controlled_tattoo_stress,,digital_tattoo_message,tattoo_bit0,tattoo_bit0,0.0,201.0,,,0.9886350787969347,,False,,1,
p6_vdd_phase6.3_vdd_nominal_202,p6_vdd_fixed_chip1,mc_phase6_voltage_ber.py,phase6.3_vdd_nominal,2026-07-27,1.0,real_bsim_ptm,simulated,False,3.2,0.045,4,4.5,11.86,27.0,1.0,,60.0,,controlled_tattoo_stress,,digital_tattoo_message,tattoo_bit1,tattoo_bit1,1.0,202.0,,,0.20377575705717807,,False,,1,
p6_vdd_phase6.3_vdd_low_202,p6_vdd_fixed_chip1,mc_phase6_voltage_ber.py,phase6.3_vdd_low,2026-07-27,1.0,real_bsim_ptm,simulated,False,3.2,0.045,4,4.5,11.86,27.0,0.9,,60.0,,controlled_tattoo_stress,,digital_tattoo_message,tattoo_bit1,tattoo_bit1,1.0,202.0,,,0.20290322117298631,,False,,1,
p6_vdd_phase6.3_vdd_high_202,p6_vdd_fixed_chip1,mc_phase6_voltage_ber.py,phase6.3_vdd_high,2026-07-27,1.0,real_bsim_ptm,simulated,False,3.2,0.045,4,4.5,11.86,27.0,1.1,,60.0,,controlled_tattoo_stress,,digital_tattoo_message,tattoo_bit1,tattoo_bit1,1.0,202.0,,,0.2046157747848087,,False,,1,
p6_vdd_phase6.3_vdd_nominal_203,p6_vdd_fixed_chip1,mc_phase6_voltage_ber.py,phase6.3_vdd_nominal,2026-07-27,1.0,real_bsim_ptm,simulated,False,3.2,0.045,4,4.5,11.86,27.0,1.0,,0.0,,controlled_tattoo_stress,,digital_tattoo_message,tattoo_bit0,tattoo_bit0,0.0,203.0,,,0.7749049836516776,,False,,1,
p6_vdd_phase6.3_vdd_low_203,p6_vdd_fixed_chip1,mc_phase6_voltage_ber.py,phase6.3_vdd_low,2026-07-27,1.0,real_bsim_ptm,simulated,False,3.2,0.045,4,4.5,11.86,27.0,0.9,,0.0,,controlled_tattoo_stress,,digital_tattoo_message,tattoo_bit0,tattoo_bit0,0.0,203.0,,,0.7744311124602448,,False,,1,
p6_vdd_phase6.3_vdd_high_203,p6_vdd_fixed_chip1,mc_phase6_voltage_ber.py,phase6.3_vdd_high,2026-07-27,1.0,real_bsim_ptm,simulated,False,3.2,0.045,4,4.5,11.86,27.0,1.1,,0.0,,controlled_tattoo_stress,,digital_tattoo_message,tattoo_bit0,tattoo_bit0,0.0,203.0,,,0.775421962160717,,False,,1,
p6_vdd_phase6.3_vdd_nominal_204,p6_vdd_fixed_chip1,mc_phase6_voltage_ber.py,phase6.3_vdd_nominal,2026-07-27,1.0,real_bsim_ptm,simulated,False,3.2,0.045,4,4.5,11.86,27.0,1.0,,0.0,,controlled_tattoo_stress,,digital_tattoo_message,tattoo_bit0,tattoo_bit0,0.0,204.0,,,0.9154502996829769,,False,,1,
p6_vdd_phase6.3_vdd_low_204,p6_vdd_fixed_chip1,mc_phase6_voltage_ber.py,phase6.3_vdd_low,2026-07-27,1.0,real_bsim_ptm,simulated,False,3.2,0.045,4,4.5,11.86,27.0,0.9,,0.0,,controlled_tattoo_stress,,digital_tattoo_message,tattoo_bit0,tattoo_bit0,0.0,204.0,,,0.9153522298526244,,False,,1,
p6_vdd_phase6.3_vdd_high_204,p6_vdd_fixed_chip1,mc_phase6_voltage_ber.py,phase6.3_vdd_high,2026-07-27,1.0,real_bsim_ptm,simulated,False,3.2,0.045,4,4.5,11.86,27.0,1.1,,0.0,,controlled_tattoo_stress,,digital_tattoo_message,tattoo_bit0,tattoo_bit0,0.0,204.0,,,0.9155642592837034,,False,,1,
p6_vdd_phase6.3_vdd_nominal_205,p6_vdd_fixed_chip1,mc_phase6_voltage_ber.py,phase6.3_vdd_nominal,2026-07-27,1.0,real_bsim_ptm,simulated,False,3.2,0.045,4,4.5,11.86,27.0,1.0,,60.0,,controlled_tattoo_stress,,digital_tattoo_message,tattoo_bit1,tattoo_bit1,1.0,205.0,,,0.1612995629475084,,False,,1,
p6_vdd_phase6.3_vdd_low_205,p6_vdd_fixed_chip1,mc_phase6_voltage_ber.py,phase6.3_vdd_low,2026-07-27,1.0,real_bsim_ptm,simulated,False,3.2,0.045,4,4.5,11.86,27.0,0.9,,60.0,,controlled_tattoo_stress,,digital_tattoo_message,tattoo_bit1,tattoo_bit1,1.0,205.0,,,0.16050503690789314,,False,,1,
p6_vdd_phase6.3_vdd_high_205,p6_vdd_fixed_chip1,mc_phase6_voltage_ber.py,phase6.3_vdd_high,2026-07-27,1.0,real_bsim_ptm,simulated,False,3.2,0.045,4,4.5,11.86,27.0,1.1,,60.0,,controlled_tattoo_stress,,digital_tattoo_message,tattoo_bit1,tattoo_bit1,1.0,205.0,,,0.1620764266811347,,False,,1,
p6_vdd_phase6.3_vdd_nominal_206,p6_vdd_fixed_chip1,mc_phase6_voltage_ber.py,phase6.3_vdd_nominal,2026-07-27,1.0,real_bsim_ptm,simulated,False,3.2,0.045,4,4.5,11.86,27.0,1.0,,60.0,,controlled_tattoo_stress,,digital_tattoo_message,tattoo_bit1,tattoo_bit1,1.0,206.0,,,0.18225165431372992,,False,,1,
p6_vdd_phase6.3_vdd_low_206,p6_vdd_fixed_chip1,mc_phase6_voltage_ber.py,phase6.3_vdd_low,2026-07-27,1.0,real_bsim_ptm,simulated,False,3.2,0.045,4,4.5,11.86,27.0,0.9,,60.0,,controlled_tattoo_stress,,digital_tattoo_message,tattoo_bit1,tattoo_bit1,1.0,206.0,,,0.1814032689772832,,False,,1,
p6_vdd_phase6.3_vdd_high_206,p6_vdd_fixed_chip1,mc_phase6_voltage_ber.py,phase6.3_vdd_high,2026-07-27,1.0,real_bsim_ptm,simulated,False,3.2,0.045,4,4.5,11.86,27.0,1.1,,60.0,,controlled_tattoo_stress,,digital_tattoo_message,tattoo_bit1,tattoo_bit1,1.0,206.0,,,0.18307041779850886,,False,,1,
p6_vdd_phase6.3_vdd_nominal_207,p6_vdd_fixed_chip1,mc_phase6_voltage_ber.py,phase6.3_vdd_nominal,2026-07-27,1.0,real_bsim_ptm,simulated,False,3.2,0.045,4,4.5,11.86,27.0,1.0,,60.0,,controlled_tattoo_stress,,digital_tattoo_message,tattoo_bit1,tattoo_bit1,1.0,207.0,,,0.18328599572040954,,False,,1,
p6_vdd_phase6.3_vdd_low_207,p6_vdd_fixed_chip1,mc_phase6_voltage_ber.py,phase6.3_vdd_low,2026-07-27,1.0,real_bsim_ptm,simulated,False,3.2,0.045,4,4.5,11.86,27.0,0.9,,60.0,,controlled_tattoo_stress,,digital_tattoo_message,tattoo_bit1,tattoo_bit1,1.0,207.0,,,0.18240539370791192,,False,,1,
p6_vdd_phase6.3_vdd_high_207,p6_vdd_fixed_chip1,mc_phase6_voltage_ber.py,phase6.3_vdd_high,2026-07-27,1.0,real_bsim_ptm,simulated,False,3.2,0.045,4,4.5,11.86,27.0,1.1,,60.0,,controlled_tattoo_stress,,digital_tattoo_message,tattoo_bit1,tattoo_bit1,1.0,207.0,,,0.1841348114199182,,False,,1,
p6_vdd_phase6.3_vdd_nominal_208,p6_vdd_fixed_chip1,mc_phase6_voltage_ber.py,phase6.3_vdd_nominal,2026-07-27,1.0,real_bsim_ptm,simulated,False,3.2,0.045,4,4.5,11.86,27.0,1.0,,0.0,,controlled_tattoo_stress,,digital_tattoo_message,tattoo_bit0,tattoo_bit0,0.0,208.0,,,0.9769122590791238,,False,,1,
p6_vdd_phase6.3_vdd_low_208,p6_vdd_fixed_chip1,mc_phase6_voltage_ber.py,phase6.3_vdd_low,2026-07-27,1.0,real_bsim_ptm,simulated,False,3.2,0.045,4,4.5,11.86,27.0,0.9,,0.0,,controlled_tattoo_stress,,digital_tattoo_message,tattoo_bit0,tattoo_bit0,0.0,208.0,,,0.9770188039201972,,False,,1,
p6_vdd_phase6.3_vdd_high_208,p6_vdd_fixed_chip1,mc_phase6_voltage_ber.py,phase6.3_vdd_high,2026-07-27,1.0,real_bsim_ptm,simulated,False,3.2,0.045,4,4.5,11.86,27.0,1.1,,0.0,,controlled_tattoo_stress,,digital_tattoo_message,tattoo_bit0,tattoo_bit0,0.0,208.0,,,0.9767975992381503,,False,,1,
p6_vdd_phase6.3_vdd_nominal_209,p6_vdd_fixed_chip1,mc_phase6_voltage_ber.py,phase6.3_vdd_nominal,2026-07-27,1.0,real_bsim_ptm,simulated,False,3.2,0.045,4,4.5,11.86,27.0,1.0,,60.0,,controlled_tattoo_stress,,digital_tattoo_message,tattoo_bit1,tattoo_bit1,1.0,209.0,,,0.17106498088741248,,False,,1,
p6_vdd_phase6.3_vdd_low_209,p6_vdd_fixed_chip1,mc_phase6_voltage_ber.py,phase6.3_vdd_low,2026-07-27,1.0,real_bsim_ptm,simulated,False,3.2,0.045,4,4.5,11.86,27.0,0.9,,60.0,,controlled_tattoo_stress,,digital_tattoo_message,tattoo_bit1,tattoo_bit1,1.0,209.0,,,0.1702129375495531,,False,,1,
p6_vdd_phase6.3_vdd_high_209,p6_vdd_fixed_chip1,mc_phase6_voltage_ber.py,phase6.3_vdd_high,2026-07-27,1.0,real_bsim_ptm,simulated,False,3.2,0.045,4,4.5,11.86,27.0,1.1,,60.0,,controlled_tattoo_stress,,digital_tattoo_message,tattoo_bit1,tattoo_bit1,1.0,209.0,,,0.1718915337325638,,False,,1,
p6_vdd_phase6.3_vdd_nominal_210,p6_vdd_fixed_chip1,mc_phase6_voltage_ber.py,phase6.3_vdd_nominal,2026-07-27,1.0,real_bsim_ptm,simulated,False,3.2,0.045,4,4.5,11.86,27.0,1.0,,60.0,,controlled_tattoo_stress,,digital_tattoo_message,tattoo_bit1,tattoo_bit1,1.0,210.0,,,0.2074247984601934,,False,,1,
p6_vdd_phase6.3_vdd_low_210,p6_vdd_fixed_chip1,mc_phase6_voltage_ber.py,phase6.3_vdd_low,2026-07-27,1.0,real_bsim_ptm,simulated,False,3.2,0.045,4,4.5,11.86,27.0,0.9,,60.0,,controlled_tattoo_stress,,digital_tattoo_message,tattoo_bit1,tattoo_bit1,1.0,210.0,,,0.20651838180793794,,False,,1,
p6_vdd_phase6.3_vdd_high_210,p6_vdd_fixed_chip1,mc_phase6_voltage_ber.py,phase6.3_vdd_high,2026-07-27,1.0,real_bsim_ptm,simulated,False,3.2,0.045,4,4.5,11.86,27.0,1.1,,60.0,,controlled_tattoo_stress,,digital_tattoo_message,tattoo_bit1,tattoo_bit1,1.0,210.0,,,0.20832921824571488,,False,,1,
p6_vdd_phase6.3_vdd_nominal_211,p6_vdd_fixed_chip1,mc_phase6_voltage_ber.py,phase6.3_vdd_nominal,2026-07-27,1.0,real_bsim_ptm,simulated,False,3.2,0.045,4,4.5,11.86,27.0,1.0,,0.0,,controlled_tattoo_stress,,digital_tattoo_message,tattoo_bit0,tattoo_bit0,0.0,211.0,,,1.3372832170663909,,False,,1,
p6_vdd_phase6.3_vdd_low_211,p6_vdd_fixed_chip1,mc_phase6_voltage_ber.py,phase6.3_vdd_low,2026-07-27,1.0,real_bsim_ptm,simulated,False,3.2,0.045,4,4.5,11.86,27.0,0.9,,0.0,,controlled_tattoo_stress,,digital_tattoo_message,tattoo_bit0,tattoo_bit0,0.0,211.0,,,1.3385983642373211,,False,,1,
p6_vdd_phase6.3_vdd_high_211,p6_vdd_fixed_chip1,mc_phase6_voltage_ber.py,phase6.3_vdd_high,2026-07-27,1.0,real_bsim_ptm,simulated,False,3.2,0.045,4,4.5,11.86,27.0,1.1,,0.0,,controlled_tattoo_stress,,digital_tattoo_message,tattoo_bit0,tattoo_bit0,0.0,211.0,,,1.3358478846971393,,False,,1,
p6_vdd_phase6.3_vdd_nominal_212,p6_vdd_fixed_chip1,mc_phase6_voltage_ber.py,phase6.3_vdd_nominal,2026-07-27,1.0,real_bsim_ptm,simulated,False,3.2,0.045,4,4.5,11.86,27.0,1.0,,0.0,,controlled_tattoo_stress,,digital_tattoo_message,tattoo_bit0,tattoo_bit0,0.0,212.0,,,1.3015945507700497,,False,,1,
p6_vdd_phase6.3_vdd_low_212,p6_vdd_fixed_chip1,mc_phase6_voltage_ber.py,phase6.3_vdd_low,2026-07-27,1.0,real_bsim_ptm,simulated,False,3.2,0.045,4,4.5,11.86,27.0,0.9,,0.0,,controlled_tattoo_stress,,digital_tattoo_message,tattoo_bit0,tattoo_bit0,0.0,212.0,,,1.3028060675469724,,False,,1,
p6_vdd_phase6.3_vdd_high_212,p6_vdd_fixed_chip1,mc_phase6_voltage_ber.py,phase6.3_vdd_high,2026-07-27,1.0,real_bsim_ptm,simulated,False,3.2,0.045,4,4.5,11.86,27.0,1.1,,0.0,,controlled_tattoo_stress,,digital_tattoo_message,tattoo_bit0,tattoo_bit0,0.0,212.0,,,1.3002654216916225,,False,,1,
p6_vdd_phase6.3_vdd_nominal_213,p6_vdd_fixed_chip1,mc_phase6_voltage_ber.py,phase6.3_vdd_nominal,2026-07-27,1.0,real_bsim_ptm,simulated,False,3.2,0.045,4,4.5,11.86,27.0,1.0,,0.0,,controlled_tattoo_stress,,digital_tattoo_message,tattoo_bit0,tattoo_bit0,0.0,213.0,,,1.0990340012660795,,False,,1,
p6_vdd_phase6.3_vdd_low_213,p6_vdd_fixed_chip1,mc_phase6_voltage_ber.py,phase6.3_vdd_low,2026-07-27,1.0,real_bsim_ptm,simulated,False,3.2,0.045,4,4.5,11.86,27.0,0.9,,0.0,,controlled_tattoo_stress,,digital_tattoo_message,tattoo_bit0,tattoo_bit0,0.0,213.0,,,1.0996526185356528,,False,,1,
p6_vdd_phase6.3_vdd_high_213,p6_vdd_fixed_chip1,mc_phase6_voltage_ber.py,phase6.3_vdd_high,2026-07-27,1.0,real_bsim_ptm,simulated,False,3.2,0.045,4,4.5,11.86,27.0,1.1,,0.0,,controlled_tattoo_stress,,digital_tattoo_message,tattoo_bit0,tattoo_bit0,0.0,213.0,,,1.098359738297995,,False,,1,
p6_vdd_phase6.3_vdd_nominal_214,p6_vdd_fixed_chip1,mc_phase6_voltage_ber.py,phase6.3_vdd_nominal,2026-07-27,1.0,real_bsim_ptm,simulated,False,3.2,0.045,4,4.5,11.86,27.0,1.0,,60.0,,controlled_tattoo_stress,,digital_tattoo_message,tattoo_bit1,tattoo_bit1,1.0,214.0,,,0.29006272873226424,,False,,1,
p6_vdd_phase6.3_vdd_low_214,p6_vdd_fixed_chip1,mc_phase6_voltage_ber.py,phase6.3_vdd_low,2026-07-27,1.0,real_bsim_ptm,simulated,False,3.2,0.045,4,4.5,11.86,27.0,0.9,,60.0,,controlled_tattoo_stress,,digital_tattoo_message,tattoo_bit1,tattoo_bit1,1.0,214.0,,,0.28909468987467696,,False,,1,
p6_vdd_phase6.3_vdd_high_214,p6_vdd_fixed_chip1,mc_phase6_voltage_ber.py,phase6.3_vdd_high,2026-07-27,1.0,real_bsim_ptm,simulated,False,3.2,0.045,4,4.5,11.86,27.0,1.1,,60.0,,controlled_tattoo_stress,,digital_tattoo_message,tattoo_bit1,tattoo_bit1,1.0,214.0,,,0.2910325465343434,,False,,1,
p6_vdd_phase6.3_vdd_nominal_215,p6_vdd_fixed_chip1,mc_phase6_voltage_ber.py,phase6.3_vdd_nominal,2026-07-27,1.0,real_bsim_ptm,simulated,False,3.2,0.045,4,4.5,11.86,27.0,1.0,,0.0,,controlled_tattoo_stress,,digital_tattoo_message,tattoo_bit0,tattoo_bit0,0.0,215.0,,,1.0366121544894413,,False,,1,
p6_vdd_phase6.3_vdd_low_215,p6_vdd_fixed_chip1,mc_phase6_voltage_ber.py,phase6.3_vdd_low,2026-07-27,1.0,real_bsim_ptm,simulated,False,3.2,0.045,4,4.5,11.86,27.0,0.9,,0.0,,controlled_tattoo_stress,,digital_tattoo_message,tattoo_bit0,tattoo_bit0,0.0,215.0,,,1.0367895394320557,,False,,1,
p6_vdd_phase6.3_vdd_high_215,p6_vdd_fixed_chip1,mc_phase6_voltage_ber.py,phase6.3_vdd_high,2026-07-27,1.0,real_bsim_ptm,simulated,False,3.2,0.045,4,4.5,11.86,27.0,1.1,,0.0,,controlled_tattoo_stress,,digital_tattoo_message,tattoo_bit0,tattoo_bit0,0.0,215.0,,,1.0364177656180198,,False,,1,
p6_vdd_phase6.3_vdd_nominal_216,p6_vdd_fixed_chip1,mc_phase6_voltage_ber.py,phase6.3_vdd_nominal,2026-07-27,1.0,real_bsim_ptm,simulated,False,3.2,0.045,4,4.5,11.86,27.0,1.0,,60.0,,controlled_tattoo_stress,,digital_tattoo_message,tattoo_bit1,tattoo_bit1,1.0,216.0,,,0.2119261583051066,,False,,1,
p6_vdd_phase6.3_vdd_low_216,p6_vdd_fixed_chip1,mc_phase6_voltage_ber.py,phase6.3_vdd_low,2026-07-27,1.0,real_bsim_ptm,simulated,False,3.2,0.045,4,4.5,11.86,27.0,0.9,,60.0,,controlled_tattoo_stress,,digital_tattoo_message,tattoo_bit1,tattoo_bit1,1.0,216.0,,,0.21101973560017084,,False,,1,
p6_vdd_phase6.3_vdd_high_216,p6_vdd_fixed_chip1,mc_phase6_voltage_ber.py,phase6.3_vdd_high,2026-07-27,1.0,real_bsim_ptm,simulated,False,3.2,0.045,4,4.5,11.86,27.0,1.1,,60.0,,controlled_tattoo_stress,,digital_tattoo_message,tattoo_bit1,tattoo_bit1,1.0,216.0,,,0.21282625301841523,,False,,1,
p6_vdd_phase6.3_vdd_nominal_217,p6_vdd_fixed_chip1,mc_phase6_voltage_ber.py,phase6.3_vdd_nominal,2026-07-27,1.0,real_bsim_ptm,simulated,False,3.2,0.045,4,4.5,11.86,27.0,1.0,,60.0,,controlled_tattoo_stress,,digital_tattoo_message,tattoo_bit1,tattoo_bit1,1.0,217.0,,,0.2648442083000743,,False,,1,
p6_vdd_phase6.3_vdd_low_217,p6_vdd_fixed_chip1,mc_phase6_voltage_ber.py,phase6.3_vdd_low,2026-07-27,1.0,real_bsim_ptm,simulated,False,3.2,0.045,4,4.5,11.86,27.0,0.9,,60.0,,controlled_tattoo_stress,,digital_tattoo_message,tattoo_bit1,tattoo_bit1,1.0,217.0,,,0.26387155197615475,,False,,1,
p6_vdd_phase6.3_vdd_high_217,p6_vdd_fixed_chip1,mc_phase6_voltage_ber.py,phase6.3_vdd_high,2026-07-27,1.0,real_bsim_ptm,simulated,False,3.2,0.045,4,4.5,11.86,27.0,1.1,,60.0,,controlled_tattoo_stress,,digital_tattoo_message,tattoo_bit1,tattoo_bit1,1.0,217.0,,,0.26582310079906035,,False,,1,
p6_vdd_phase6.3_vdd_nominal_218,p6_vdd_fixed_chip1,mc_phase6_voltage_ber.py,phase6.3_vdd_nominal,2026-07-27,1.0,real_bsim_ptm,simulated,False,3.2,0.045,4,4.5,11.86,27.0,1.0,,0.0,,controlled_tattoo_stress,,digital_tattoo_message,tattoo_bit0,tattoo_bit0,0.0,218.0,,,0.7846459059384725,,False,,1,
p6_vdd_phase6.3_vdd_low_218,p6_vdd_fixed_chip1,mc_phase6_voltage_ber.py,phase6.3_vdd_low,2026-07-27,1.0,real_bsim_ptm,simulated,False,3.2,0.045,4,4.5,11.86,27.0,0.9,,0.0,,controlled_tattoo_stress,,digital_tattoo_message,tattoo_bit0,tattoo_bit0,0.0,218.0,,,0.7840929024914709,,False,,1,
p6_vdd_phase6.3_vdd_high_218,p6_vdd_fixed_chip1,mc_phase6_voltage_ber.py,phase6.3_vdd_high,2026-07-27,1.0,real_bsim_ptm,simulated,False,3.2,0.045,4,4.5,11.86,27.0,1.1,,0.0,,controlled_tattoo_stress,,digital_tattoo_message,tattoo_bit0,tattoo_bit0,0.0,218.0,,,0.785243818029125,,False,,1,
p6_vdd_phase6.3_vdd_nominal_219,p6_vdd_fixed_chip1,mc_phase6_voltage_ber.py,phase6.3_vdd_nominal,2026-07-27,1.0,real_bsim_ptm,simulated,False,3.2,0.045,4,4.5,11.86,27.0,1.0,,0.0,,controlled_tattoo_stress,,digital_tattoo_message,tattoo_bit0,tattoo_bit0,0.0,219.0,,,1.163851652913325,,False,,1,
p6_vdd_phase6.3_vdd_low_219,p6_vdd_fixed_chip1,mc_phase6_voltage_ber.py,phase6.3_vdd_low,2026-07-27,1.0,real_bsim_ptm,simulated,False,3.2,0.045,4,4.5,11.86,27.0,0.9,,0.0,,controlled_tattoo_stress,,digital_tattoo_message,tattoo_bit0,tattoo_bit0,0.0,219.0,,,1.164848626643146,,False,,1,
p6_vdd_phase6.3_vdd_high_219,p6_vdd_fixed_chip1,mc_phase6_voltage_ber.py,phase6.3_vdd_high,2026-07-27,1.0,real_bsim_ptm,simulated,False,3.2,0.045,4,4.5,11.86,27.0,1.1,,0.0,,controlled_tattoo_stress,,digital_tattoo_message,tattoo_bit0,tattoo_bit0,0.0,219.0,,,1.1627904106866227,,False,,1,
p6_vdd_phase6.3_vdd_nominal_220,p6_vdd_fixed_chip1,mc_phase6_voltage_ber.py,phase6.3_vdd_nominal,2026-07-27,1.0,real_bsim_ptm,simulated,False,3.2,0.045,4,4.5,11.86,27.0,1.0,,60.0,,controlled_tattoo_stress,,digital_tattoo_message,tattoo_bit1,tattoo_bit1,1.0,220.0,,,0.13292077252304405,,False,,1,
p6_vdd_phase6.3_vdd_low_220,p6_vdd_fixed_chip1,mc_phase6_voltage_ber.py,phase6.3_vdd_low,2026-07-27,1.0,real_bsim_ptm,simulated,False,3.2,0.045,4,4.5,11.86,27.0,0.9,,60.0,,controlled_tattoo_stress,,digital_tattoo_message,tattoo_bit1,tattoo_bit1,1.0,220.0,,,0.13220673148604697,,False,,1,
p6_vdd_phase6.3_vdd_high_220,p6_vdd_fixed_chip1,mc_phase6_voltage_ber.py,phase6.3_vdd_high,2026-07-27,1.0,real_bsim_ptm,simulated,False,3.2,0.045,4,4.5,11.86,27.0,1.1,,60.0,,controlled_tattoo_stress,,digital_tattoo_message,tattoo_bit1,tattoo_bit1,1.0,220.0,,,0.13361632113841843,,False,,1,
p6_vdd_phase6.3_vdd_nominal_221,p6_vdd_fixed_chip1,mc_phase6_voltage_ber.py,phase6.3_vdd_nominal,2026-07-27,1.0,real_bsim_ptm,simulated,False,3.2,0.045,4,4.5,11.86,27.0,1.0,,0.0,,controlled_tattoo_stress,,digital_tattoo_message,tattoo_bit0,tattoo_bit0,0.0,221.0,,,0.9697023187217755,,False,,1,
p6_vdd_phase6.3_vdd_low_221,p6_vdd_fixed_chip1,mc_phase6_voltage_ber.py,phase6.3_vdd_low,2026-07-27,1.0,real_bsim_ptm,simulated,False,3.2,0.045,4,4.5,11.86,27.0,0.9,,0.0,,controlled_tattoo_stress,,digital_tattoo_message,tattoo_bit0,tattoo_bit0,0.0,221.0,,,0.9697582378660927,,False,,1,
p6_vdd_phase6.3_vdd_high_221,p6_vdd_fixed_chip1,mc_phase6_voltage_ber.py,phase6.3_vdd_high,2026-07-27,1.0,real_bsim_ptm,simulated,False,3.2,0.045,4,4.5,11.86,27.0,1.1,,0.0,,controlled_tattoo_stress,,digital_tattoo_message,tattoo_bit0,tattoo_bit0,0.0,221.0,,,0.9696284255866237,,False,,1,
p6_vdd_phase6.3_vdd_nominal_222,p6_vdd_fixed_chip1,mc_phase6_voltage_ber.py,phase6.3_vdd_nominal,2026-07-27,1.0,real_bsim_ptm,simulated,False,3.2,0.045,4,4.5,11.86,27.0,1.0,,0.0,,controlled_tattoo_stress,,digital_tattoo_message,tattoo_bit0,tattoo_bit0,0.0,222.0,,,1.3326225235816653,,False,,1,
p6_vdd_phase6.3_vdd_low_222,p6_vdd_fixed_chip1,mc_phase6_voltage_ber.py,phase6.3_vdd_low,2026-07-27,1.0,real_bsim_ptm,simulated,False,3.2,0.045,4,4.5,11.86,27.0,0.9,,0.0,,controlled_tattoo_stress,,digital_tattoo_message,tattoo_bit0,tattoo_bit0,0.0,222.0,,,1.334378149971965,,False,,1,
p6_vdd_phase6.3_vdd_high_222,p6_vdd_fixed_chip1,mc_phase6_voltage_ber.py,phase6.3_vdd_high,2026-07-27,1.0,real_bsim_ptm,simulated,False,3.2,0.045,4,4.5,11.86,27.0,1.1,,0.0,,controlled_tattoo_stress,,digital_tattoo_message,tattoo_bit0,tattoo_bit0,0.0,222.0,,,1.3307434493362353,,False,,1,
p6_vdd_phase6.3_vdd_nominal_223,p6_vdd_fixed_chip1,mc_phase6_voltage_ber.py,phase6.3_vdd_nominal,2026-07-27,1.0,real_bsim_ptm,simulated,False,3.2,0.045,4,4.5,11.86,27.0,1.0,,60.0,,controlled_tattoo_stress,,digital_tattoo_message,tattoo_bit1,tattoo_bit1,1.0,223.0,,,0.2775930142980909,,False,,1,
p6_vdd_phase6.3_vdd_low_223,p6_vdd_fixed_chip1,mc_phase6_voltage_ber.py,phase6.3_vdd_low,2026-07-27,1.0,real_bsim_ptm,simulated,False,3.2,0.045,4,4.5,11.86,27.0,0.9,,60.0,,controlled_tattoo_stress,,digital_tattoo_message,tattoo_bit1,tattoo_bit1,1.0,223.0,,,0.2766210248022998,,False,,1,
p6_vdd_phase6.3_vdd_high_223,p6_vdd_fixed_chip1,mc_phase6_voltage_ber.py,phase6.3_vdd_high,2026-07-27,1.0,real_bsim_ptm,simulated,False,3.2,0.045,4,4.5,11.86,27.0,1.1,,60.0,,controlled_tattoo_stress,,digital_tattoo_message,tattoo_bit1,tattoo_bit1,1.0,223.0,,,0.2785510763574117,,False,,1,
p6_vdd_phase6.3_vdd_nominal_224,p6_vdd_fixed_chip1,mc_phase6_voltage_ber.py,phase6.3_vdd_nominal,2026-07-27,1.0,real_bsim_ptm,simulated,False,3.2,0.045,4,4.5,11.86,27.0,1.0,,0.0,,controlled_tattoo_stress,,digital_tattoo_message,tattoo_bit0,tattoo_bit0,0.0,224.0,,,0.9856100769690359,,False,,1,
p6_vdd_phase6.3_vdd_low_224,p6_vdd_fixed_chip1,mc_phase6_voltage_ber.py,phase6.3_vdd_low,2026-07-27,1.0,real_bsim_ptm,simulated,False,3.2,0.045,4,4.5,11.86,27.0,0.9,,0.0,,controlled_tattoo_stress,,digital_tattoo_message,tattoo_bit0,tattoo_bit0,0.0,224.0,,,0.9857306369964316,,False,,1,
p6_vdd_phase6.3_vdd_high_224,p6_vdd_fixed_chip1,mc_phase6_voltage_ber.py,phase6.3_vdd_high,2026-07-27,1.0,real_bsim_ptm,simulated,False,3.2,0.045,4,4.5,11.86,27.0,1.1,,0.0,,controlled_tattoo_stress,,digital_tattoo_message,tattoo_bit0,tattoo_bit0,0.0,224.0,,,0.9854856547131056,,False,,1,
p6_vdd_phase6.3_vdd_nominal_225,p6_vdd_fixed_chip1,mc_phase6_voltage_ber.py,phase6.3_vdd_nominal,2026-07-27,1.0,real_bsim_ptm,simulated,False,3.2,0.045,4,4.5,11.86,27.0,1.0,,0.0,,controlled_tattoo_stress,,digital_tattoo_message,tattoo_bit0,tattoo_bit0,0.0,225.0,,,1.1675335279034087,,False,,1,
p6_vdd_phase6.3_vdd_low_225,p6_vdd_fixed_chip1,mc_phase6_voltage_ber.py,phase6.3_vdd_low,2026-07-27,1.0,real_bsim_ptm,simulated,False,3.2,0.045,4,4.5,11.86,27.0,0.9,,0.0,,controlled_tattoo_stress,,digital_tattoo_message,tattoo_bit0,tattoo_bit0,0.0,225.0,,,1.1682404645597275,,False,,1,
p6_vdd_phase6.3_vdd_high_225,p6_vdd_fixed_chip1,mc_phase6_voltage_ber.py,phase6.3_vdd_high,2026-07-27,1.0,real_bsim_ptm,simulated,False,3.2,0.045,4,4.5,11.86,27.0,1.1,,0.0,,controlled_tattoo_stress,,digital_tattoo_message,tattoo_bit0,tattoo_bit0,0.0,225.0,,,1.1667639582901057,,False,,1,
p6_vdd_phase6.3_vdd_nominal_226,p6_vdd_fixed_chip1,mc_phase6_voltage_ber.py,phase6.3_vdd_nominal,2026-07-27,1.0,real_bsim_ptm,simulated,False,3.2,0.045,4,4.5,11.86,27.0,1.0,,0.0,,controlled_tattoo_stress,,digital_tattoo_message,tattoo_bit0,tattoo_bit0,0.0,226.0,,,1.254891954608134,,False,,1,
p6_vdd_phase6.3_vdd_low_226,p6_vdd_fixed_chip1,mc_phase6_voltage_ber.py,phase6.3_vdd_low,2026-07-27,1.0,real_bsim_ptm,simulated,False,3.2,0.045,4,4.5,11.86,27.0,0.9,,0.0,,controlled_tattoo_stress,,digital_tattoo_message,tattoo_bit0,tattoo_bit0,0.0,226.0,,,1.2562681436948822,,False,,1,
p6_vdd_phase6.3_vdd_high_226,p6_vdd_fixed_chip1,mc_phase6_voltage_ber.py,phase6.3_vdd_high,2026-07-27,1.0,real_bsim_ptm,simulated,False,3.2,0.045,4,4.5,11.86,27.0,1.1,,0.0,,controlled_tattoo_stress,,digital_tattoo_message,tattoo_bit0,tattoo_bit0,0.0,226.0,,,1.2533830349263546,,False,,1,
p6_vdd_phase6.3_vdd_nominal_227,p6_vdd_fixed_chip1,mc_phase6_voltage_ber.py,phase6.3_vdd_nominal,2026-07-27,1.0,real_bsim_ptm,simulated,False,3.2,0.045,4,4.5,11.86,27.0,1.0,,60.0,,controlled_tattoo_stress,,digital_tattoo_message,tattoo_bit1,tattoo_bit1,1.0,227.0,,,0.1889084829653891,,False,,1,
p6_vdd_phase6.3_vdd_low_227,p6_vdd_fixed_chip1,mc_phase6_voltage_ber.py,phase6.3_vdd_low,2026-07-27,1.0,real_bsim_ptm,simulated,False,3.2,0.045,4,4.5,11.86,27.0,0.9,,60.0,,controlled_tattoo_stress,,digital_tattoo_message,tattoo_bit1,tattoo_bit1,1.0,227.0,,,0.1880208082397661,,False,,1,
p6_vdd_phase6.3_vdd_high_227,p6_vdd_fixed_chip1,mc_phase6_voltage_ber.py,phase6.3_vdd_high,2026-07-27,1.0,real_bsim_ptm,simulated,False,3.2,0.045,4,4.5,11.86,27.0,1.1,,60.0,,controlled_tattoo_stress,,digital_tattoo_message,tattoo_bit1,tattoo_bit1,1.0,227.0,,,0.18980214973997095,,False,,1,
p6_vdd_phase6.3_vdd_nominal_228,p6_vdd_fixed_chip1,mc_phase6_voltage_ber.py,phase6.3_vdd_nominal,2026-07-27,1.0,real_bsim_ptm,simulated,False,3.2,0.045,4,4.5,11.86,27.0,1.0,,0.0,,controlled_tattoo_stress,,digital_tattoo_message,tattoo_bit0,tattoo_bit0,0.0,228.0,,,0.5127802923492651,,False,,1,
p6_vdd_phase6.3_vdd_low_228,p6_vdd_fixed_chip1,mc_phase6_voltage_ber.py,phase6.3_vdd_low,2026-07-27,1.0,real_bsim_ptm,simulated,False,3.2,0.045,4,4.5,11.86,27.0,0.9,,0.0,,controlled_tattoo_stress,,digital_tattoo_message,tattoo_bit0,tattoo_bit0,0.0,228.0,,,0.5117361270804288,,False,,1,
p6_vdd_phase6.3_vdd_high_228,p6_vdd_fixed_chip1,mc_phase6_voltage_ber.py,phase6.3_vdd_high,2026-07-27,1.0,real_bsim_ptm,simulated,False,3.2,0.045,4,4.5,11.86,27.0,1.1,,0.0,,controlled_tattoo_stress,,digital_tattoo_message,tattoo_bit0,tattoo_bit0,0.0,228.0,,,0.5139287645099718,,False,,1,
p6_vdd_phase6.3_vdd_nominal_229,p6_vdd_fixed_chip1,mc_phase6_voltage_ber.py,phase6.3_vdd_nominal,2026-07-27,1.0,real_bsim_ptm,simulated,False,3.2,0.045,4,4.5,11.86,27.0,1.0,,60.0,,controlled_tattoo_stress,,digital_tattoo_message,tattoo_bit1,tattoo_bit1,1.0,229.0,,,0.21219927406020195,,False,,1,
p6_vdd_phase6.3_vdd_low_229,p6_vdd_fixed_chip1,mc_phase6_voltage_ber.py,phase6.3_vdd_low,2026-07-27,1.0,real_bsim_ptm,simulated,False,3.2,0.045,4,4.5,11.86,27.0,0.9,,60.0,,controlled_tattoo_stress,,digital_tattoo_message,tattoo_bit1,tattoo_bit1,1.0,229.0,,,0.21128155530536727,,False,,1,
p6_vdd_phase6.3_vdd_high_229,p6_vdd_fixed_chip1,mc_phase6_voltage_ber.py,phase6.3_vdd_high,2026-07-27,1.0,real_bsim_ptm,simulated,False,3.2,0.045,4,4.5,11.86,27.0,1.1,,60.0,,controlled_tattoo_stress,,digital_tattoo_message,tattoo_bit1,tattoo_bit1,1.0,229.0,,,0.21311198038606988,,False,,1,
p6_vdd_phase6.3_vdd_nominal_230,p6_vdd_fixed_chip1,mc_phase6_voltage_ber.py,phase6.3_vdd_nominal,2026-07-27,1.0,real_bsim_ptm,simulated,False,3.2,0.045,4,4.5,11.86,27.0,1.0,,60.0,,controlled_tattoo_stress,,digital_tattoo_message,tattoo_bit1,tattoo_bit1,1.0,230.0,,,0.16479965717883635,,False,,1,
p6_vdd_phase6.3_vdd_low_230,p6_vdd_fixed_chip1,mc_phase6_voltage_ber.py,phase6.3_vdd_low,2026-07-27,1.0,real_bsim_ptm,simulated,False,3.2,0.045,4,4.5,11.86,27.0,0.9,,60.0,,controlled_tattoo_stress,,digital_tattoo_message,tattoo_bit1,tattoo_bit1,1.0,230.0,,,0.1639667634493573,,False,,1,
p6_vdd_phase6.3_vdd_high_230,p6_vdd_fixed_chip1,mc_phase6_voltage_ber.py,phase6.3_vdd_high,2026-07-27,1.0,real_bsim_ptm,simulated,False,3.2,0.045,4,4.5,11.86,27.0,1.1,,60.0,,controlled_tattoo_stress,,digital_tattoo_message,tattoo_bit1,tattoo_bit1,1.0,230.0,,,0.16558215986508282,,False,,1,
p6_vdd_phase6.3_vdd_nominal_231,p6_vdd_fixed_chip1,mc_phase6_voltage_ber.py,phase6.3_vdd_nominal,2026-07-27,1.0,real_bsim_ptm,simulated,False,3.2,0.045,4,4.5,11.86,27.0,1.0,,0.0,,controlled_tattoo_stress,,digital_tattoo_message,tattoo_bit0,tattoo_bit0,0.0,231.0,,,0.8967467538796916,,False,,1,
p6_vdd_phase6.3_vdd_low_231,p6_vdd_fixed_chip1,mc_phase6_voltage_ber.py,phase6.3_vdd_low,2026-07-27,1.0,real_bsim_ptm,simulated,False,3.2,0.045,4,4.5,11.86,27.0,0.9,,0.0,,controlled_tattoo_stress,,digital_tattoo_message,tattoo_bit0,tattoo_bit0,0.0,231.0,,,0.8966400706646003,,False,,1,
p6_vdd_phase6.3_vdd_high_231,p6_vdd_fixed_chip1,mc_phase6_voltage_ber.py,phase6.3_vdd_high,2026-07-27,1.0,real_bsim_ptm,simulated,False,3.2,0.045,4,4.5,11.86,27.0,1.1,,0.0,,controlled_tattoo_stress,,digital_tattoo_message,tattoo_bit0,tattoo_bit0,0.0,231.0,,,0.8968727146594245,,False,,1,
p6_vdd_phase6.3_vdd_nominal_232,p6_vdd_fixed_chip1,mc_phase6_voltage_ber.py,phase6.3_vdd_nominal,2026-07-27,1.0,real_bsim_ptm,simulated,False,3.2,0.045,4,4.5,11.86,27.0,1.0,,0.0,,controlled_tattoo_stress,,digital_tattoo_message,tattoo_bit0,tattoo_bit0,0.0,232.0,,,1.5458649667029252,,False,,1,
p6_vdd_phase6.3_vdd_low_232,p6_vdd_fixed_chip1,mc_phase6_voltage_ber.py,phase6.3_vdd_low,2026-07-27,1.0,real_bsim_ptm,simulated,False,3.2,0.045,4,4.5,11.86,27.0,0.9,,0.0,,controlled_tattoo_stress,,digital_tattoo_message,tattoo_bit0,tattoo_bit0,0.0,232.0,,,1.548135130054913,,False,,1,
p6_vdd_phase6.3_vdd_high_232,p6_vdd_fixed_chip1,mc_phase6_voltage_ber.py,phase6.3_vdd_high,2026-07-27,1.0,real_bsim_ptm,simulated,False,3.2,0.045,4,4.5,11.86,27.0,1.1,,0.0,,controlled_tattoo_stress,,digital_tattoo_message,tattoo_bit0,tattoo_bit0,0.0,232.0,,,1.5433874146139015,,False,,1,
p6_vdd_phase6.3_vdd_nominal_233,p6_vdd_fixed_chip1,mc_phase6_voltage_ber.py,phase6.3_vdd_nominal,2026-07-27,1.0,real_bsim_ptm,simulated,False,3.2,0.045,4,4.5,11.86,27.0,1.0,,0.0,,controlled_tattoo_stress,,digital_tattoo_message,tattoo_bit0,tattoo_bit0,0.0,233.0,,,1.3184280023877357,,False,,1,
p6_vdd_phase6.3_vdd_low_233,p6_vdd_fixed_chip1,mc_phase6_voltage_ber.py,phase6.3_vdd_low,2026-07-27,1.0,real_bsim_ptm,simulated,False,3.2,0.045,4,4.5,11.86,27.0,0.9,,0.0,,controlled_tattoo_stress,,digital_tattoo_message,tattoo_bit0,tattoo_bit0,0.0,233.0,,,1.320305670735812,,False,,1,
p6_vdd_phase6.3_vdd_high_233,p6_vdd_fixed_chip1,mc_phase6_voltage_ber.py,phase6.3_vdd_high,2026-07-27,1.0,real_bsim_ptm,simulated,False,3.2,0.045,4,4.5,11.86,27.0,1.1,,0.0,,controlled_tattoo_stress,,digital_tattoo_message,tattoo_bit0,tattoo_bit0,0.0,233.0,,,1.316474748480112,,False,,1,
p6_vdd_phase6.3_vdd_nominal_234,p6_vdd_fixed_chip1,mc_phase6_voltage_ber.py,phase6.3_vdd_nominal,2026-07-27,1.0,real_bsim_ptm,simulated,False,3.2,0.045,4,4.5,11.86,27.0,1.0,,60.0,,controlled_tattoo_stress,,digital_tattoo_message,tattoo_bit1,tattoo_bit1,1.0,234.0,,,0.26124698472981756,,False,,1,
p6_vdd_phase6.3_vdd_low_234,p6_vdd_fixed_chip1,mc_phase6_voltage_ber.py,phase6.3_vdd_low,2026-07-27,1.0,real_bsim_ptm,simulated,False,3.2,0.045,4,4.5,11.86,27.0,0.9,,60.0,,controlled_tattoo_stress,,digital_tattoo_message,tattoo_bit1,tattoo_bit1,1.0,234.0,,,0.2603632044669483,,False,,1,
p6_vdd_phase6.3_vdd_high_234,p6_vdd_fixed_chip1,mc_phase6_voltage_ber.py,phase6.3_vdd_high,2026-07-27,1.0,real_bsim_ptm,simulated,False,3.2,0.045,4,4.5,11.86,27.0,1.1,,60.0,,controlled_tattoo_stress,,digital_tattoo_message,tattoo_bit1,tattoo_bit1,1.0,234.0,,,0.2621111780214626,,False,,1,
p6_vdd_phase6.3_vdd_nominal_235,p6_vdd_fixed_chip1,mc_phase6_voltage_ber.py,phase6.3_vdd_nominal,2026-07-27,1.0,real_bsim_ptm,simulated,False,3.2,0.045,4,4.5,11.86,27.0,1.0,,0.0,,controlled_tattoo_stress,,digital_tattoo_message,tattoo_bit0,tattoo_bit0,0.0,235.0,,,0.8697070972641661,,False,,1,
p6_vdd_phase6.3_vdd_low_235,p6_vdd_fixed_chip1,mc_phase6_voltage_ber.py,phase6.3_vdd_low,2026-07-27,1.0,real_bsim_ptm,simulated,False,3.2,0.045,4,4.5,11.86,27.0,0.9,,0.0,,controlled_tattoo_stress,,digital_tattoo_message,tattoo_bit0,tattoo_bit0,0.0,235.0,,,0.8695585776301881,,False,,1,
p6_vdd_phase6.3_vdd_high_235,p6_vdd_fixed_chip1,mc_phase6_voltage_ber.py,phase6.3_vdd_high,2026-07-27,1.0,real_bsim_ptm,simulated,False,3.2,0.045,4,4.5,11.86,27.0,1.1,,0.0,,controlled_tattoo_stress,,digital_tattoo_message,tattoo_bit0,tattoo_bit0,0.0,235.0,,,0.8698682556945848,,False,,1,
p6_vdd_phase6.3_vdd_nominal_236,p6_vdd_fixed_chip1,mc_phase6_voltage_ber.py,phase6.3_vdd_nominal,2026-07-27,1.0,real_bsim_ptm,simulated,False,3.2,0.045,4,4.5,11.86,27.0,1.0,,60.0,,controlled_tattoo_stress,,digital_tattoo_message,tattoo_bit1,tattoo_bit1,1.0,236.0,,,0.23658527598595452,,False,,1,
p6_vdd_phase6.3_vdd_low_236,p6_vdd_fixed_chip1,mc_phase6_voltage_ber.py,phase6.3_vdd_low,2026-07-27,1.0,real_bsim_ptm,simulated,False,3.2,0.045,4,4.5,11.86,27.0,0.9,,60.0,,controlled_tattoo_stress,,digital_tattoo_message,tattoo_bit1,tattoo_bit1,1.0,236.0,,,0.23569549968288472,,False,,1,
p6_vdd_phase6.3_vdd_high_236,p6_vdd_fixed_chip1,mc_phase6_voltage_ber.py,phase6.3_vdd_high,2026-07-27,1.0,real_bsim_ptm,simulated,False,3.2,0.045,4,4.5,11.86,27.0,1.1,,60.0,,controlled_tattoo_stress,,digital_tattoo_message,tattoo_bit1,tattoo_bit1,1.0,236.0,,,0.2374885886308843,,False,,1,
p6_vdd_phase6.3_vdd_nominal_237,p6_vdd_fixed_chip1,mc_phase6_voltage_ber.py,phase6.3_vdd_nominal,2026-07-27,1.0,real_bsim_ptm,simulated,False,3.2,0.045,4,4.5,11.86,27.0,1.0,,60.0,,controlled_tattoo_stress,,digital_tattoo_message,tattoo_bit1,tattoo_bit1,1.0,237.0,,,0.25550372207148475,,False,,1,
p6_vdd_phase6.3_vdd_low_237,p6_vdd_fixed_chip1,mc_phase6_voltage_ber.py,phase6.3_vdd_low,2026-07-27,1.0,real_bsim_ptm,simulated,False,3.2,0.045,4,4.5,11.86,27.0,0.9,,60.0,,controlled_tattoo_stress,,digital_tattoo_message,tattoo_bit1,tattoo_bit1,1.0,237.0,,,0.25454666295239853,,False,,1,
p6_vdd_phase6.3_vdd_high_237,p6_vdd_fixed_chip1,mc_phase6_voltage_ber.py,phase6.3_vdd_high,2026-07-27,1.0,real_bsim_ptm,simulated,False,3.2,0.045,4,4.5,11.86,27.0,1.1,,60.0,,controlled_tattoo_stress,,digital_tattoo_message,tattoo_bit1,tattoo_bit1,1.0,237.0,,,0.2564436948133415,,False,,1,
p6_vdd_phase6.3_vdd_nominal_238,p6_vdd_fixed_chip1,mc_phase6_voltage_ber.py,phase6.3_vdd_nominal,2026-07-27,1.0,real_bsim_ptm,simulated,False,3.2,0.045,4,4.5,11.86,27.0,1.0,,60.0,,controlled_tattoo_stress,,digital_tattoo_message,tattoo_bit1,tattoo_bit1,1.0,238.0,,,0.23754951398828655,,False,,1,
p6_vdd_phase6.3_vdd_low_238,p6_vdd_fixed_chip1,mc_phase6_voltage_ber.py,phase6.3_vdd_low,2026-07-27,1.0,real_bsim_ptm,simulated,False,3.2,0.045,4,4.5,11.86,27.0,0.9,,60.0,,controlled_tattoo_stress,,digital_tattoo_message,tattoo_bit1,tattoo_bit1,1.0,238.0,,,0.2366145517334972,,False,,1,
p6_vdd_phase6.3_vdd_high_238,p6_vdd_fixed_chip1,mc_phase6_voltage_ber.py,phase6.3_vdd_high,2026-07-27,1.0,real_bsim_ptm,simulated,False,3.2,0.045,4,4.5,11.86,27.0,1.1,,60.0,,controlled_tattoo_stress,,digital_tattoo_message,tattoo_bit1,tattoo_bit1,1.0,238.0,,,0.23847942957340976,,False,,1,
p6_vdd_phase6.3_vdd_nominal_239,p6_vdd_fixed_chip1,mc_phase6_voltage_ber.py,phase6.3_vdd_nominal,2026-07-27,1.0,real_bsim_ptm,simulated,False,3.2,0.045,4,4.5,11.86,27.0,1.0,,60.0,,controlled_tattoo_stress,,digital_tattoo_message,tattoo_bit1,tattoo_bit1,1.0,239.0,,,0.1486203688511857,,False,,1,
p6_vdd_phase6.3_vdd_low_239,p6_vdd_fixed_chip1,mc_phase6_voltage_ber.py,phase6.3_vdd_low,2026-07-27,1.0,real_bsim_ptm,simulated,False,3.2,0.045,4,4.5,11.86,27.0,0.9,,60.0,,controlled_tattoo_stress,,digital_tattoo_message,tattoo_bit1,tattoo_bit1,1.0,239.0,,,0.1478202631715309,,False,,1,
p6_vdd_phase6.3_vdd_high_239,p6_vdd_fixed_chip1,mc_phase6_voltage_ber.py,phase6.3_vdd_high,2026-07-27,1.0,real_bsim_ptm,simulated,False,3.2,0.045,4,4.5,11.86,27.0,1.1,,60.0,,controlled_tattoo_stress,,digital_tattoo_message,tattoo_bit1,tattoo_bit1,1.0,239.0,,,0.14940974216120967,,False,,1,
p6_vdd_phase6.3_vdd_nominal_240,p6_vdd_fixed_chip1,mc_phase6_voltage_ber.py,phase6.3_vdd_nominal,2026-07-27,1.0,real_bsim_ptm,simulated,False,3.2,0.045,4,4.5,11.86,27.0,1.0,,0.0,,controlled_tattoo_stress,,digital_tattoo_message,tattoo_bit0,tattoo_bit0,0.0,240.0,,,1.622274734108446,,False,,1,
p6_vdd_phase6.3_vdd_low_240,p6_vdd_fixed_chip1,mc_phase6_voltage_ber.py,phase6.3_vdd_low,2026-07-27,1.0,real_bsim_ptm,simulated,False,3.2,0.045,4,4.5,11.86,27.0,0.9,,0.0,,controlled_tattoo_stress,,digital_tattoo_message,tattoo_bit0,tattoo_bit0,0.0,240.0,,,1.6251940269782206,,False,,1,
p6_vdd_phase6.3_vdd_high_240,p6_vdd_fixed_chip1,mc_phase6_voltage_ber.py,phase6.3_vdd_high,2026-07-27,1.0,real_bsim_ptm,simulated,False,3.2,0.045,4,4.5,11.86,27.0,1.1,,0.0,,controlled_tattoo_stress,,digital_tattoo_message,tattoo_bit0,tattoo_bit0,0.0,240.0,,,1.619125666702387,,False,,1,
p6_vdd_phase6.3_vdd_nominal_241,p6_vdd_fixed_chip1,mc_phase6_voltage_ber.py,phase6.3_vdd_nominal,2026-07-27,1.0,real_bsim_ptm,simulated,False,3.2,0.045,4,4.5,11.86,27.0,1.0,,60.0,,controlled_tattoo_stress,,digital_tattoo_message,tattoo_bit1,tattoo_bit1,1.0,241.0,,,0.21837079865397493,,False,,1,
p6_vdd_phase6.3_vdd_low_241,p6_vdd_fixed_chip1,mc_phase6_voltage_ber.py,phase6.3_vdd_low,2026-07-27,1.0,real_bsim_ptm,simulated,False,3.2,0.045,4,4.5,11.86,27.0,0.9,,60.0,,controlled_tattoo_stress,,digital_tattoo_message,tattoo_bit1,tattoo_bit1,1.0,241.0,,,0.21746737162049623,,False,,1,
p6_vdd_phase6.3_vdd_high_241,p6_vdd_fixed_chip1,mc_phase6_voltage_ber.py,phase6.3_vdd_high,2026-07-27,1.0,real_bsim_ptm,simulated,False,3.2,0.045,4,4.5,11.86,27.0,1.1,,60.0,,controlled_tattoo_stress,,digital_tattoo_message,tattoo_bit1,tattoo_bit1,1.0,241.0,,,0.21923845706619205,,False,,1,
p6_vdd_phase6.3_vdd_nominal_242,p6_vdd_fixed_chip1,mc_phase6_voltage_ber.py,phase6.3_vdd_nominal,2026-07-27,1.0,real_bsim_ptm,simulated,False,3.2,0.045,4,4.5,11.86,27.0,1.0,,60.0,,controlled_tattoo_stress,,digital_tattoo_message,tattoo_bit1,tattoo_bit1,1.0,242.0,,,0.30071493858697185,,False,,1,
p6_vdd_phase6.3_vdd_low_242,p6_vdd_fixed_chip1,mc_phase6_voltage_ber.py,phase6.3_vdd_low,2026-07-27,1.0,real_bsim_ptm,simulated,False,3.2,0.045,4,4.5,11.86,27.0,0.9,,60.0,,controlled_tattoo_stress,,digital_tattoo_message,tattoo_bit1,tattoo_bit1,1.0,242.0,,,0.29968986005905196,,False,,1,
p6_vdd_phase6.3_vdd_high_242,p6_vdd_fixed_chip1,mc_phase6_voltage_ber.py,phase6.3_vdd_high,2026-07-27,1.0,real_bsim_ptm,simulated,False,3.2,0.045,4,4.5,11.86,27.0,1.1,,60.0,,controlled_tattoo_stress,,digital_tattoo_message,tattoo_bit1,tattoo_bit1,1.0,242.0,,,0.301657003689509,,False,,1,
p6_vdd_phase6.3_vdd_nominal_243,p6_vdd_fixed_chip1,mc_phase6_voltage_ber.py,phase6.3_vdd_nominal,2026-07-27,1.0,real_bsim_ptm,simulated,False,3.2,0.045,4,4.5,11.86,27.0,1.0,,60.0,,controlled_tattoo_stress,,digital_tattoo_message,tattoo_bit1,tattoo_bit1,1.0,243.0,,,0.28891645510904124,,False,,1,
p6_vdd_phase6.3_vdd_low_243,p6_vdd_fixed_chip1,mc_phase6_voltage_ber.py,phase6.3_vdd_low,2026-07-27,1.0,real_bsim_ptm,simulated,False,3.2,0.045,4,4.5,11.86,27.0,0.9,,60.0,,controlled_tattoo_stress,,digital_tattoo_message,tattoo_bit1,tattoo_bit1,1.0,243.0,,,0.2879892758400814,,False,,1,
p6_vdd_phase6.3_vdd_high_243,p6_vdd_fixed_chip1,mc_phase6_voltage_ber.py,phase6.3_vdd_high,2026-07-27,1.0,real_bsim_ptm,simulated,False,3.2,0.045,4,4.5,11.86,27.0,1.1,,60.0,,controlled_tattoo_stress,,digital_tattoo_message,tattoo_bit1,tattoo_bit1,1.0,243.0,,,0.2898358440987412,,False,,1,
p6_vdd_phase6.3_vdd_nominal_244,p6_vdd_fixed_chip1,mc_phase6_voltage_ber.py,phase6.3_vdd_nominal,2026-07-27,1.0,real_bsim_ptm,simulated,False,3.2,0.045,4,4.5,11.86,27.0,1.0,,0.0,,controlled_tattoo_stress,,digital_tattoo_message,tattoo_bit0,tattoo_bit0,0.0,244.0,,,1.0581836231299446,,False,,1,
p6_vdd_phase6.3_vdd_low_244,p6_vdd_fixed_chip1,mc_phase6_voltage_ber.py,phase6.3_vdd_low,2026-07-27,1.0,real_bsim_ptm,simulated,False,3.2,0.045,4,4.5,11.86,27.0,0.9,,0.0,,controlled_tattoo_stress,,digital_tattoo_message,tattoo_bit0,tattoo_bit0,0.0,244.0,,,1.05887272895398,,False,,1,
p6_vdd_phase6.3_vdd_high_244,p6_vdd_fixed_chip1,mc_phase6_voltage_ber.py,phase6.3_vdd_high,2026-07-27,1.0,real_bsim_ptm,simulated,False,3.2,0.045,4,4.5,11.86,27.0,1.1,,0.0,,controlled_tattoo_stress,,digital_tattoo_message,tattoo_bit0,tattoo_bit0,0.0,244.0,,,1.057426230184301,,False,,1,
p6_vdd_phase6.3_vdd_nominal_245,p6_vdd_fixed_chip1,mc_phase6_voltage_ber.py,phase6.3_vdd_nominal,2026-07-27,1.0,real_bsim_ptm,simulated,False,3.2,0.045,4,4.5,11.86,27.0,1.0,,60.0,,controlled_tattoo_stress,,digital_tattoo_message,tattoo_bit1,tattoo_bit1,1.0,245.0,,,0.16752615038400978,,False,,1,
p6_vdd_phase6.3_vdd_low_245,p6_vdd_fixed_chip1,mc_phase6_voltage_ber.py,phase6.3_vdd_low,2026-07-27,1.0,real_bsim_ptm,simulated,False,3.2,0.045,4,4.5,11.86,27.0,0.9,,60.0,,controlled_tattoo_stress,,digital_tattoo_message,tattoo_bit1,tattoo_bit1,1.0,245.0,,,0.16668438291175444,,False,,1,
p6_vdd_phase6.3_vdd_high_245,p6_vdd_fixed_chip1,mc_phase6_voltage_ber.py,phase6.3_vdd_high,2026-07-27,1.0,real_bsim_ptm,simulated,False,3.2,0.045,4,4.5,11.86,27.0,1.1,,60.0,,controlled_tattoo_stress,,digital_tattoo_message,tattoo_bit1,tattoo_bit1,1.0,245.0,,,0.1683671089624068,,False,,1,
p6_vdd_phase6.3_vdd_nominal_246,p6_vdd_fixed_chip1,mc_phase6_voltage_ber.py,phase6.3_vdd_nominal,2026-07-27,1.0,real_bsim_ptm,simulated,False,3.2,0.045,4,4.5,11.86,27.0,1.0,,60.0,,controlled_tattoo_stress,,digital_tattoo_message,tattoo_bit1,tattoo_bit1,1.0,246.0,,,0.2047180197934589,,False,,1,
p6_vdd_phase6.3_vdd_low_246,p6_vdd_fixed_chip1,mc_phase6_voltage_ber.py,phase6.3_vdd_low,2026-07-27,1.0,real_bsim_ptm,simulated,False,3.2,0.045,4,4.5,11.86,27.0,0.9,,60.0,,controlled_tattoo_stress,,digital_tattoo_message,tattoo_bit1,tattoo_bit1,1.0,246.0,,,0.20381334564373763,,False,,1,
p6_vdd_phase6.3_vdd_high_246,p6_vdd_fixed_chip1,mc_phase6_voltage_ber.py,phase6.3_vdd_high,2026-07-27,1.0,real_bsim_ptm,simulated,False,3.2,0.045,4,4.5,11.86,27.0,1.1,,60.0,,controlled_tattoo_stress,,digital_tattoo_message,tattoo_bit1,tattoo_bit1,1.0,246.0,,,0.20561115112207304,,False,,1,
p6_vdd_phase6.3_vdd_nominal_247,p6_vdd_fixed_chip1,mc_phase6_voltage_ber.py,phase6.3_vdd_nominal,2026-07-27,1.0,real_bsim_ptm,simulated,False,3.2,0.045,4,4.5,11.86,27.0,1.0,,60.0,,controlled_tattoo_stress,,digital_tattoo_message,tattoo_bit1,tattoo_bit1,1.0,247.0,,,0.1635713994229963,,False,,1,
p6_vdd_phase6.3_vdd_low_247,p6_vdd_fixed_chip1,mc_phase6_voltage_ber.py,phase6.3_vdd_low,2026-07-27,1.0,real_bsim_ptm,simulated,False,3.2,0.045,4,4.5,11.86,27.0,0.9,,60.0,,controlled_tattoo_stress,,digital_tattoo_message,tattoo_bit1,tattoo_bit1,1.0,247.0,,,0.1627224813804365,,False,,1,
p6_vdd_phase6.3_vdd_high_247,p6_vdd_fixed_chip1,mc_phase6_voltage_ber.py,phase6.3_vdd_high,2026-07-27,1.0,real_bsim_ptm,simulated,False,3.2,0.045,4,4.5,11.86,27.0,1.1,,60.0,,controlled_tattoo_stress,,digital_tattoo_message,tattoo_bit1,tattoo_bit1,1.0,247.0,,,0.1643764220992811,,False,,1,
p6_vdd_phase6.3_vdd_nominal_248,p6_vdd_fixed_chip1,mc_phase6_voltage_ber.py,phase6.3_vdd_nominal,2026-07-27,1.0,real_bsim_ptm,simulated,False,3.2,0.045,4,4.5,11.86,27.0,1.0,,60.0,,controlled_tattoo_stress,,digital_tattoo_message,tattoo_bit1,tattoo_bit1,1.0,248.0,,,0.1878447437496966,,False,,1,
p6_vdd_phase6.3_vdd_low_248,p6_vdd_fixed_chip1,mc_phase6_voltage_ber.py,phase6.3_vdd_low,2026-07-27,1.0,real_bsim_ptm,simulated,False,3.2,0.045,4,4.5,11.86,27.0,0.9,,60.0,,controlled_tattoo_stress,,digital_tattoo_message,tattoo_bit1,tattoo_bit1,1.0,248.0,,,0.18699947545668738,,False,,1,
p6_vdd_phase6.3_vdd_high_248,p6_vdd_fixed_chip1,mc_phase6_voltage_ber.py,phase6.3_vdd_high,2026-07-27,1.0,real_bsim_ptm,simulated,False,3.2,0.045,4,4.5,11.86,27.0,1.1,,60.0,,controlled_tattoo_stress,,digital_tattoo_message,tattoo_bit1,tattoo_bit1,1.0,248.0,,,0.18864067066478457,,False,,1,
p6_vdd_phase6.3_vdd_nominal_249,p6_vdd_fixed_chip1,mc_phase6_voltage_ber.py,phase6.3_vdd_nominal,2026-07-27,1.0,real_bsim_ptm,simulated,False,3.2,0.045,4,4.5,11.86,27.0,1.0,,60.0,,controlled_tattoo_stress,,digital_tattoo_message,tattoo_bit1,tattoo_bit1,1.0,249.0,,,0.17969954768386648,,False,,1,
p6_vdd_phase6.3_vdd_low_249,p6_vdd_fixed_chip1,mc_phase6_voltage_ber.py,phase6.3_vdd_low,2026-07-27,1.0,real_bsim_ptm,simulated,False,3.2,0.045,4,4.5,11.86,27.0,0.9,,60.0,,controlled_tattoo_stress,,digital_tattoo_message,tattoo_bit1,tattoo_bit1,1.0,249.0,,,0.17886505775338435,,False,,1,
p6_vdd_phase6.3_vdd_high_249,p6_vdd_fixed_chip1,mc_phase6_voltage_ber.py,phase6.3_vdd_high,2026-07-27,1.0,real_bsim_ptm,simulated,False,3.2,0.045,4,4.5,11.86,27.0,1.1,,60.0,,controlled_tattoo_stress,,digital_tattoo_message,tattoo_bit1,tattoo_bit1,1.0,249.0,,,0.1805065308804808,,False,,1,
p6_vdd_phase6.3_vdd_nominal_250,p6_vdd_fixed_chip1,mc_phase6_voltage_ber.py,phase6.3_vdd_nominal,2026-07-27,1.0,real_bsim_ptm,simulated,False,3.2,0.045,4,4.5,11.86,27.0,1.0,,60.0,,controlled_tattoo_stress,,digital_tattoo_message,tattoo_bit1,tattoo_bit1,1.0,250.0,,,0.2719894315799848,,False,,1,
p6_vdd_phase6.3_vdd_low_250,p6_vdd_fixed_chip1,mc_phase6_voltage_ber.py,phase6.3_vdd_low,2026-07-27,1.0,real_bsim_ptm,simulated,False,3.2,0.045,4,4.5,11.86,27.0,0.9,,60.0,,controlled_tattoo_stress,,digital_tattoo_message,tattoo_bit1,tattoo_bit1,1.0,250.0,,,0.2710144190854047,,False,,1,
p6_vdd_phase6.3_vdd_high_250,p6_vdd_fixed_chip1,mc_phase6_voltage_ber.py,phase6.3_vdd_high,2026-07-27,1.0,real_bsim_ptm,simulated,False,3.2,0.045,4,4.5,11.86,27.0,1.1,,60.0,,controlled_tattoo_stress,,digital_tattoo_message,tattoo_bit1,tattoo_bit1,1.0,250.0,,,0.2729425466359439,,False,,1,
p6_vdd_phase6.3_vdd_nominal_251,p6_vdd_fixed_chip1,mc_phase6_voltage_ber.py,phase6.3_vdd_nominal,2026-07-27,1.0,real_bsim_ptm,simulated,False,3.2,0.045,4,4.5,11.86,27.0,1.0,,0.0,,controlled_tattoo_stress,,digital_tattoo_message,tattoo_bit0,tattoo_bit0,0.0,251.0,,,1.0124145695391993,,False,,1,
p6_vdd_phase6.3_vdd_low_251,p6_vdd_fixed_chip1,mc_phase6_voltage_ber.py,phase6.3_vdd_low,2026-07-27,1.0,real_bsim_ptm,simulated,False,3.2,0.045,4,4.5,11.86,27.0,0.9,,0.0,,controlled_tattoo_stress,,digital_tattoo_message,tattoo_bit0,tattoo_bit0,0.0,251.0,,,1.0127795585572257,,False,,1,
p6_vdd_phase6.3_vdd_high_251,p6_vdd_fixed_chip1,mc_phase6_voltage_ber.py,phase6.3_vdd_high,2026-07-27,1.0,real_bsim_ptm,simulated,False,3.2,0.045,4,4.5,11.86,27.0,1.1,,0.0,,controlled_tattoo_stress,,digital_tattoo_message,tattoo_bit0,tattoo_bit0,0.0,251.0,,,1.0120917461688164,,False,,1,
p6_vdd_phase6.3_vdd_nominal_252,p6_vdd_fixed_chip1,mc_phase6_voltage_ber.py,phase6.3_vdd_nominal,2026-07-27,1.0,real_bsim_ptm,simulated,False,3.2,0.045,4,4.5,11.86,27.0,1.0,,60.0,,controlled_tattoo_stress,,digital_tattoo_message,tattoo_bit1,tattoo_bit1,1.0,252.0,,,0.2753150764711695,,False,,1,
p6_vdd_phase6.3_vdd_low_252,p6_vdd_fixed_chip1,mc_phase6_voltage_ber.py,phase6.3_vdd_low,2026-07-27,1.0,real_bsim_ptm,simulated,False,3.2,0.045,4,4.5,11.86,27.0,0.9,,60.0,,controlled_tattoo_stress,,digital_tattoo_message,tattoo_bit1,tattoo_bit1,1.0,252.0,,,0.274343146669122,,False,,1,
p6_vdd_phase6.3_vdd_high_252,p6_vdd_fixed_chip1,mc_phase6_voltage_ber.py,phase6.3_vdd_high,2026-07-27,1.0,real_bsim_ptm,simulated,False,3.2,0.045,4,4.5,11.86,27.0,1.1,,60.0,,controlled_tattoo_stress,,digital_tattoo_message,tattoo_bit1,tattoo_bit1,1.0,252.0,,,0.2762772167246415,,False,,1,
p6_vdd_phase6.3_vdd_nominal_253,p6_vdd_fixed_chip1,mc_phase6_voltage_ber.py,phase6.3_vdd_nominal,2026-07-27,1.0,real_bsim_ptm,simulated,False,3.2,0.045,4,4.5,11.86,27.0,1.0,,0.0,,controlled_tattoo_stress,,digital_tattoo_message,tattoo_bit0,tattoo_bit0,0.0,253.0,,,1.0144168051574673,,False,,1,
p6_vdd_phase6.3_vdd_low_253,p6_vdd_fixed_chip1,mc_phase6_voltage_ber.py,phase6.3_vdd_low,2026-07-27,1.0,real_bsim_ptm,simulated,False,3.2,0.045,4,4.5,11.86,27.0,0.9,,0.0,,controlled_tattoo_stress,,digital_tattoo_message,tattoo_bit0,tattoo_bit0,0.0,253.0,,,1.0147057953070415,,False,,1,
p6_vdd_phase6.3_vdd_high_253,p6_vdd_fixed_chip1,mc_phase6_voltage_ber.py,phase6.3_vdd_high,2026-07-27,1.0,real_bsim_ptm,simulated,False,3.2,0.045,4,4.5,11.86,27.0,1.1,,0.0,,controlled_tattoo_stress,,digital_tattoo_message,tattoo_bit0,tattoo_bit0,0.0,253.0,,,1.014088995944637,,False,,1,
p6_vdd_phase6.3_vdd_nominal_254,p6_vdd_fixed_chip1,mc_phase6_voltage_ber.py,phase6.3_vdd_nominal,2026-07-27,1.0,real_bsim_ptm,simulated,False,3.2,0.045,4,4.5,11.86,27.0,1.0,,60.0,,controlled_tattoo_stress,,digital_tattoo_message,tattoo_bit1,tattoo_bit1,1.0,254.0,,,0.2835952337193857,,False,,1,
p6_vdd_phase6.3_vdd_low_254,p6_vdd_fixed_chip1,mc_phase6_voltage_ber.py,phase6.3_vdd_low,2026-07-27,1.0,real_bsim_ptm,simulated,False,3.2,0.045,4,4.5,11.86,27.0,0.9,,60.0,,controlled_tattoo_stress,,digital_tattoo_message,tattoo_bit1,tattoo_bit1,1.0,254.0,,,0.28264463098035797,,False,,1,
p6_vdd_phase6.3_vdd_high_254,p6_vdd_fixed_chip1,mc_phase6_voltage_ber.py,phase6.3_vdd_high,2026-07-27,1.0,real_bsim_ptm,simulated,False,3.2,0.045,4,4.5,11.86,27.0,1.1,,60.0,,controlled_tattoo_stress,,digital_tattoo_message,tattoo_bit1,tattoo_bit1,1.0,254.0,,,0.2845737076644537,,False,,1,
p6_vdd_phase6.3_vdd_nominal_255,p6_vdd_fixed_chip1,mc_phase6_voltage_ber.py,phase6.3_vdd_nominal,2026-07-27,1.0,real_bsim_ptm,simulated,False,3.2,0.045,4,4.5,11.86,27.0,1.0,,0.0,,controlled_tattoo_stress,,digital_tattoo_message,tattoo_bit0,tattoo_bit0,0.0,255.0,,,0.9521966795571237,,False,,1,
p6_vdd_phase6.3_vdd_low_255,p6_vdd_fixed_chip1,mc_phase6_voltage_ber.py,phase6.3_vdd_low,2026-07-27,1.0,real_bsim_ptm,simulated,False,3.2,0.045,4,4.5,11.86,27.0,0.9,,0.0,,controlled_tattoo_stress,,digital_tattoo_message,tattoo_bit0,tattoo_bit0,0.0,255.0,,,0.9520964125733477,,False,,1,
p6_vdd_phase6.3_vdd_high_255,p6_vdd_fixed_chip1,mc_phase6_voltage_ber.py,phase6.3_vdd_high,2026-07-27,1.0,real_bsim_ptm,simulated,False,3.2,0.045,4,4.5,11.86,27.0,1.1,,0.0,,controlled_tattoo_stress,,digital_tattoo_message,tattoo_bit0,tattoo_bit0,0.0,255.0,,,0.9523067595280398,,False,,1,
p7_multichip_0_0,p7_multichip_0,mc_phase7_multichip.py,phase7_multichip,2026-07-27,1.0,real_bsim_ptm,simulated,False,3.2,0.045,4,4.5,11.86,27.0,,,0.0,,controlled_tattoo_stress,,digital_tattoo_message,tattoo_bit0,tattoo_bit0,0.0,0.0,,,1.7176648713975475,,False,,1,
p7_multichip_0_1,p7_multichip_0,mc_phase7_multichip.py,phase7_multichip,2026-07-27,1.0,real_bsim_ptm,simulated,False,3.2,0.045,4,4.5,11.86,27.0,,,0.0,,controlled_tattoo_stress,,digital_tattoo_message,tattoo_bit0,tattoo_bit0,0.0,1.0,,,1.4191923555269357,,False,,1,
p7_multichip_0_2,p7_multichip_0,mc_phase7_multichip.py,phase7_multichip,2026-07-27,1.0,real_bsim_ptm,simulated,False,3.2,0.045,4,4.5,11.86,27.0,,,0.0,,controlled_tattoo_stress,,digital_tattoo_message,tattoo_bit0,tattoo_bit0,0.0,2.0,,,1.3195896706564791,,False,,1,
p7_multichip_0_3,p7_multichip_0,mc_phase7_multichip.py,phase7_multichip,2026-07-27,1.0,real_bsim_ptm,simulated,False,3.2,0.045,4,4.5,11.86,27.0,,,0.0,,controlled_tattoo_stress,,digital_tattoo_message,tattoo_bit0,tattoo_bit0,0.0,3.0,,,0.5940723655459246,,False,,1,
p7_multichip_0_4,p7_multichip_0,mc_phase7_multichip.py,phase7_multichip,2026-07-27,1.0,real_bsim_ptm,simulated,False,3.2,0.045,4,4.5,11.86,27.0,,,60.0,,controlled_tattoo_stress,,digital_tattoo_message,tattoo_bit1,tattoo_bit1,1.0,4.0,,,0.12937362680442693,,False,,1,
p7_multichip_0_5,p7_multichip_0,mc_phase7_multichip.py,phase7_multichip,2026-07-27,1.0,real_bsim_ptm,simulated,False,3.2,0.045,4,4.5,11.86,27.0,,,0.0,,controlled_tattoo_stress,,digital_tattoo_message,tattoo_bit0,tattoo_bit0,0.0,5.0,,,1.1032917656859238,,False,,1,
p7_multichip_0_6,p7_multichip_0,mc_phase7_multichip.py,phase7_multichip,2026-07-27,1.0,real_bsim_ptm,simulated,False,3.2,0.045,4,4.5,11.86,27.0,,,0.0,,controlled_tattoo_stress,,digital_tattoo_message,tattoo_bit0,tattoo_bit0,0.0,6.0,,,0.8387586432719824,,False,,1,
p7_multichip_0_7,p7_multichip_0,mc_phase7_multichip.py,phase7_multichip,2026-07-27,1.0,real_bsim_ptm,simulated,False,3.2,0.045,4,4.5,11.86,27.0,,,60.0,,controlled_tattoo_stress,,digital_tattoo_message,tattoo_bit1,tattoo_bit1,1.0,7.0,,,0.21695059987313756,,False,,1,
p7_multichip_0_8,p7_multichip_0,mc_phase7_multichip.py,phase7_multichip,2026-07-27,1.0,real_bsim_ptm,simulated,False,3.2,0.045,4,4.5,11.86,27.0,,,0.0,,controlled_tattoo_stress,,digital_tattoo_message,tattoo_bit0,tattoo_bit0,0.0,8.0,,,1.1056732152019135,,False,,1,
p7_multichip_0_9,p7_multichip_0,mc_phase7_multichip.py,phase7_multichip,2026-07-27,1.0,real_bsim_ptm,simulated,False,3.2,0.045,4,4.5,11.86,27.0,,,0.0,,controlled_tattoo_stress,,digital_tattoo_message,tattoo_bit0,tattoo_bit0,0.0,9.0,,,1.1183366568305313,,False,,1,
p7_multichip_0_10,p7_multichip_0,mc_phase7_multichip.py,phase7_multichip,2026-07-27,1.0,real_bsim_ptm,simulated,False,3.2,0.045,4,4.5,11.86,27.0,,,60.0,,controlled_tattoo_stress,,digital_tattoo_message,tattoo_bit1,tattoo_bit1,1.0,10.0,,,0.2182256577441582,,False,,1,
p7_multichip_0_11,p7_multichip_0,mc_phase7_multichip.py,phase7_multichip,2026-07-27,1.0,real_bsim_ptm,simulated,False,3.2,0.045,4,4.5,11.86,27.0,,,60.0,,controlled_tattoo_stress,,digital_tattoo_message,tattoo_bit1,tattoo_bit1,1.0,11.0,,,0.20997546086975144,,False,,1,
p7_multichip_0_12,p7_multichip_0,mc_phase7_multichip.py,phase7_multichip,2026-07-27,1.0,real_bsim_ptm,simulated,False,3.2,0.045,4,4.5,11.86,27.0,,,60.0,,controlled_tattoo_stress,,digital_tattoo_message,tattoo_bit1,tattoo_bit1,1.0,12.0,,,0.17441303368645716,,False,,1,
p7_multichip_0_13,p7_multichip_0,mc_phase7_multichip.py,phase7_multichip,2026-07-27,1.0,real_bsim_ptm,simulated,False,3.2,0.045,4,4.5,11.86,27.0,,,0.0,,controlled_tattoo_stress,,digital_tattoo_message,tattoo_bit0,tattoo_bit0,0.0,13.0,,,1.3322623183366746,,False,,1,
p7_multichip_0_14,p7_multichip_0,mc_phase7_multichip.py,phase7_multichip,2026-07-27,1.0,real_bsim_ptm,simulated,False,3.2,0.045,4,4.5,11.86,27.0,,,0.0,,controlled_tattoo_stress,,digital_tattoo_message,tattoo_bit0,tattoo_bit0,0.0,14.0,,,1.3369073602947878,,False,,1,
p7_multichip_0_15,p7_multichip_0,mc_phase7_multichip.py,phase7_multichip,2026-07-27,1.0,real_bsim_ptm,simulated,False,3.2,0.045,4,4.5,11.86,27.0,,,0.0,,controlled_tattoo_stress,,digital_tattoo_message,tattoo_bit0,tattoo_bit0,0.0,15.0,,,1.092187639437234,,False,,1,
p7_multichip_0_16,p7_multichip_0,mc_phase7_multichip.py,phase7_multichip,2026-07-27,1.0,real_bsim_ptm,simulated,False,3.2,0.045,4,4.5,11.86,27.0,,,0.0,,controlled_tattoo_stress,,digital_tattoo_message,tattoo_bit0,tattoo_bit0,0.0,16.0,,,0.9667432002423962,,False,,1,
p7_multichip_0_17,p7_multichip_0,mc_phase7_multichip.py,phase7_multichip,2026-07-27,1.0,real_bsim_ptm,simulated,False,3.2,0.045,4,4.5,11.86,27.0,,,0.0,,controlled_tattoo_stress,,digital_tattoo_message,tattoo_bit0,tattoo_bit0,0.0,17.0,,,1.3451420644903656,,False,,1,
p7_multichip_0_18,p7_multichip_0,mc_phase7_multichip.py,phase7_multichip,2026-07-27,1.0,real_bsim_ptm,simulated,False,3.2,0.045,4,4.5,11.86,27.0,,,60.0,,controlled_tattoo_stress,,digital_tattoo_message,tattoo_bit1,tattoo_bit1,1.0,18.0,,,0.17108928303204796,,False,,1,
p7_multichip_0_19,p7_multichip_0,mc_phase7_multichip.py,phase7_multichip,2026-07-27,1.0,real_bsim_ptm,simulated,False,3.2,0.045,4,4.5,11.86,27.0,,,60.0,,controlled_tattoo_stress,,digital_tattoo_message,tattoo_bit1,tattoo_bit1,1.0,19.0,,,0.21381791616153628,,False,,1,
p7_multichip_0_20,p7_multichip_0,mc_phase7_multichip.py,phase7_multichip,2026-07-27,1.0,real_bsim_ptm,simulated,False,3.2,0.045,4,4.5,11.86,27.0,,,60.0,,controlled_tattoo_stress,,digital_tattoo_message,tattoo_bit1,tattoo_bit1,1.0,20.0,,,0.20890027265853012,,False,,1,
p7_multichip_0_21,p7_multichip_0,mc_phase7_multichip.py,phase7_multichip,2026-07-27,1.0,real_bsim_ptm,simulated,False,3.2,0.045,4,4.5,11.86,27.0,,,0.0,,controlled_tattoo_stress,,digital_tattoo_message,tattoo_bit0,tattoo_bit0,0.0,21.0,,,0.8299764046497877,,False,,1,
p7_multichip_0_22,p7_multichip_0,mc_phase7_multichip.py,phase7_multichip,2026-07-27,1.0,real_bsim_ptm,simulated,False,3.2,0.045,4,4.5,11.86,27.0,,,60.0,,controlled_tattoo_stress,,digital_tattoo_message,tattoo_bit1,tattoo_bit1,1.0,22.0,,,0.3240888487901691,,False,,1,
p7_multichip_0_23,p7_multichip_0,mc_phase7_multichip.py,phase7_multichip,2026-07-27,1.0,real_bsim_ptm,simulated,False,3.2,0.045,4,4.5,11.86,27.0,,,0.0,,controlled_tattoo_stress,,digital_tattoo_message,tattoo_bit0,tattoo_bit0,0.0,23.0,,,1.6926964801608655,,False,,1,
p7_multichip_0_24,p7_multichip_0,mc_phase7_multichip.py,phase7_multichip,2026-07-27,1.0,real_bsim_ptm,simulated,False,3.2,0.045,4,4.5,11.86,27.0,,,60.0,,controlled_tattoo_stress,,digital_tattoo_message,tattoo_bit1,tattoo_bit1,1.0,24.0,,,0.20262496060392124,,False,,1,
p7_multichip_0_25,p7_multichip_0,mc_phase7_multichip.py,phase7_multichip,2026-07-27,1.0,real_bsim_ptm,simulated,False,3.2,0.045,4,4.5,11.86,27.0,,,0.0,,controlled_tattoo_stress,,digital_tattoo_message,tattoo_bit0,tattoo_bit0,0.0,25.0,,,1.2106266742972378,,False,,1,
p7_multichip_0_26,p7_multichip_0,mc_phase7_multichip.py,phase7_multichip,2026-07-27,1.0,real_bsim_ptm,simulated,False,3.2,0.045,4,4.5,11.86,27.0,,,60.0,,controlled_tattoo_stress,,digital_tattoo_message,tattoo_bit1,tattoo_bit1,1.0,26.0,,,0.1941406239628306,,False,,1,
p7_multichip_0_27,p7_multichip_0,mc_phase7_multichip.py,phase7_multichip,2026-07-27,1.0,real_bsim_ptm,simulated,False,3.2,0.045,4,4.5,11.86,27.0,,,60.0,,controlled_tattoo_stress,,digital_tattoo_message,tattoo_bit1,tattoo_bit1,1.0,27.0,,,0.3002226180249872,,False,,1,
p7_multichip_0_28,p7_multichip_0,mc_phase7_multichip.py,phase7_multichip,2026-07-27,1.0,real_bsim_ptm,simulated,False,3.2,0.045,4,4.5,11.86,27.0,,,0.0,,controlled_tattoo_stress,,digital_tattoo_message,tattoo_bit0,tattoo_bit0,0.0,28.0,,,0.777994333636657,,False,,1,
p7_multichip_0_29,p7_multichip_0,mc_phase7_multichip.py,phase7_multichip,2026-07-27,1.0,real_bsim_ptm,simulated,False,3.2,0.045,4,4.5,11.86,27.0,,,0.0,,controlled_tattoo_stress,,digital_tattoo_message,tattoo_bit0,tattoo_bit0,0.0,29.0,,,1.068281474824397,,False,,1,
p7_multichip_0_30,p7_multichip_0,mc_phase7_multichip.py,phase7_multichip,2026-07-27,1.0,real_bsim_ptm,simulated,False,3.2,0.045,4,4.5,11.86,27.0,,,0.0,,controlled_tattoo_stress,,digital_tattoo_message,tattoo_bit0,tattoo_bit0,0.0,30.0,,,1.5167724260258162,,False,,1,
p7_multichip_0_31,p7_multichip_0,mc_phase7_multichip.py,phase7_multichip,2026-07-27,1.0,real_bsim_ptm,simulated,False,3.2,0.045,4,4.5,11.86,27.0,,,0.0,,controlled_tattoo_stress,,digital_tattoo_message,tattoo_bit0,tattoo_bit0,0.0,31.0,,,1.5400174940034677,,False,,1,
p7_multichip_0_32,p7_multichip_0,mc_phase7_multichip.py,phase7_multichip,2026-07-27,1.0,real_bsim_ptm,simulated,False,3.2,0.045,4,4.5,11.86,27.0,,,60.0,,controlled_tattoo_stress,,digital_tattoo_message,tattoo_bit1,tattoo_bit1,1.0,32.0,,,0.1682173510607981,,False,,1,
p7_multichip_0_33,p7_multichip_0,mc_phase7_multichip.py,phase7_multichip,2026-07-27,1.0,real_bsim_ptm,simulated,False,3.2,0.045,4,4.5,11.86,27.0,,,0.0,,controlled_tattoo_stress,,digital_tattoo_message,tattoo_bit0,tattoo_bit0,0.0,33.0,,,1.3850754195146984,,False,,1,
p7_multichip_0_34,p7_multichip_0,mc_phase7_multichip.py,phase7_multichip,2026-07-27,1.0,real_bsim_ptm,simulated,False,3.2,0.045,4,4.5,11.86,27.0,,,60.0,,controlled_tattoo_stress,,digital_tattoo_message,tattoo_bit1,tattoo_bit1,1.0,34.0,,,0.12953528317381902,,False,,1,
p7_multichip_0_35,p7_multichip_0,mc_phase7_multichip.py,phase7_multichip,2026-07-27,1.0,real_bsim_ptm,simulated,False,3.2,0.045,4,4.5,11.86,27.0,,,60.0,,controlled_tattoo_stress,,digital_tattoo_message,tattoo_bit1,tattoo_bit1,1.0,35.0,,,0.19164965042973756,,False,,1,
p7_multichip_0_36,p7_multichip_0,mc_phase7_multichip.py,phase7_multichip,2026-07-27,1.0,real_bsim_ptm,simulated,False,3.2,0.045,4,4.5,11.86,27.0,,,60.0,,controlled_tattoo_stress,,digital_tattoo_message,tattoo_bit1,tattoo_bit1,1.0,36.0,,,0.26761088611055217,,False,,1,
p7_multichip_0_37,p7_multichip_0,mc_phase7_multichip.py,phase7_multichip,2026-07-27,1.0,real_bsim_ptm,simulated,False,3.2,0.045,4,4.5,11.86,27.0,,,0.0,,controlled_tattoo_stress,,digital_tattoo_message,tattoo_bit0,tattoo_bit0,0.0,37.0,,,1.205728346296318,,False,,1,
p7_multichip_0_38,p7_multichip_0,mc_phase7_multichip.py,phase7_multichip,2026-07-27,1.0,real_bsim_ptm,simulated,False,3.2,0.045,4,4.5,11.86,27.0,,,0.0,,controlled_tattoo_stress,,digital_tattoo_message,tattoo_bit0,tattoo_bit0,0.0,38.0,,,0.9825216558061332,,False,,1,
p7_multichip_0_39,p7_multichip_0,mc_phase7_multichip.py,phase7_multichip,2026-07-27,1.0,real_bsim_ptm,simulated,False,3.2,0.045,4,4.5,11.86,27.0,,,0.0,,controlled_tattoo_stress,,digital_tattoo_message,tattoo_bit0,tattoo_bit0,0.0,39.0,,,0.7402209712721044,,False,,1,
p7_multichip_0_40,p7_multichip_0,mc_phase7_multichip.py,phase7_multichip,2026-07-27,1.0,real_bsim_ptm,simulated,False,3.2,0.045,4,4.5,11.86,27.0,,,0.0,,controlled_tattoo_stress,,digital_tattoo_message,tattoo_bit0,tattoo_bit0,0.0,40.0,,,1.2279922458663932,,False,,1,
p7_multichip_0_41,p7_multichip_0,mc_phase7_multichip.py,phase7_multichip,2026-07-27,1.0,real_bsim_ptm,simulated,False,3.2,0.045,4,4.5,11.86,27.0,,,0.0,,controlled_tattoo_stress,,digital_tattoo_message,tattoo_bit0,tattoo_bit0,0.0,41.0,,,0.9173602939921344,,False,,1,
p7_multichip_0_42,p7_multichip_0,mc_phase7_multichip.py,phase7_multichip,2026-07-27,1.0,real_bsim_ptm,simulated,False,3.2,0.045,4,4.5,11.86,27.0,,,60.0,,controlled_tattoo_stress,,digital_tattoo_message,tattoo_bit1,tattoo_bit1,1.0,42.0,,,0.25595726636816407,,False,,1,
p7_multichip_0_43,p7_multichip_0,mc_phase7_multichip.py,phase7_multichip,2026-07-27,1.0,real_bsim_ptm,simulated,False,3.2,0.045,4,4.5,11.86,27.0,,,0.0,,controlled_tattoo_stress,,digital_tattoo_message,tattoo_bit0,tattoo_bit0,0.0,43.0,,,0.8199092126603151,,False,,1,
p7_multichip_0_44,p7_multichip_0,mc_phase7_multichip.py,phase7_multichip,2026-07-27,1.0,real_bsim_ptm,simulated,False,3.2,0.045,4,4.5,11.86,27.0,,,0.0,,controlled_tattoo_stress,,digital_tattoo_message,tattoo_bit0,tattoo_bit0,0.0,44.0,,,1.6703107949242741,,False,,1,
p7_multichip_0_45,p7_multichip_0,mc_phase7_multichip.py,phase7_multichip,2026-07-27,1.0,real_bsim_ptm,simulated,False,3.2,0.045,4,4.5,11.86,27.0,,,0.0,,controlled_tattoo_stress,,digital_tattoo_message,tattoo_bit0,tattoo_bit0,0.0,45.0,,,0.7801664297355884,,False,,1,
p7_multichip_0_46,p7_multichip_0,mc_phase7_multichip.py,phase7_multichip,2026-07-27,1.0,real_bsim_ptm,simulated,False,3.2,0.045,4,4.5,11.86,27.0,,,0.0,,controlled_tattoo_stress,,digital_tattoo_message,tattoo_bit0,tattoo_bit0,0.0,46.0,,,0.8825310074304289,,False,,1,
p7_multichip_0_47,p7_multichip_0,mc_phase7_multichip.py,phase7_multichip,2026-07-27,1.0,real_bsim_ptm,simulated,False,3.2,0.045,4,4.5,11.86,27.0,,,0.0,,controlled_tattoo_stress,,digital_tattoo_message,tattoo_bit0,tattoo_bit0,0.0,47.0,,,0.8052457057376491,,False,,1,
p7_multichip_0_48,p7_multichip_0,mc_phase7_multichip.py,phase7_multichip,2026-07-27,1.0,real_bsim_ptm,simulated,False,3.2,0.045,4,4.5,11.86,27.0,,,0.0,,controlled_tattoo_stress,,digital_tattoo_message,tattoo_bit0,tattoo_bit0,0.0,48.0,,,0.9524025236326309,,False,,1,
p7_multichip_0_49,p7_multichip_0,mc_phase7_multichip.py,phase7_multichip,2026-07-27,1.0,real_bsim_ptm,simulated,False,3.2,0.045,4,4.5,11.86,27.0,,,0.0,,controlled_tattoo_stress,,digital_tattoo_message,tattoo_bit0,tattoo_bit0,0.0,49.0,,,0.8830466634242664,,False,,1,
p7_multichip_0_50,p7_multichip_0,mc_phase7_multichip.py,phase7_multichip,2026-07-27,1.0,real_bsim_ptm,simulated,False,3.2,0.045,4,4.5,11.86,27.0,,,60.0,,controlled_tattoo_stress,,digital_tattoo_message,tattoo_bit1,tattoo_bit1,1.0,50.0,,,0.16419742370102933,,False,,1,
p7_multichip_0_51,p7_multichip_0,mc_phase7_multichip.py,phase7_multichip,2026-07-27,1.0,real_bsim_ptm,simulated,False,3.2,0.045,4,4.5,11.86,27.0,,,60.0,,controlled_tattoo_stress,,digital_tattoo_message,tattoo_bit1,tattoo_bit1,1.0,51.0,,,0.2610698269477358,,False,,1,
p7_multichip_0_52,p7_multichip_0,mc_phase7_multichip.py,phase7_multichip,2026-07-27,1.0,real_bsim_ptm,simulated,False,3.2,0.045,4,4.5,11.86,27.0,,,0.0,,controlled_tattoo_stress,,digital_tattoo_message,tattoo_bit0,tattoo_bit0,0.0,52.0,,,1.0522409736779212,,False,,1,
p7_multichip_0_53,p7_multichip_0,mc_phase7_multichip.py,phase7_multichip,2026-07-27,1.0,real_bsim_ptm,simulated,False,3.2,0.045,4,4.5,11.86,27.0,,,60.0,,controlled_tattoo_stress,,digital_tattoo_message,tattoo_bit1,tattoo_bit1,1.0,53.0,,,0.1892511027501203,,False,,1,
p7_multichip_0_54,p7_multichip_0,mc_phase7_multichip.py,phase7_multichip,2026-07-27,1.0,real_bsim_ptm,simulated,False,3.2,0.045,4,4.5,11.86,27.0,,,0.0,,controlled_tattoo_stress,,digital_tattoo_message,tattoo_bit0,tattoo_bit0,0.0,54.0,,,1.026982937065418,,False,,1,
p7_multichip_0_55,p7_multichip_0,mc_phase7_multichip.py,phase7_multichip,2026-07-27,1.0,real_bsim_ptm,simulated,False,3.2,0.045,4,4.5,11.86,27.0,,,0.0,,controlled_tattoo_stress,,digital_tattoo_message,tattoo_bit0,tattoo_bit0,0.0,55.0,,,1.0930233048524962,,False,,1,
p7_multichip_0_56,p7_multichip_0,mc_phase7_multichip.py,phase7_multichip,2026-07-27,1.0,real_bsim_ptm,simulated,False,3.2,0.045,4,4.5,11.86,27.0,,,60.0,,controlled_tattoo_stress,,digital_tattoo_message,tattoo_bit1,tattoo_bit1,1.0,56.0,,,0.24963812685844378,,False,,1,
p7_multichip_0_57,p7_multichip_0,mc_phase7_multichip.py,phase7_multichip,2026-07-27,1.0,real_bsim_ptm,simulated,False,3.2,0.045,4,4.5,11.86,27.0,,,0.0,,controlled_tattoo_stress,,digital_tattoo_message,tattoo_bit0,tattoo_bit0,0.0,57.0,,,1.0343353689439851,,False,,1,
p7_multichip_0_58,p7_multichip_0,mc_phase7_multichip.py,phase7_multichip,2026-07-27,1.0,real_bsim_ptm,simulated,False,3.2,0.045,4,4.5,11.86,27.0,,,0.0,,controlled_tattoo_stress,,digital_tattoo_message,tattoo_bit0,tattoo_bit0,0.0,58.0,,,1.1006905581443822,,False,,1,
p7_multichip_0_59,p7_multichip_0,mc_phase7_multichip.py,phase7_multichip,2026-07-27,1.0,real_bsim_ptm,simulated,False,3.2,0.045,4,4.5,11.86,27.0,,,0.0,,controlled_tattoo_stress,,digital_tattoo_message,tattoo_bit0,tattoo_bit0,0.0,59.0,,,0.9505957471007442,,False,,1,
p7_multichip_0_60,p7_multichip_0,mc_phase7_multichip.py,phase7_multichip,2026-07-27,1.0,real_bsim_ptm,simulated,False,3.2,0.045,4,4.5,11.86,27.0,,,60.0,,controlled_tattoo_stress,,digital_tattoo_message,tattoo_bit1,tattoo_bit1,1.0,60.0,,,0.2048805327807191,,False,,1,
p7_multichip_0_61,p7_multichip_0,mc_phase7_multichip.py,phase7_multichip,2026-07-27,1.0,real_bsim_ptm,simulated,False,3.2,0.045,4,4.5,11.86,27.0,,,60.0,,controlled_tattoo_stress,,digital_tattoo_message,tattoo_bit1,tattoo_bit1,1.0,61.0,,,0.3100884640786391,,False,,1,
p7_multichip_0_62,p7_multichip_0,mc_phase7_multichip.py,phase7_multichip,2026-07-27,1.0,real_bsim_ptm,simulated,False,3.2,0.045,4,4.5,11.86,27.0,,,60.0,,controlled_tattoo_stress,,digital_tattoo_message,tattoo_bit1,tattoo_bit1,1.0,62.0,,,0.20440153011861542,,False,,1,
p7_multichip_0_63,p7_multichip_0,mc_phase7_multichip.py,phase7_multichip,2026-07-27,1.0,real_bsim_ptm,simulated,False,3.2,0.045,4,4.5,11.86,27.0,,,60.0,,controlled_tattoo_stress,,digital_tattoo_message,tattoo_bit1,tattoo_bit1,1.0,63.0,,,0.16084617185603944,,False,,1,
p7_multichip_1_0,p7_multichip_1,mc_phase7_multichip.py,phase7_multichip,2026-07-27,1.0,real_bsim_ptm,simulated,False,3.2,0.045,4,4.5,11.86,27.0,,,60.0,,controlled_tattoo_stress,,digital_tattoo_message,tattoo_bit1,tattoo_bit1,1.0,0.0,,,0.2020893484402833,,False,,1,
p7_multichip_1_1,p7_multichip_1,mc_phase7_multichip.py,phase7_multichip,2026-07-27,1.0,real_bsim_ptm,simulated,False,3.2,0.045,4,4.5,11.86,27.0,,,60.0,,controlled_tattoo_stress,,digital_tattoo_message,tattoo_bit1,tattoo_bit1,1.0,1.0,,,0.12502408075611304,,False,,1,
p7_multichip_1_2,p7_multichip_1,mc_phase7_multichip.py,phase7_multichip,2026-07-27,1.0,real_bsim_ptm,simulated,False,3.2,0.045,4,4.5,11.86,27.0,,,60.0,,controlled_tattoo_stress,,digital_tattoo_message,tattoo_bit1,tattoo_bit1,1.0,2.0,,,0.251077531166713,,False,,1,
p7_multichip_1_3,p7_multichip_1,mc_phase7_multichip.py,phase7_multichip,2026-07-27,1.0,real_bsim_ptm,simulated,False,3.2,0.045,4,4.5,11.86,27.0,,,0.0,,controlled_tattoo_stress,,digital_tattoo_message,tattoo_bit0,tattoo_bit0,0.0,3.0,,,0.6301956998557023,,False,,1,
p7_multichip_1_4,p7_multichip_1,mc_phase7_multichip.py,phase7_multichip,2026-07-27,1.0,real_bsim_ptm,simulated,False,3.2,0.045,4,4.5,11.86,27.0,,,0.0,,controlled_tattoo_stress,,digital_tattoo_message,tattoo_bit0,tattoo_bit0,0.0,4.0,,,0.8932586359565409,,False,,1,
p7_multichip_1_5,p7_multichip_1,mc_phase7_multichip.py,phase7_multichip,2026-07-27,1.0,real_bsim_ptm,simulated,False,3.2,0.045,4,4.5,11.86,27.0,,,0.0,,controlled_tattoo_stress,,digital_tattoo_message,tattoo_bit0,tattoo_bit0,0.0,5.0,,,0.8745134678541937,,False,,1,
p7_multichip_1_6,p7_multichip_1,mc_phase7_multichip.py,phase7_multichip,2026-07-27,1.0,real_bsim_ptm,simulated,False,3.2,0.045,4,4.5,11.86,27.0,,,60.0,,controlled_tattoo_stress,,digital_tattoo_message,tattoo_bit1,tattoo_bit1,1.0,6.0,,,0.18679749890152278,,False,,1,
p7_multichip_1_7,p7_multichip_1,mc_phase7_multichip.py,phase7_multichip,2026-07-27,1.0,real_bsim_ptm,simulated,False,3.2,0.045,4,4.5,11.86,27.0,,,0.0,,controlled_tattoo_stress,,digital_tattoo_message,tattoo_bit0,tattoo_bit0,0.0,7.0,,,2.0503526994801953,,False,,1,
p7_multichip_1_8,p7_multichip_1,mc_phase7_multichip.py,phase7_multichip,2026-07-27,1.0,real_bsim_ptm,simulated,False,3.2,0.045,4,4.5,11.86,27.0,,,60.0,,controlled_tattoo_stress,,digital_tattoo_message,tattoo_bit1,tattoo_bit1,1.0,8.0,,,0.2915159132550571,,False,,1,
p7_multichip_1_9,p7_multichip_1,mc_phase7_multichip.py,phase7_multichip,2026-07-27,1.0,real_bsim_ptm,simulated,False,3.2,0.045,4,4.5,11.86,27.0,,,0.0,,controlled_tattoo_stress,,digital_tattoo_message,tattoo_bit0,tattoo_bit0,0.0,9.0,,,1.0146638473823817,,False,,1,
p7_multichip_1_10,p7_multichip_1,mc_phase7_multichip.py,phase7_multichip,2026-07-27,1.0,real_bsim_ptm,simulated,False,3.2,0.045,4,4.5,11.86,27.0,,,0.0,,controlled_tattoo_stress,,digital_tattoo_message,tattoo_bit0,tattoo_bit0,0.0,10.0,,,1.0849892325426085,,False,,1,
p7_multichip_1_11,p7_multichip_1,mc_phase7_multichip.py,phase7_multichip,2026-07-27,1.0,real_bsim_ptm,simulated,False,3.2,0.045,4,4.5,11.86,27.0,,,0.0,,controlled_tattoo_stress,,digital_tattoo_message,tattoo_bit0,tattoo_bit0,0.0,11.0,,,0.8328066698256739,,False,,1,
p7_multichip_1_12,p7_multichip_1,mc_phase7_multichip.py,phase7_multichip,2026-07-27,1.0,real_bsim_ptm,simulated,False,3.2,0.045,4,4.5,11.86,27.0,,,0.0,,controlled_tattoo_stress,,digital_tattoo_message,tattoo_bit0,tattoo_bit0,0.0,12.0,,,1.127015776475014,,False,,1,
p7_multichip_1_13,p7_multichip_1,mc_phase7_multichip.py,phase7_multichip,2026-07-27,1.0,real_bsim_ptm,simulated,False,3.2,0.045,4,4.5,11.86,27.0,,,0.0,,controlled_tattoo_stress,,digital_tattoo_message,tattoo_bit0,tattoo_bit0,0.0,13.0,,,1.1001985519069786,,False,,1,
p7_multichip_1_14,p7_multichip_1,mc_phase7_multichip.py,phase7_multichip,2026-07-27,1.0,real_bsim_ptm,simulated,False,3.2,0.045,4,4.5,11.86,27.0,,,0.0,,controlled_tattoo_stress,,digital_tattoo_message,tattoo_bit0,tattoo_bit0,0.0,14.0,,,1.6276742750510507,,False,,1,
p7_multichip_1_15,p7_multichip_1,mc_phase7_multichip.py,phase7_multichip,2026-07-27,1.0,real_bsim_ptm,simulated,False,3.2,0.045,4,4.5,11.86,27.0,,,60.0,,controlled_tattoo_stress,,digital_tattoo_message,tattoo_bit1,tattoo_bit1,1.0,15.0,,,0.252469659635089,,False,,1,
p7_multichip_1_16,p7_multichip_1,mc_phase7_multichip.py,phase7_multichip,2026-07-27,1.0,real_bsim_ptm,simulated,False,3.2,0.045,4,4.5,11.86,27.0,,,0.0,,controlled_tattoo_stress,,digital_tattoo_message,tattoo_bit0,tattoo_bit0,0.0,16.0,,,1.4289587878220646,,False,,1,
p7_multichip_1_17,p7_multichip_1,mc_phase7_multichip.py,phase7_multichip,2026-07-27,1.0,real_bsim_ptm,simulated,False,3.2,0.045,4,4.5,11.86,27.0,,,0.0,,controlled_tattoo_stress,,digital_tattoo_message,tattoo_bit0,tattoo_bit0,0.0,17.0,,,1.2967113968614805,,False,,1,
p7_multichip_1_18,p7_multichip_1,mc_phase7_multichip.py,phase7_multichip,2026-07-27,1.0,real_bsim_ptm,simulated,False,3.2,0.045,4,4.5,11.86,27.0,,,60.0,,controlled_tattoo_stress,,digital_tattoo_message,tattoo_bit1,tattoo_bit1,1.0,18.0,,,0.1922102241928687,,False,,1,
p7_multichip_1_19,p7_multichip_1,mc_phase7_multichip.py,phase7_multichip,2026-07-27,1.0,real_bsim_ptm,simulated,False,3.2,0.045,4,4.5,11.86,27.0,,,60.0,,controlled_tattoo_stress,,digital_tattoo_message,tattoo_bit1,tattoo_bit1,1.0,19.0,,,0.16490357118070575,,False,,1,
p7_multichip_1_20,p7_multichip_1,mc_phase7_multichip.py,phase7_multichip,2026-07-27,1.0,real_bsim_ptm,simulated,False,3.2,0.045,4,4.5,11.86,27.0,,,0.0,,controlled_tattoo_stress,,digital_tattoo_message,tattoo_bit0,tattoo_bit0,0.0,20.0,,,1.1576683114064843,,False,,1,
p7_multichip_1_21,p7_multichip_1,mc_phase7_multichip.py,phase7_multichip,2026-07-27,1.0,real_bsim_ptm,simulated,False,3.2,0.045,4,4.5,11.86,27.0,,,0.0,,controlled_tattoo_stress,,digital_tattoo_message,tattoo_bit0,tattoo_bit0,0.0,21.0,,,0.8355715108910606,,False,,1,
p7_multichip_1_22,p7_multichip_1,mc_phase7_multichip.py,phase7_multichip,2026-07-27,1.0,real_bsim_ptm,simulated,False,3.2,0.045,4,4.5,11.86,27.0,,,0.0,,controlled_tattoo_stress,,digital_tattoo_message,tattoo_bit0,tattoo_bit0,0.0,22.0,,,1.341947433377503,,False,,1,
p7_multichip_1_23,p7_multichip_1,mc_phase7_multichip.py,phase7_multichip,2026-07-27,1.0,real_bsim_ptm,simulated,False,3.2,0.045,4,4.5,11.86,27.0,,,60.0,,controlled_tattoo_stress,,digital_tattoo_message,tattoo_bit1,tattoo_bit1,1.0,23.0,,,0.18532456793509203,,False,,1,
p7_multichip_1_24,p7_multichip_1,mc_phase7_multichip.py,phase7_multichip,2026-07-27,1.0,real_bsim_ptm,simulated,False,3.2,0.045,4,4.5,11.86,27.0,,,0.0,,controlled_tattoo_stress,,digital_tattoo_message,tattoo_bit0,tattoo_bit0,0.0,24.0,,,1.154788944907141,,False,,1,
p7_multichip_1_25,p7_multichip_1,mc_phase7_multichip.py,phase7_multichip,2026-07-27,1.0,real_bsim_ptm,simulated,False,3.2,0.045,4,4.5,11.86,27.0,,,0.0,,controlled_tattoo_stress,,digital_tattoo_message,tattoo_bit0,tattoo_bit0,0.0,25.0,,,1.3270442072890594,,False,,1,
p7_multichip_1_26,p7_multichip_1,mc_phase7_multichip.py,phase7_multichip,2026-07-27,1.0,real_bsim_ptm,simulated,False,3.2,0.045,4,4.5,11.86,27.0,,,60.0,,controlled_tattoo_stress,,digital_tattoo_message,tattoo_bit1,tattoo_bit1,1.0,26.0,,,0.16022125937051135,,False,,1,
p7_multichip_1_27,p7_multichip_1,mc_phase7_multichip.py,phase7_multichip,2026-07-27,1.0,real_bsim_ptm,simulated,False,3.2,0.045,4,4.5,11.86,27.0,,,60.0,,controlled_tattoo_stress,,digital_tattoo_message,tattoo_bit1,tattoo_bit1,1.0,27.0,,,0.4054759830293513,,False,,1,
p7_multichip_1_28,p7_multichip_1,mc_phase7_multichip.py,phase7_multichip,2026-07-27,1.0,real_bsim_ptm,simulated,False,3.2,0.045,4,4.5,11.86,27.0,,,0.0,,controlled_tattoo_stress,,digital_tattoo_message,tattoo_bit0,tattoo_bit0,0.0,28.0,,,1.3275506488757811,,False,,1,
p7_multichip_1_29,p7_multichip_1,mc_phase7_multichip.py,phase7_multichip,2026-07-27,1.0,real_bsim_ptm,simulated,False,3.2,0.045,4,4.5,11.86,27.0,,,60.0,,controlled_tattoo_stress,,digital_tattoo_message,tattoo_bit1,tattoo_bit1,1.0,29.0,,,0.14635818839013182,,False,,1,
p7_multichip_1_30,p7_multichip_1,mc_phase7_multichip.py,phase7_multichip,2026-07-27,1.0,real_bsim_ptm,simulated,False,3.2,0.045,4,4.5,11.86,27.0,,,0.0,,controlled_tattoo_stress,,digital_tattoo_message,tattoo_bit0,tattoo_bit0,0.0,30.0,,,1.318573215615823,,False,,1,
p7_multichip_1_31,p7_multichip_1,mc_phase7_multichip.py,phase7_multichip,2026-07-27,1.0,real_bsim_ptm,simulated,False,3.2,0.045,4,4.5,11.86,27.0,,,0.0,,controlled_tattoo_stress,,digital_tattoo_message,tattoo_bit0,tattoo_bit0,0.0,31.0,,,0.8606800106806057,,False,,1,
p7_multichip_1_32,p7_multichip_1,mc_phase7_multichip.py,phase7_multichip,2026-07-27,1.0,real_bsim_ptm,simulated,False,3.2,0.045,4,4.5,11.86,27.0,,,60.0,,controlled_tattoo_stress,,digital_tattoo_message,tattoo_bit1,tattoo_bit1,1.0,32.0,,,0.22335303248805746,,False,,1,
p7_multichip_1_33,p7_multichip_1,mc_phase7_multichip.py,phase7_multichip,2026-07-27,1.0,real_bsim_ptm,simulated,False,3.2,0.045,4,4.5,11.86,27.0,,,0.0,,controlled_tattoo_stress,,digital_tattoo_message,tattoo_bit0,tattoo_bit0,0.0,33.0,,,1.266236148574838,,False,,1,
p7_multichip_1_34,p7_multichip_1,mc_phase7_multichip.py,phase7_multichip,2026-07-27,1.0,real_bsim_ptm,simulated,False,3.2,0.045,4,4.5,11.86,27.0,,,60.0,,controlled_tattoo_stress,,digital_tattoo_message,tattoo_bit1,tattoo_bit1,1.0,34.0,,,0.09266192245605548,,False,,1,
p7_multichip_1_35,p7_multichip_1,mc_phase7_multichip.py,phase7_multichip,2026-07-27,1.0,real_bsim_ptm,simulated,False,3.2,0.045,4,4.5,11.86,27.0,,,60.0,,controlled_tattoo_stress,,digital_tattoo_message,tattoo_bit1,tattoo_bit1,1.0,35.0,,,0.2624071496021411,,False,,1,
p7_multichip_1_36,p7_multichip_1,mc_phase7_multichip.py,phase7_multichip,2026-07-27,1.0,real_bsim_ptm,simulated,False,3.2,0.045,4,4.5,11.86,27.0,,,0.0,,controlled_tattoo_stress,,digital_tattoo_message,tattoo_bit0,tattoo_bit0,0.0,36.0,,,0.6795210235343219,,False,,1,
p7_multichip_1_37,p7_multichip_1,mc_phase7_multichip.py,phase7_multichip,2026-07-27,1.0,real_bsim_ptm,simulated,False,3.2,0.045,4,4.5,11.86,27.0,,,60.0,,controlled_tattoo_stress,,digital_tattoo_message,tattoo_bit1,tattoo_bit1,1.0,37.0,,,0.2855553351919794,,False,,1,
p7_multichip_1_38,p7_multichip_1,mc_phase7_multichip.py,phase7_multichip,2026-07-27,1.0,real_bsim_ptm,simulated,False,3.2,0.045,4,4.5,11.86,27.0,,,0.0,,controlled_tattoo_stress,,digital_tattoo_message,tattoo_bit0,tattoo_bit0,0.0,38.0,,,1.010706015246454,,False,,1,
p7_multichip_1_39,p7_multichip_1,mc_phase7_multichip.py,phase7_multichip,2026-07-27,1.0,real_bsim_ptm,simulated,False,3.2,0.045,4,4.5,11.86,27.0,,,0.0,,controlled_tattoo_stress,,digital_tattoo_message,tattoo_bit0,tattoo_bit0,0.0,39.0,,,0.7692589049955906,,False,,1,
p7_multichip_1_40,p7_multichip_1,mc_phase7_multichip.py,phase7_multichip,2026-07-27,1.0,real_bsim_ptm,simulated,False,3.2,0.045,4,4.5,11.86,27.0,,,0.0,,controlled_tattoo_stress,,digital_tattoo_message,tattoo_bit0,tattoo_bit0,0.0,40.0,,,1.0484736520713926,,False,,1,
p7_multichip_1_41,p7_multichip_1,mc_phase7_multichip.py,phase7_multichip,2026-07-27,1.0,real_bsim_ptm,simulated,False,3.2,0.045,4,4.5,11.86,27.0,,,0.0,,controlled_tattoo_stress,,digital_tattoo_message,tattoo_bit0,tattoo_bit0,0.0,41.0,,,1.2057247927201324,,False,,1,
p7_multichip_1_42,p7_multichip_1,mc_phase7_multichip.py,phase7_multichip,2026-07-27,1.0,real_bsim_ptm,simulated,False,3.2,0.045,4,4.5,11.86,27.0,,,60.0,,controlled_tattoo_stress,,digital_tattoo_message,tattoo_bit1,tattoo_bit1,1.0,42.0,,,0.23067550510484544,,False,,1,
p7_multichip_1_43,p7_multichip_1,mc_phase7_multichip.py,phase7_multichip,2026-07-27,1.0,real_bsim_ptm,simulated,False,3.2,0.045,4,4.5,11.86,27.0,,,60.0,,controlled_tattoo_stress,,digital_tattoo_message,tattoo_bit1,tattoo_bit1,1.0,43.0,,,0.26672420278299525,,False,,1,
p7_multichip_1_44,p7_multichip_1,mc_phase7_multichip.py,phase7_multichip,2026-07-27,1.0,real_bsim_ptm,simulated,False,3.2,0.045,4,4.5,11.86,27.0,,,0.0,,controlled_tattoo_stress,,digital_tattoo_message,tattoo_bit0,tattoo_bit0,0.0,44.0,,,1.084018632450201,,False,,1,
p7_multichip_1_45,p7_multichip_1,mc_phase7_multichip.py,phase7_multichip,2026-07-27,1.0,real_bsim_ptm,simulated,False,3.2,0.045,4,4.5,11.86,27.0,,,0.0,,controlled_tattoo_stress,,digital_tattoo_message,tattoo_bit0,tattoo_bit0,0.0,45.0,,,1.0852105761923632,,False,,1,
p7_multichip_1_46,p7_multichip_1,mc_phase7_multichip.py,phase7_multichip,2026-07-27,1.0,real_bsim_ptm,simulated,False,3.2,0.045,4,4.5,11.86,27.0,,,60.0,,controlled_tattoo_stress,,digital_tattoo_message,tattoo_bit1,tattoo_bit1,1.0,46.0,,,0.2178547911306408,,False,,1,
p7_multichip_1_47,p7_multichip_1,mc_phase7_multichip.py,phase7_multichip,2026-07-27,1.0,real_bsim_ptm,simulated,False,3.2,0.045,4,4.5,11.86,27.0,,,60.0,,controlled_tattoo_stress,,digital_tattoo_message,tattoo_bit1,tattoo_bit1,1.0,47.0,,,0.25753237943534457,,False,,1,
p7_multichip_1_48,p7_multichip_1,mc_phase7_multichip.py,phase7_multichip,2026-07-27,1.0,real_bsim_ptm,simulated,False,3.2,0.045,4,4.5,11.86,27.0,,,0.0,,controlled_tattoo_stress,,digital_tattoo_message,tattoo_bit0,tattoo_bit0,0.0,48.0,,,0.6348713218022393,,False,,1,
p7_multichip_1_49,p7_multichip_1,mc_phase7_multichip.py,phase7_multichip,2026-07-27,1.0,real_bsim_ptm,simulated,False,3.2,0.045,4,4.5,11.86,27.0,,,0.0,,controlled_tattoo_stress,,digital_tattoo_message,tattoo_bit0,tattoo_bit0,0.0,49.0,,,1.282823528053953,,False,,1,
p7_multichip_1_50,p7_multichip_1,mc_phase7_multichip.py,phase7_multichip,2026-07-27,1.0,real_bsim_ptm,simulated,False,3.2,0.045,4,4.5,11.86,27.0,,,0.0,,controlled_tattoo_stress,,digital_tattoo_message,tattoo_bit0,tattoo_bit0,0.0,50.0,,,1.601565844045169,,False,,1,
p7_multichip_1_51,p7_multichip_1,mc_phase7_multichip.py,phase7_multichip,2026-07-27,1.0,real_bsim_ptm,simulated,False,3.2,0.045,4,4.5,11.86,27.0,,,60.0,,controlled_tattoo_stress,,digital_tattoo_message,tattoo_bit1,tattoo_bit1,1.0,51.0,,,0.22544471490716403,,False,,1,
p7_multichip_1_52,p7_multichip_1,mc_phase7_multichip.py,phase7_multichip,2026-07-27,1.0,real_bsim_ptm,simulated,False,3.2,0.045,4,4.5,11.86,27.0,,,0.0,,controlled_tattoo_stress,,digital_tattoo_message,tattoo_bit0,tattoo_bit0,0.0,52.0,,,1.121756646504224,,False,,1,
p7_multichip_1_53,p7_multichip_1,mc_phase7_multichip.py,phase7_multichip,2026-07-27,1.0,real_bsim_ptm,simulated,False,3.2,0.045,4,4.5,11.86,27.0,,,0.0,,controlled_tattoo_stress,,digital_tattoo_message,tattoo_bit0,tattoo_bit0,0.0,53.0,,,1.1233937983649644,,False,,1,
p7_multichip_1_54,p7_multichip_1,mc_phase7_multichip.py,phase7_multichip,2026-07-27,1.0,real_bsim_ptm,simulated,False,3.2,0.045,4,4.5,11.86,27.0,,,60.0,,controlled_tattoo_stress,,digital_tattoo_message,tattoo_bit1,tattoo_bit1,1.0,54.0,,,0.16417665500727796,,False,,1,
p7_multichip_1_55,p7_multichip_1,mc_phase7_multichip.py,phase7_multichip,2026-07-27,1.0,real_bsim_ptm,simulated,False,3.2,0.045,4,4.5,11.86,27.0,,,0.0,,controlled_tattoo_stress,,digital_tattoo_message,tattoo_bit0,tattoo_bit0,0.0,55.0,,,1.1536907963443837,,False,,1,
p7_multichip_1_56,p7_multichip_1,mc_phase7_multichip.py,phase7_multichip,2026-07-27,1.0,real_bsim_ptm,simulated,False,3.2,0.045,4,4.5,11.86,27.0,,,0.0,,controlled_tattoo_stress,,digital_tattoo_message,tattoo_bit0,tattoo_bit0,0.0,56.0,,,0.933047845543806,,False,,1,
p7_multichip_1_57,p7_multichip_1,mc_phase7_multichip.py,phase7_multichip,2026-07-27,1.0,real_bsim_ptm,simulated,False,3.2,0.045,4,4.5,11.86,27.0,,,60.0,,controlled_tattoo_stress,,digital_tattoo_message,tattoo_bit1,tattoo_bit1,1.0,57.0,,,0.2760487878927879,,False,,1,
p7_multichip_1_58,p7_multichip_1,mc_phase7_multichip.py,phase7_multichip,2026-07-27,1.0,real_bsim_ptm,simulated,False,3.2,0.045,4,4.5,11.86,27.0,,,60.0,,controlled_tattoo_stress,,digital_tattoo_message,tattoo_bit1,tattoo_bit1,1.0,58.0,,,0.21059263796711325,,False,,1,
p7_multichip_1_59,p7_multichip_1,mc_phase7_multichip.py,phase7_multichip,2026-07-27,1.0,real_bsim_ptm,simulated,False,3.2,0.045,4,4.5,11.86,27.0,,,0.0,,controlled_tattoo_stress,,digital_tattoo_message,tattoo_bit0,tattoo_bit0,0.0,59.0,,,0.9840348364997371,,False,,1,
p7_multichip_1_60,p7_multichip_1,mc_phase7_multichip.py,phase7_multichip,2026-07-27,1.0,real_bsim_ptm,simulated,False,3.2,0.045,4,4.5,11.86,27.0,,,0.0,,controlled_tattoo_stress,,digital_tattoo_message,tattoo_bit0,tattoo_bit0,0.0,60.0,,,1.1575892632608995,,False,,1,
p7_multichip_1_61,p7_multichip_1,mc_phase7_multichip.py,phase7_multichip,2026-07-27,1.0,real_bsim_ptm,simulated,False,3.2,0.045,4,4.5,11.86,27.0,,,0.0,,controlled_tattoo_stress,,digital_tattoo_message,tattoo_bit0,tattoo_bit0,0.0,61.0,,,1.0442382304712985,,False,,1,
p7_multichip_1_62,p7_multichip_1,mc_phase7_multichip.py,phase7_multichip,2026-07-27,1.0,real_bsim_ptm,simulated,False,3.2,0.045,4,4.5,11.86,27.0,,,60.0,,controlled_tattoo_stress,,digital_tattoo_message,tattoo_bit1,tattoo_bit1,1.0,62.0,,,0.17732677519036588,,False,,1,
p7_multichip_1_63,p7_multichip_1,mc_phase7_multichip.py,phase7_multichip,2026-07-27,1.0,real_bsim_ptm,simulated,False,3.2,0.045,4,4.5,11.86,27.0,,,0.0,,controlled_tattoo_stress,,digital_tattoo_message,tattoo_bit0,tattoo_bit0,0.0,63.0,,,0.9299269545707874,,False,,1,
p7_multichip_2_0,p7_multichip_2,mc_phase7_multichip.py,phase7_multichip,2026-07-27,1.0,real_bsim_ptm,simulated,False,3.2,0.045,4,4.5,11.86,27.0,,,60.0,,controlled_tattoo_stress,,digital_tattoo_message,tattoo_bit1,tattoo_bit1,1.0,0.0,,,0.2490160028253544,,False,,1,
p7_multichip_2_1,p7_multichip_2,mc_phase7_multichip.py,phase7_multichip,2026-07-27,1.0,real_bsim_ptm,simulated,False,3.2,0.045,4,4.5,11.86,27.0,,,60.0,,controlled_tattoo_stress,,digital_tattoo_message,tattoo_bit1,tattoo_bit1,1.0,1.0,,,0.26609118137398796,,False,,1,
p7_multichip_2_2,p7_multichip_2,mc_phase7_multichip.py,phase7_multichip,2026-07-27,1.0,real_bsim_ptm,simulated,False,3.2,0.045,4,4.5,11.86,27.0,,,0.0,,controlled_tattoo_stress,,digital_tattoo_message,tattoo_bit0,tattoo_bit0,0.0,2.0,,,2.0556945656121206,,False,,1,
p7_multichip_2_3,p7_multichip_2,mc_phase7_multichip.py,phase7_multichip,2026-07-27,1.0,real_bsim_ptm,simulated,False,3.2,0.045,4,4.5,11.86,27.0,,,0.0,,controlled_tattoo_stress,,digital_tattoo_message,tattoo_bit0,tattoo_bit0,0.0,3.0,,,0.6432013936541325,,False,,1,
p7_multichip_2_4,p7_multichip_2,mc_phase7_multichip.py,phase7_multichip,2026-07-27,1.0,real_bsim_ptm,simulated,False,3.2,0.045,4,4.5,11.86,27.0,,,0.0,,controlled_tattoo_stress,,digital_tattoo_message,tattoo_bit0,tattoo_bit0,0.0,4.0,,,0.9763502607577811,,False,,1,
p7_multichip_2_5,p7_multichip_2,mc_phase7_multichip.py,phase7_multichip,2026-07-27,1.0,real_bsim_ptm,simulated,False,3.2,0.045,4,4.5,11.86,27.0,,,60.0,,controlled_tattoo_stress,,digital_tattoo_message,tattoo_bit1,tattoo_bit1,1.0,5.0,,,0.15798401732856857,,False,,1,
p7_multichip_2_6,p7_multichip_2,mc_phase7_multichip.py,phase7_multichip,2026-07-27,1.0,real_bsim_ptm,simulated,False,3.2,0.045,4,4.5,11.86,27.0,,,60.0,,controlled_tattoo_stress,,digital_tattoo_message,tattoo_bit1,tattoo_bit1,1.0,6.0,,,0.15981769488227976,,False,,1,
p7_multichip_2_7,p7_multichip_2,mc_phase7_multichip.py,phase7_multichip,2026-07-27,1.0,real_bsim_ptm,simulated,False,3.2,0.045,4,4.5,11.86,27.0,,,0.0,,controlled_tattoo_stress,,digital_tattoo_message,tattoo_bit0,tattoo_bit0,0.0,7.0,,,0.9914026542910054,,False,,1,
p7_multichip_2_8,p7_multichip_2,mc_phase7_multichip.py,phase7_multichip,2026-07-27,1.0,real_bsim_ptm,simulated,False,3.2,0.045,4,4.5,11.86,27.0,,,60.0,,controlled_tattoo_stress,,digital_tattoo_message,tattoo_bit1,tattoo_bit1,1.0,8.0,,,0.12747369755636,,False,,1,
p7_multichip_2_9,p7_multichip_2,mc_phase7_multichip.py,phase7_multichip,2026-07-27,1.0,real_bsim_ptm,simulated,False,3.2,0.045,4,4.5,11.86,27.0,,,0.0,,controlled_tattoo_stress,,digital_tattoo_message,tattoo_bit0,tattoo_bit0,0.0,9.0,,,0.9324556826895217,,False,,1,
p7_multichip_2_10,p7_multichip_2,mc_phase7_multichip.py,phase7_multichip,2026-07-27,1.0,real_bsim_ptm,simulated,False,3.2,0.045,4,4.5,11.86,27.0,,,0.0,,controlled_tattoo_stress,,digital_tattoo_message,tattoo_bit0,tattoo_bit0,0.0,10.0,,,1.099586607112981,,False,,1,
p7_multichip_2_11,p7_multichip_2,mc_phase7_multichip.py,phase7_multichip,2026-07-27,1.0,real_bsim_ptm,simulated,False,3.2,0.045,4,4.5,11.86,27.0,,,0.0,,controlled_tattoo_stress,,digital_tattoo_message,tattoo_bit0,tattoo_bit0,0.0,11.0,,,1.38575918071531,,False,,1,
p7_multichip_2_12,p7_multichip_2,mc_phase7_multichip.py,phase7_multichip,2026-07-27,1.0,real_bsim_ptm,simulated,False,3.2,0.045,4,4.5,11.86,27.0,,,0.0,,controlled_tattoo_stress,,digital_tattoo_message,tattoo_bit0,tattoo_bit0,0.0,12.0,,,1.4003371940120668,,False,,1,
p7_multichip_2_13,p7_multichip_2,mc_phase7_multichip.py,phase7_multichip,2026-07-27,1.0,real_bsim_ptm,simulated,False,3.2,0.045,4,4.5,11.86,27.0,,,0.0,,controlled_tattoo_stress,,digital_tattoo_message,tattoo_bit0,tattoo_bit0,0.0,13.0,,,1.0631237917733194,,False,,1,
p7_multichip_2_14,p7_multichip_2,mc_phase7_multichip.py,phase7_multichip,2026-07-27,1.0,real_bsim_ptm,simulated,False,3.2,0.045,4,4.5,11.86,27.0,,,0.0,,controlled_tattoo_stress,,digital_tattoo_message,tattoo_bit0,tattoo_bit0,0.0,14.0,,,1.2961277830437288,,False,,1,
p7_multichip_2_15,p7_multichip_2,mc_phase7_multichip.py,phase7_multichip,2026-07-27,1.0,real_bsim_ptm,simulated,False,3.2,0.045,4,4.5,11.86,27.0,,,0.0,,controlled_tattoo_stress,,digital_tattoo_message,tattoo_bit0,tattoo_bit0,0.0,15.0,,,0.8202380099355132,,False,,1,
p7_multichip_2_16,p7_multichip_2,mc_phase7_multichip.py,phase7_multichip,2026-07-27,1.0,real_bsim_ptm,simulated,False,3.2,0.045,4,4.5,11.86,27.0,,,60.0,,controlled_tattoo_stress,,digital_tattoo_message,tattoo_bit1,tattoo_bit1,1.0,16.0,,,0.297891359897166,,False,,1,
p7_multichip_2_17,p7_multichip_2,mc_phase7_multichip.py,phase7_multichip,2026-07-27,1.0,real_bsim_ptm,simulated,False,3.2,0.045,4,4.5,11.86,27.0,,,60.0,,controlled_tattoo_stress,,digital_tattoo_message,tattoo_bit1,tattoo_bit1,1.0,17.0,,,0.177512570536481,,False,,1,
p7_multichip_2_18,p7_multichip_2,mc_phase7_multichip.py,phase7_multichip,2026-07-27,1.0,real_bsim_ptm,simulated,False,3.2,0.045,4,4.5,11.86,27.0,,,60.0,,controlled_tattoo_stress,,digital_tattoo_message,tattoo_bit1,tattoo_bit1,1.0,18.0,,,0.20324035978723864,,False,,1,
p7_multichip_2_19,p7_multichip_2,mc_phase7_multichip.py,phase7_multichip,2026-07-27,1.0,real_bsim_ptm,simulated,False,3.2,0.045,4,4.5,11.86,27.0,,,0.0,,controlled_tattoo_stress,,digital_tattoo_message,tattoo_bit0,tattoo_bit0,0.0,19.0,,,1.1569623649197918,,False,,1,
p7_multichip_2_20,p7_multichip_2,mc_phase7_multichip.py,phase7_multichip,2026-07-27,1.0,real_bsim_ptm,simulated,False,3.2,0.045,4,4.5,11.86,27.0,,,60.0,,controlled_tattoo_stress,,digital_tattoo_message,tattoo_bit1,tattoo_bit1,1.0,20.0,,,0.33990313279800133,,False,,1,
p7_multichip_2_21,p7_multichip_2,mc_phase7_multichip.py,phase7_multichip,2026-07-27,1.0,real_bsim_ptm,simulated,False,3.2,0.045,4,4.5,11.86,27.0,,,60.0,,controlled_tattoo_stress,,digital_tattoo_message,tattoo_bit1,tattoo_bit1,1.0,21.0,,,0.1950184916867889,,False,,1,
p7_multichip_2_22,p7_multichip_2,mc_phase7_multichip.py,phase7_multichip,2026-07-27,1.0,real_bsim_ptm,simulated,False,3.2,0.045,4,4.5,11.86,27.0,,,0.0,,controlled_tattoo_stress,,digital_tattoo_message,tattoo_bit0,tattoo_bit0,0.0,22.0,,,1.082529418957118,,False,,1,
p7_multichip_2_23,p7_multichip_2,mc_phase7_multichip.py,phase7_multichip,2026-07-27,1.0,real_bsim_ptm,simulated,False,3.2,0.045,4,4.5,11.86,27.0,,,0.0,,controlled_tattoo_stress,,digital_tattoo_message,tattoo_bit0,tattoo_bit0,0.0,23.0,,,1.1415125948116729,,False,,1,
p7_multichip_2_24,p7_multichip_2,mc_phase7_multichip.py,phase7_multichip,2026-07-27,1.0,real_bsim_ptm,simulated,False,3.2,0.045,4,4.5,11.86,27.0,,,60.0,,controlled_tattoo_stress,,digital_tattoo_message,tattoo_bit1,tattoo_bit1,1.0,24.0,,,0.2990946101416749,,False,,1,
p7_multichip_2_25,p7_multichip_2,mc_phase7_multichip.py,phase7_multichip,2026-07-27,1.0,real_bsim_ptm,simulated,False,3.2,0.045,4,4.5,11.86,27.0,,,60.0,,controlled_tattoo_stress,,digital_tattoo_message,tattoo_bit1,tattoo_bit1,1.0,25.0,,,0.18190498734660016,,False,,1,
p7_multichip_2_26,p7_multichip_2,mc_phase7_multichip.py,phase7_multichip,2026-07-27,1.0,real_bsim_ptm,simulated,False,3.2,0.045,4,4.5,11.86,27.0,,,0.0,,controlled_tattoo_stress,,digital_tattoo_message,tattoo_bit0,tattoo_bit0,0.0,26.0,,,0.8298461344365936,,False,,1,
p7_multichip_2_27,p7_multichip_2,mc_phase7_multichip.py,phase7_multichip,2026-07-27,1.0,real_bsim_ptm,simulated,False,3.2,0.045,4,4.5,11.86,27.0,,,0.0,,controlled_tattoo_stress,,digital_tattoo_message,tattoo_bit0,tattoo_bit0,0.0,27.0,,,1.1051575923421098,,False,,1,
p7_multichip_2_28,p7_multichip_2,mc_phase7_multichip.py,phase7_multichip,2026-07-27,1.0,real_bsim_ptm,simulated,False,3.2,0.045,4,4.5,11.86,27.0,,,0.0,,controlled_tattoo_stress,,digital_tattoo_message,tattoo_bit0,tattoo_bit0,0.0,28.0,,,0.5806688800321926,,False,,1,
p7_multichip_2_29,p7_multichip_2,mc_phase7_multichip.py,phase7_multichip,2026-07-27,1.0,real_bsim_ptm,simulated,False,3.2,0.045,4,4.5,11.86,27.0,,,0.0,,controlled_tattoo_stress,,digital_tattoo_message,tattoo_bit0,tattoo_bit0,0.0,29.0,,,0.685260921964955,,False,,1,
p7_multichip_2_30,p7_multichip_2,mc_phase7_multichip.py,phase7_multichip,2026-07-27,1.0,real_bsim_ptm,simulated,False,3.2,0.045,4,4.5,11.86,27.0,,,60.0,,controlled_tattoo_stress,,digital_tattoo_message,tattoo_bit1,tattoo_bit1,1.0,30.0,,,0.14512736737061593,,False,,1,
p7_multichip_2_31,p7_multichip_2,mc_phase7_multichip.py,phase7_multichip,2026-07-27,1.0,real_bsim_ptm,simulated,False,3.2,0.045,4,4.5,11.86,27.0,,,0.0,,controlled_tattoo_stress,,digital_tattoo_message,tattoo_bit0,tattoo_bit0,0.0,31.0,,,0.9687464163321216,,False,,1,
p7_multichip_2_32,p7_multichip_2,mc_phase7_multichip.py,phase7_multichip,2026-07-27,1.0,real_bsim_ptm,simulated,False,3.2,0.045,4,4.5,11.86,27.0,,,0.0,,controlled_tattoo_stress,,digital_tattoo_message,tattoo_bit0,tattoo_bit0,0.0,32.0,,,1.2934371021098887,,False,,1,
p7_multichip_2_33,p7_multichip_2,mc_phase7_multichip.py,phase7_multichip,2026-07-27,1.0,real_bsim_ptm,simulated,False,3.2,0.045,4,4.5,11.86,27.0,,,60.0,,controlled_tattoo_stress,,digital_tattoo_message,tattoo_bit1,tattoo_bit1,1.0,33.0,,,0.36519374283168643,,False,,1,
p7_multichip_2_34,p7_multichip_2,mc_phase7_multichip.py,phase7_multichip,2026-07-27,1.0,real_bsim_ptm,simulated,False,3.2,0.045,4,4.5,11.86,27.0,,,0.0,,controlled_tattoo_stress,,digital_tattoo_message,tattoo_bit0,tattoo_bit0,0.0,34.0,,,1.2679295143935503,,False,,1,
p7_multichip_2_35,p7_multichip_2,mc_phase7_multichip.py,phase7_multichip,2026-07-27,1.0,real_bsim_ptm,simulated,False,3.2,0.045,4,4.5,11.86,27.0,,,60.0,,controlled_tattoo_stress,,digital_tattoo_message,tattoo_bit1,tattoo_bit1,1.0,35.0,,,0.2762955831111216,,False,,1,
p7_multichip_2_36,p7_multichip_2,mc_phase7_multichip.py,phase7_multichip,2026-07-27,1.0,real_bsim_ptm,simulated,False,3.2,0.045,4,4.5,11.86,27.0,,,60.0,,controlled_tattoo_stress,,digital_tattoo_message,tattoo_bit1,tattoo_bit1,1.0,36.0,,,0.1929300376049135,,False,,1,
p7_multichip_2_37,p7_multichip_2,mc_phase7_multichip.py,phase7_multichip,2026-07-27,1.0,real_bsim_ptm,simulated,False,3.2,0.045,4,4.5,11.86,27.0,,,60.0,,controlled_tattoo_stress,,digital_tattoo_message,tattoo_bit1,tattoo_bit1,1.0,37.0,,,0.18527080536430693,,False,,1,
p7_multichip_2_38,p7_multichip_2,mc_phase7_multichip.py,phase7_multichip,2026-07-27,1.0,real_bsim_ptm,simulated,False,3.2,0.045,4,4.5,11.86,27.0,,,60.0,,controlled_tattoo_stress,,digital_tattoo_message,tattoo_bit1,tattoo_bit1,1.0,38.0,,,0.1626761991393247,,False,,1,
p7_multichip_2_39,p7_multichip_2,mc_phase7_multichip.py,phase7_multichip,2026-07-27,1.0,real_bsim_ptm,simulated,False,3.2,0.045,4,4.5,11.86,27.0,,,0.0,,controlled_tattoo_stress,,digital_tattoo_message,tattoo_bit0,tattoo_bit0,0.0,39.0,,,0.8519064615090639,,False,,1,
p7_multichip_2_40,p7_multichip_2,mc_phase7_multichip.py,phase7_multichip,2026-07-27,1.0,real_bsim_ptm,simulated,False,3.2,0.045,4,4.5,11.86,27.0,,,60.0,,controlled_tattoo_stress,,digital_tattoo_message,tattoo_bit1,tattoo_bit1,1.0,40.0,,,0.28014522089286253,,False,,1,
p7_multichip_2_41,p7_multichip_2,mc_phase7_multichip.py,phase7_multichip,2026-07-27,1.0,real_bsim_ptm,simulated,False,3.2,0.045,4,4.5,11.86,27.0,,,60.0,,controlled_tattoo_stress,,digital_tattoo_message,tattoo_bit1,tattoo_bit1,1.0,41.0,,,0.24358605088250707,,False,,1,
p7_multichip_2_42,p7_multichip_2,mc_phase7_multichip.py,phase7_multichip,2026-07-27,1.0,real_bsim_ptm,simulated,False,3.2,0.045,4,4.5,11.86,27.0,,,60.0,,controlled_tattoo_stress,,digital_tattoo_message,tattoo_bit1,tattoo_bit1,1.0,42.0,,,0.2647948545316234,,False,,1,
p7_multichip_2_43,p7_multichip_2,mc_phase7_multichip.py,phase7_multichip,2026-07-27,1.0,real_bsim_ptm,simulated,False,3.2,0.045,4,4.5,11.86,27.0,,,60.0,,controlled_tattoo_stress,,digital_tattoo_message,tattoo_bit1,tattoo_bit1,1.0,43.0,,,0.20211906153935377,,False,,1,
p7_multichip_2_44,p7_multichip_2,mc_phase7_multichip.py,phase7_multichip,2026-07-27,1.0,real_bsim_ptm,simulated,False,3.2,0.045,4,4.5,11.86,27.0,,,60.0,,controlled_tattoo_stress,,digital_tattoo_message,tattoo_bit1,tattoo_bit1,1.0,44.0,,,0.23611674267822266,,False,,1,
p7_multichip_2_45,p7_multichip_2,mc_phase7_multichip.py,phase7_multichip,2026-07-27,1.0,real_bsim_ptm,simulated,False,3.2,0.045,4,4.5,11.86,27.0,,,0.0,,controlled_tattoo_stress,,digital_tattoo_message,tattoo_bit0,tattoo_bit0,0.0,45.0,,,1.3382645564604183,,False,,1,
p7_multichip_2_46,p7_multichip_2,mc_phase7_multichip.py,phase7_multichip,2026-07-27,1.0,real_bsim_ptm,simulated,False,3.2,0.045,4,4.5,11.86,27.0,,,0.0,,controlled_tattoo_stress,,digital_tattoo_message,tattoo_bit0,tattoo_bit0,0.0,46.0,,,1.7861767759812102,,False,,1,
p7_multichip_2_47,p7_multichip_2,mc_phase7_multichip.py,phase7_multichip,2026-07-27,1.0,real_bsim_ptm,simulated,False,3.2,0.045,4,4.5,11.86,27.0,,,60.0,,controlled_tattoo_stress,,digital_tattoo_message,tattoo_bit1,tattoo_bit1,1.0,47.0,,,0.18336828149447437,,False,,1,
p7_multichip_2_48,p7_multichip_2,mc_phase7_multichip.py,phase7_multichip,2026-07-27,1.0,real_bsim_ptm,simulated,False,3.2,0.045,4,4.5,11.86,27.0,,,0.0,,controlled_tattoo_stress,,digital_tattoo_message,tattoo_bit0,tattoo_bit0,0.0,48.0,,,0.9673878494443047,,False,,1,
p7_multichip_2_49,p7_multichip_2,mc_phase7_multichip.py,phase7_multichip,2026-07-27,1.0,real_bsim_ptm,simulated,False,3.2,0.045,4,4.5,11.86,27.0,,,0.0,,controlled_tattoo_stress,,digital_tattoo_message,tattoo_bit0,tattoo_bit0,0.0,49.0,,,1.3594793212955518,,False,,1,
p7_multichip_2_50,p7_multichip_2,mc_phase7_multichip.py,phase7_multichip,2026-07-27,1.0,real_bsim_ptm,simulated,False,3.2,0.045,4,4.5,11.86,27.0,,,60.0,,controlled_tattoo_stress,,digital_tattoo_message,tattoo_bit1,tattoo_bit1,1.0,50.0,,,0.23769840097127815,,False,,1,
p7_multichip_2_51,p7_multichip_2,mc_phase7_multichip.py,phase7_multichip,2026-07-27,1.0,real_bsim_ptm,simulated,False,3.2,0.045,4,4.5,11.86,27.0,,,0.0,,controlled_tattoo_stress,,digital_tattoo_message,tattoo_bit0,tattoo_bit0,0.0,51.0,,,2.0113026308035096,,False,,1,
p7_multichip_2_52,p7_multichip_2,mc_phase7_multichip.py,phase7_multichip,2026-07-27,1.0,real_bsim_ptm,simulated,False,3.2,0.045,4,4.5,11.86,27.0,,,60.0,,controlled_tattoo_stress,,digital_tattoo_message,tattoo_bit1,tattoo_bit1,1.0,52.0,,,0.18026441877292762,,False,,1,
p7_multichip_2_53,p7_multichip_2,mc_phase7_multichip.py,phase7_multichip,2026-07-27,1.0,real_bsim_ptm,simulated,False,3.2,0.045,4,4.5,11.86,27.0,,,60.0,,controlled_tattoo_stress,,digital_tattoo_message,tattoo_bit1,tattoo_bit1,1.0,53.0,,,0.17065195874735373,,False,,1,
p7_multichip_2_54,p7_multichip_2,mc_phase7_multichip.py,phase7_multichip,2026-07-27,1.0,real_bsim_ptm,simulated,False,3.2,0.045,4,4.5,11.86,27.0,,,60.0,,controlled_tattoo_stress,,digital_tattoo_message,tattoo_bit1,tattoo_bit1,1.0,54.0,,,0.22899919857274598,,False,,1,
p7_multichip_2_55,p7_multichip_2,mc_phase7_multichip.py,phase7_multichip,2026-07-27,1.0,real_bsim_ptm,simulated,False,3.2,0.045,4,4.5,11.86,27.0,,,0.0,,controlled_tattoo_stress,,digital_tattoo_message,tattoo_bit0,tattoo_bit0,0.0,55.0,,,0.8581575780457023,,False,,1,
p7_multichip_2_56,p7_multichip_2,mc_phase7_multichip.py,phase7_multichip,2026-07-27,1.0,real_bsim_ptm,simulated,False,3.2,0.045,4,4.5,11.86,27.0,,,0.0,,controlled_tattoo_stress,,digital_tattoo_message,tattoo_bit0,tattoo_bit0,0.0,56.0,,,1.140166469709697,,False,,1,
p7_multichip_2_57,p7_multichip_2,mc_phase7_multichip.py,phase7_multichip,2026-07-27,1.0,real_bsim_ptm,simulated,False,3.2,0.045,4,4.5,11.86,27.0,,,60.0,,controlled_tattoo_stress,,digital_tattoo_message,tattoo_bit1,tattoo_bit1,1.0,57.0,,,0.20500077579807008,,False,,1,
p7_multichip_2_58,p7_multichip_2,mc_phase7_multichip.py,phase7_multichip,2026-07-27,1.0,real_bsim_ptm,simulated,False,3.2,0.045,4,4.5,11.86,27.0,,,60.0,,controlled_tattoo_stress,,digital_tattoo_message,tattoo_bit1,tattoo_bit1,1.0,58.0,,,0.21452175548120916,,False,,1,
p7_multichip_2_59,p7_multichip_2,mc_phase7_multichip.py,phase7_multichip,2026-07-27,1.0,real_bsim_ptm,simulated,False,3.2,0.045,4,4.5,11.86,27.0,,,60.0,,controlled_tattoo_stress,,digital_tattoo_message,tattoo_bit1,tattoo_bit1,1.0,59.0,,,0.2091886858707162,,False,,1,
p7_multichip_2_60,p7_multichip_2,mc_phase7_multichip.py,phase7_multichip,2026-07-27,1.0,real_bsim_ptm,simulated,False,3.2,0.045,4,4.5,11.86,27.0,,,0.0,,controlled_tattoo_stress,,digital_tattoo_message,tattoo_bit0,tattoo_bit0,0.0,60.0,,,1.311018909132991,,False,,1,
p7_multichip_2_61,p7_multichip_2,mc_phase7_multichip.py,phase7_multichip,2026-07-27,1.0,real_bsim_ptm,simulated,False,3.2,0.045,4,4.5,11.86,27.0,,,60.0,,controlled_tattoo_stress,,digital_tattoo_message,tattoo_bit1,tattoo_bit1,1.0,61.0,,,0.16517032416895133,,False,,1,
p7_multichip_2_62,p7_multichip_2,mc_phase7_multichip.py,phase7_multichip,2026-07-27,1.0,real_bsim_ptm,simulated,False,3.2,0.045,4,4.5,11.86,27.0,,,60.0,,controlled_tattoo_stress,,digital_tattoo_message,tattoo_bit1,tattoo_bit1,1.0,62.0,,,0.259695483894726,,False,,1,
p7_multichip_2_63,p7_multichip_2,mc_phase7_multichip.py,phase7_multichip,2026-07-27,1.0,real_bsim_ptm,simulated,False,3.2,0.045,4,4.5,11.86,27.0,,,0.0,,controlled_tattoo_stress,,digital_tattoo_message,tattoo_bit0,tattoo_bit0,0.0,63.0,,,0.943381074322287,,False,,1,
p7_multichip_3_0,p7_multichip_3,mc_phase7_multichip.py,phase7_multichip,2026-07-27,1.0,real_bsim_ptm,simulated,False,3.2,0.045,4,4.5,11.86,27.0,,,60.0,,controlled_tattoo_stress,,digital_tattoo_message,tattoo_bit1,tattoo_bit1,1.0,0.0,,,0.15991647498201766,,False,,1,
p7_multichip_3_1,p7_multichip_3,mc_phase7_multichip.py,phase7_multichip,2026-07-27,1.0,real_bsim_ptm,simulated,False,3.2,0.045,4,4.5,11.86,27.0,,,0.0,,controlled_tattoo_stress,,digital_tattoo_message,tattoo_bit0,tattoo_bit0,0.0,1.0,,,0.8692165541252228,,False,,1,
p7_multichip_3_2,p7_multichip_3,mc_phase7_multichip.py,phase7_multichip,2026-07-27,1.0,real_bsim_ptm,simulated,False,3.2,0.045,4,4.5,11.86,27.0,,,0.0,,controlled_tattoo_stress,,digital_tattoo_message,tattoo_bit0,tattoo_bit0,0.0,2.0,,,0.9911837578723939,,False,,1,
p7_multichip_3_3,p7_multichip_3,mc_phase7_multichip.py,phase7_multichip,2026-07-27,1.0,real_bsim_ptm,simulated,False,3.2,0.045,4,4.5,11.86,27.0,,,60.0,,controlled_tattoo_stress,,digital_tattoo_message,tattoo_bit1,tattoo_bit1,1.0,3.0,,,0.24137920690829567,,False,,1,
p7_multichip_3_4,p7_multichip_3,mc_phase7_multichip.py,phase7_multichip,2026-07-27,1.0,real_bsim_ptm,simulated,False,3.2,0.045,4,4.5,11.86,27.0,,,0.0,,controlled_tattoo_stress,,digital_tattoo_message,tattoo_bit0,tattoo_bit0,0.0,4.0,,,1.1428279189164603,,False,,1,
p7_multichip_3_5,p7_multichip_3,mc_phase7_multichip.py,phase7_multichip,2026-07-27,1.0,real_bsim_ptm,simulated,False,3.2,0.045,4,4.5,11.86,27.0,,,0.0,,controlled_tattoo_stress,,digital_tattoo_message,tattoo_bit0,tattoo_bit0,0.0,5.0,,,0.6516368724175206,,False,,1,
p7_multichip_3_6,p7_multichip_3,mc_phase7_multichip.py,phase7_multichip,2026-07-27,1.0,real_bsim_ptm,simulated,False,3.2,0.045,4,4.5,11.86,27.0,,,60.0,,controlled_tattoo_stress,,digital_tattoo_message,tattoo_bit1,tattoo_bit1,1.0,6.0,,,0.3519674926935268,,False,,1,
p7_multichip_3_7,p7_multichip_3,mc_phase7_multichip.py,phase7_multichip,2026-07-27,1.0,real_bsim_ptm,simulated,False,3.2,0.045,4,4.5,11.86,27.0,,,60.0,,controlled_tattoo_stress,,digital_tattoo_message,tattoo_bit1,tattoo_bit1,1.0,7.0,,,0.33158043581031016,,False,,1,
p7_multichip_3_8,p7_multichip_3,mc_phase7_multichip.py,phase7_multichip,2026-07-27,1.0,real_bsim_ptm,simulated,False,3.2,0.045,4,4.5,11.86,27.0,,,60.0,,controlled_tattoo_stress,,digital_tattoo_message,tattoo_bit1,tattoo_bit1,1.0,8.0,,,0.23821268976390877,,False,,1,
p7_multichip_3_9,p7_multichip_3,mc_phase7_multichip.py,phase7_multichip,2026-07-27,1.0,real_bsim_ptm,simulated,False,3.2,0.045,4,4.5,11.86,27.0,,,60.0,,controlled_tattoo_stress,,digital_tattoo_message,tattoo_bit1,tattoo_bit1,1.0,9.0,,,0.17038717756835478,,False,,1,
p7_multichip_3_10,p7_multichip_3,mc_phase7_multichip.py,phase7_multichip,2026-07-27,1.0,real_bsim_ptm,simulated,False,3.2,0.045,4,4.5,11.86,27.0,,,0.0,,controlled_tattoo_stress,,digital_tattoo_message,tattoo_bit0,tattoo_bit0,0.0,10.0,,,0.7539931523288421,,False,,1,
p7_multichip_3_11,p7_multichip_3,mc_phase7_multichip.py,phase7_multichip,2026-07-27,1.0,real_bsim_ptm,simulated,False,3.2,0.045,4,4.5,11.86,27.0,,,60.0,,controlled_tattoo_stress,,digital_tattoo_message,tattoo_bit1,tattoo_bit1,1.0,11.0,,,0.26667871131203413,,False,,1,
p7_multichip_3_12,p7_multichip_3,mc_phase7_multichip.py,phase7_multichip,2026-07-27,1.0,real_bsim_ptm,simulated,False,3.2,0.045,4,4.5,11.86,27.0,,,0.0,,controlled_tattoo_stress,,digital_tattoo_message,tattoo_bit0,tattoo_bit0,0.0,12.0,,,0.9613795949694268,,False,,1,
p7_multichip_3_13,p7_multichip_3,mc_phase7_multichip.py,phase7_multichip,2026-07-27,1.0,real_bsim_ptm,simulated,False,3.2,0.045,4,4.5,11.86,27.0,,,60.0,,controlled_tattoo_stress,,digital_tattoo_message,tattoo_bit1,tattoo_bit1,1.0,13.0,,,0.2737510655290583,,False,,1,
p7_multichip_3_14,p7_multichip_3,mc_phase7_multichip.py,phase7_multichip,2026-07-27,1.0,real_bsim_ptm,simulated,False,3.2,0.045,4,4.5,11.86,27.0,,,0.0,,controlled_tattoo_stress,,digital_tattoo_message,tattoo_bit0,tattoo_bit0,0.0,14.0,,,0.7141067294082228,,False,,1,
p7_multichip_3_15,p7_multichip_3,mc_phase7_multichip.py,phase7_multichip,2026-07-27,1.0,real_bsim_ptm,simulated,False,3.2,0.045,4,4.5,11.86,27.0,,,60.0,,controlled_tattoo_stress,,digital_tattoo_message,tattoo_bit1,tattoo_bit1,1.0,15.0,,,0.25295818558897337,,False,,1,
p7_multichip_3_16,p7_multichip_3,mc_phase7_multichip.py,phase7_multichip,2026-07-27,1.0,real_bsim_ptm,simulated,False,3.2,0.045,4,4.5,11.86,27.0,,,0.0,,controlled_tattoo_stress,,digital_tattoo_message,tattoo_bit0,tattoo_bit0,0.0,16.0,,,1.108555555503512,,False,,1,
p7_multichip_3_17,p7_multichip_3,mc_phase7_multichip.py,phase7_multichip,2026-07-27,1.0,real_bsim_ptm,simulated,False,3.2,0.045,4,4.5,11.86,27.0,,,0.0,,controlled_tattoo_stress,,digital_tattoo_message,tattoo_bit0,tattoo_bit0,0.0,17.0,,,1.5948393589905974,,False,,1,
p7_multichip_3_18,p7_multichip_3,mc_phase7_multichip.py,phase7_multichip,2026-07-27,1.0,real_bsim_ptm,simulated,False,3.2,0.045,4,4.5,11.86,27.0,,,60.0,,controlled_tattoo_stress,,digital_tattoo_message,tattoo_bit1,tattoo_bit1,1.0,18.0,,,0.29106944934367185,,False,,1,
p7_multichip_3_19,p7_multichip_3,mc_phase7_multichip.py,phase7_multichip,2026-07-27,1.0,real_bsim_ptm,simulated,False,3.2,0.045,4,4.5,11.86,27.0,,,0.0,,controlled_tattoo_stress,,digital_tattoo_message,tattoo_bit0,tattoo_bit0,0.0,19.0,,,1.4173554453479125,,False,,1,
p7_multichip_3_20,p7_multichip_3,mc_phase7_multichip.py,phase7_multichip,2026-07-27,1.0,real_bsim_ptm,simulated,False,3.2,0.045,4,4.5,11.86,27.0,,,0.0,,controlled_tattoo_stress,,digital_tattoo_message,tattoo_bit0,tattoo_bit0,0.0,20.0,,,0.9301976284366362,,False,,1,
p7_multichip_3_21,p7_multichip_3,mc_phase7_multichip.py,phase7_multichip,2026-07-27,1.0,real_bsim_ptm,simulated,False,3.2,0.045,4,4.5,11.86,27.0,,,0.0,,controlled_tattoo_stress,,digital_tattoo_message,tattoo_bit0,tattoo_bit0,0.0,21.0,,,1.0086013721035563,,False,,1,
p7_multichip_3_22,p7_multichip_3,mc_phase7_multichip.py,phase7_multichip,2026-07-27,1.0,real_bsim_ptm,simulated,False,3.2,0.045,4,4.5,11.86,27.0,,,0.0,,controlled_tattoo_stress,,digital_tattoo_message,tattoo_bit0,tattoo_bit0,0.0,22.0,,,1.145712241382527,,False,,1,
p7_multichip_3_23,p7_multichip_3,mc_phase7_multichip.py,phase7_multichip,2026-07-27,1.0,real_bsim_ptm,simulated,False,3.2,0.045,4,4.5,11.86,27.0,,,60.0,,controlled_tattoo_stress,,digital_tattoo_message,tattoo_bit1,tattoo_bit1,1.0,23.0,,,0.13768614906819604,,False,,1,
p7_multichip_3_24,p7_multichip_3,mc_phase7_multichip.py,phase7_multichip,2026-07-27,1.0,real_bsim_ptm,simulated,False,3.2,0.045,4,4.5,11.86,27.0,,,0.0,,controlled_tattoo_stress,,digital_tattoo_message,tattoo_bit0,tattoo_bit0,0.0,24.0,,,1.6476795348258986,,False,,1,
p7_multichip_3_25,p7_multichip_3,mc_phase7_multichip.py,phase7_multichip,2026-07-27,1.0,real_bsim_ptm,simulated,False,3.2,0.045,4,4.5,11.86,27.0,,,0.0,,controlled_tattoo_stress,,digital_tattoo_message,tattoo_bit0,tattoo_bit0,0.0,25.0,,,0.8960016234166949,,False,,1,
p7_multichip_3_26,p7_multichip_3,mc_phase7_multichip.py,phase7_multichip,2026-07-27,1.0,real_bsim_ptm,simulated,False,3.2,0.045,4,4.5,11.86,27.0,,,60.0,,controlled_tattoo_stress,,digital_tattoo_message,tattoo_bit1,tattoo_bit1,1.0,26.0,,,0.2735871571582169,,False,,1,
p7_multichip_3_27,p7_multichip_3,mc_phase7_multichip.py,phase7_multichip,2026-07-27,1.0,real_bsim_ptm,simulated,False,3.2,0.045,4,4.5,11.86,27.0,,,0.0,,controlled_tattoo_stress,,digital_tattoo_message,tattoo_bit0,tattoo_bit0,0.0,27.0,,,0.8385280549191928,,False,,1,
p7_multichip_3_28,p7_multichip_3,mc_phase7_multichip.py,phase7_multichip,2026-07-27,1.0,real_bsim_ptm,simulated,False,3.2,0.045,4,4.5,11.86,27.0,,,0.0,,controlled_tattoo_stress,,digital_tattoo_message,tattoo_bit0,tattoo_bit0,0.0,28.0,,,1.105440062138604,,False,,1,
p7_multichip_3_29,p7_multichip_3,mc_phase7_multichip.py,phase7_multichip,2026-07-27,1.0,real_bsim_ptm,simulated,False,3.2,0.045,4,4.5,11.86,27.0,,,0.0,,controlled_tattoo_stress,,digital_tattoo_message,tattoo_bit0,tattoo_bit0,0.0,29.0,,,0.6422816140303851,,False,,1,
p7_multichip_3_30,p7_multichip_3,mc_phase7_multichip.py,phase7_multichip,2026-07-27,1.0,real_bsim_ptm,simulated,False,3.2,0.045,4,4.5,11.86,27.0,,,60.0,,controlled_tattoo_stress,,digital_tattoo_message,tattoo_bit1,tattoo_bit1,1.0,30.0,,,0.1854374435497782,,False,,1,
p7_multichip_3_31,p7_multichip_3,mc_phase7_multichip.py,phase7_multichip,2026-07-27,1.0,real_bsim_ptm,simulated,False,3.2,0.045,4,4.5,11.86,27.0,,,0.0,,controlled_tattoo_stress,,digital_tattoo_message,tattoo_bit0,tattoo_bit0,0.0,31.0,,,0.9651400954207354,,False,,1,
p7_multichip_3_32,p7_multichip_3,mc_phase7_multichip.py,phase7_multichip,2026-07-27,1.0,real_bsim_ptm,simulated,False,3.2,0.045,4,4.5,11.86,27.0,,,60.0,,controlled_tattoo_stress,,digital_tattoo_message,tattoo_bit1,tattoo_bit1,1.0,32.0,,,0.20381442449657988,,False,,1,
p7_multichip_3_33,p7_multichip_3,mc_phase7_multichip.py,phase7_multichip,2026-07-27,1.0,real_bsim_ptm,simulated,False,3.2,0.045,4,4.5,11.86,27.0,,,0.0,,controlled_tattoo_stress,,digital_tattoo_message,tattoo_bit0,tattoo_bit0,0.0,33.0,,,0.8019984160571187,,False,,1,
p7_multichip_3_34,p7_multichip_3,mc_phase7_multichip.py,phase7_multichip,2026-07-27,1.0,real_bsim_ptm,simulated,False,3.2,0.045,4,4.5,11.86,27.0,,,60.0,,controlled_tattoo_stress,,digital_tattoo_message,tattoo_bit1,tattoo_bit1,1.0,34.0,,,0.26969177121018006,,False,,1,
p7_multichip_3_35,p7_multichip_3,mc_phase7_multichip.py,phase7_multichip,2026-07-27,1.0,real_bsim_ptm,simulated,False,3.2,0.045,4,4.5,11.86,27.0,,,0.0,,controlled_tattoo_stress,,digital_tattoo_message,tattoo_bit0,tattoo_bit0,0.0,35.0,,,1.7251933803858543,,False,,1,
p7_multichip_3_36,p7_multichip_3,mc_phase7_multichip.py,phase7_multichip,2026-07-27,1.0,real_bsim_ptm,simulated,False,3.2,0.045,4,4.5,11.86,27.0,,,0.0,,controlled_tattoo_stress,,digital_tattoo_message,tattoo_bit0,tattoo_bit0,0.0,36.0,,,1.0900529470213844,,False,,1,
p7_multichip_3_37,p7_multichip_3,mc_phase7_multichip.py,phase7_multichip,2026-07-27,1.0,real_bsim_ptm,simulated,False,3.2,0.045,4,4.5,11.86,27.0,,,60.0,,controlled_tattoo_stress,,digital_tattoo_message,tattoo_bit1,tattoo_bit1,1.0,37.0,,,0.19132007995772518,,False,,1,
p7_multichip_3_38,p7_multichip_3,mc_phase7_multichip.py,phase7_multichip,2026-07-27,1.0,real_bsim_ptm,simulated,False,3.2,0.045,4,4.5,11.86,27.0,,,0.0,,controlled_tattoo_stress,,digital_tattoo_message,tattoo_bit0,tattoo_bit0,0.0,38.0,,,1.2560853671405252,,False,,1,
p7_multichip_3_39,p7_multichip_3,mc_phase7_multichip.py,phase7_multichip,2026-07-27,1.0,real_bsim_ptm,simulated,False,3.2,0.045,4,4.5,11.86,27.0,,,60.0,,controlled_tattoo_stress,,digital_tattoo_message,tattoo_bit1,tattoo_bit1,1.0,39.0,,,0.24028157778671416,,False,,1,
p7_multichip_3_40,p7_multichip_3,mc_phase7_multichip.py,phase7_multichip,2026-07-27,1.0,real_bsim_ptm,simulated,False,3.2,0.045,4,4.5,11.86,27.0,,,60.0,,controlled_tattoo_stress,,digital_tattoo_message,tattoo_bit1,tattoo_bit1,1.0,40.0,,,0.21233663740504286,,False,,1,
p7_multichip_3_41,p7_multichip_3,mc_phase7_multichip.py,phase7_multichip,2026-07-27,1.0,real_bsim_ptm,simulated,False,3.2,0.045,4,4.5,11.86,27.0,,,0.0,,controlled_tattoo_stress,,digital_tattoo_message,tattoo_bit0,tattoo_bit0,0.0,41.0,,,0.895475594983141,,False,,1,
p7_multichip_3_42,p7_multichip_3,mc_phase7_multichip.py,phase7_multichip,2026-07-27,1.0,real_bsim_ptm,simulated,False,3.2,0.045,4,4.5,11.86,27.0,,,0.0,,controlled_tattoo_stress,,digital_tattoo_message,tattoo_bit0,tattoo_bit0,0.0,42.0,,,0.9899109753455178,,False,,1,
p7_multichip_3_43,p7_multichip_3,mc_phase7_multichip.py,phase7_multichip,2026-07-27,1.0,real_bsim_ptm,simulated,False,3.2,0.045,4,4.5,11.86,27.0,,,60.0,,controlled_tattoo_stress,,digital_tattoo_message,tattoo_bit1,tattoo_bit1,1.0,43.0,,,0.20737447935012754,,False,,1,
p7_multichip_3_44,p7_multichip_3,mc_phase7_multichip.py,phase7_multichip,2026-07-27,1.0,real_bsim_ptm,simulated,False,3.2,0.045,4,4.5,11.86,27.0,,,60.0,,controlled_tattoo_stress,,digital_tattoo_message,tattoo_bit1,tattoo_bit1,1.0,44.0,,,0.2061489077585722,,False,,1,
p7_multichip_3_45,p7_multichip_3,mc_phase7_multichip.py,phase7_multichip,2026-07-27,1.0,real_bsim_ptm,simulated,False,3.2,0.045,4,4.5,11.86,27.0,,,0.0,,controlled_tattoo_stress,,digital_tattoo_message,tattoo_bit0,tattoo_bit0,0.0,45.0,,,0.9947593465874423,,False,,1,
p7_multichip_3_46,p7_multichip_3,mc_phase7_multichip.py,phase7_multichip,2026-07-27,1.0,real_bsim_ptm,simulated,False,3.2,0.045,4,4.5,11.86,27.0,,,60.0,,controlled_tattoo_stress,,digital_tattoo_message,tattoo_bit1,tattoo_bit1,1.0,46.0,,,0.23008487123684992,,False,,1,
p7_multichip_3_47,p7_multichip_3,mc_phase7_multichip.py,phase7_multichip,2026-07-27,1.0,real_bsim_ptm,simulated,False,3.2,0.045,4,4.5,11.86,27.0,,,0.0,,controlled_tattoo_stress,,digital_tattoo_message,tattoo_bit0,tattoo_bit0,0.0,47.0,,,1.1089061454001738,,False,,1,
p7_multichip_3_48,p7_multichip_3,mc_phase7_multichip.py,phase7_multichip,2026-07-27,1.0,real_bsim_ptm,simulated,False,3.2,0.045,4,4.5,11.86,27.0,,,0.0,,controlled_tattoo_stress,,digital_tattoo_message,tattoo_bit0,tattoo_bit0,0.0,48.0,,,1.6171059313840785,,False,,1,
p7_multichip_3_49,p7_multichip_3,mc_phase7_multichip.py,phase7_multichip,2026-07-27,1.0,real_bsim_ptm,simulated,False,3.2,0.045,4,4.5,11.86,27.0,,,60.0,,controlled_tattoo_stress,,digital_tattoo_message,tattoo_bit1,tattoo_bit1,1.0,49.0,,,0.14911728946492125,,False,,1,
p7_multichip_3_50,p7_multichip_3,mc_phase7_multichip.py,phase7_multichip,2026-07-27,1.0,real_bsim_ptm,simulated,False,3.2,0.045,4,4.5,11.86,27.0,,,60.0,,controlled_tattoo_stress,,digital_tattoo_message,tattoo_bit1,tattoo_bit1,1.0,50.0,,,0.24462086217534373,,False,,1,
p7_multichip_3_51,p7_multichip_3,mc_phase7_multichip.py,phase7_multichip,2026-07-27,1.0,real_bsim_ptm,simulated,False,3.2,0.045,4,4.5,11.86,27.0,,,60.0,,controlled_tattoo_stress,,digital_tattoo_message,tattoo_bit1,tattoo_bit1,1.0,51.0,,,0.2317039007153151,,False,,1,
p7_multichip_3_52,p7_multichip_3,mc_phase7_multichip.py,phase7_multichip,2026-07-27,1.0,real_bsim_ptm,simulated,False,3.2,0.045,4,4.5,11.86,27.0,,,60.0,,controlled_tattoo_stress,,digital_tattoo_message,tattoo_bit1,tattoo_bit1,1.0,52.0,,,0.25111175337992714,,False,,1,
p7_multichip_3_53,p7_multichip_3,mc_phase7_multichip.py,phase7_multichip,2026-07-27,1.0,real_bsim_ptm,simulated,False,3.2,0.045,4,4.5,11.86,27.0,,,0.0,,controlled_tattoo_stress,,digital_tattoo_message,tattoo_bit0,tattoo_bit0,0.0,53.0,,,1.0233552077080215,,False,,1,
p7_multichip_3_54,p7_multichip_3,mc_phase7_multichip.py,phase7_multichip,2026-07-27,1.0,real_bsim_ptm,simulated,False,3.2,0.045,4,4.5,11.86,27.0,,,60.0,,controlled_tattoo_stress,,digital_tattoo_message,tattoo_bit1,tattoo_bit1,1.0,54.0,,,0.2950249242998365,,False,,1,
p7_multichip_3_55,p7_multichip_3,mc_phase7_multichip.py,phase7_multichip,2026-07-27,1.0,real_bsim_ptm,simulated,False,3.2,0.045,4,4.5,11.86,27.0,,,0.0,,controlled_tattoo_stress,,digital_tattoo_message,tattoo_bit0,tattoo_bit0,0.0,55.0,,,1.2479427693589145,,False,,1,
p7_multichip_3_56,p7_multichip_3,mc_phase7_multichip.py,phase7_multichip,2026-07-27,1.0,real_bsim_ptm,simulated,False,3.2,0.045,4,4.5,11.86,27.0,,,0.0,,controlled_tattoo_stress,,digital_tattoo_message,tattoo_bit0,tattoo_bit0,0.0,56.0,,,1.1536578673209676,,False,,1,
p7_multichip_3_57,p7_multichip_3,mc_phase7_multichip.py,phase7_multichip,2026-07-27,1.0,real_bsim_ptm,simulated,False,3.2,0.045,4,4.5,11.86,27.0,,,0.0,,controlled_tattoo_stress,,digital_tattoo_message,tattoo_bit0,tattoo_bit0,0.0,57.0,,,2.072542864439932,,False,,1,
p7_multichip_3_58,p7_multichip_3,mc_phase7_multichip.py,phase7_multichip,2026-07-27,1.0,real_bsim_ptm,simulated,False,3.2,0.045,4,4.5,11.86,27.0,,,0.0,,controlled_tattoo_stress,,digital_tattoo_message,tattoo_bit0,tattoo_bit0,0.0,58.0,,,0.9946721573765407,,False,,1,
p7_multichip_3_59,p7_multichip_3,mc_phase7_multichip.py,phase7_multichip,2026-07-27,1.0,real_bsim_ptm,simulated,False,3.2,0.045,4,4.5,11.86,27.0,,,60.0,,controlled_tattoo_stress,,digital_tattoo_message,tattoo_bit1,tattoo_bit1,1.0,59.0,,,0.2598227102279438,,False,,1,
p7_multichip_3_60,p7_multichip_3,mc_phase7_multichip.py,phase7_multichip,2026-07-27,1.0,real_bsim_ptm,simulated,False,3.2,0.045,4,4.5,11.86,27.0,,,60.0,,controlled_tattoo_stress,,digital_tattoo_message,tattoo_bit1,tattoo_bit1,1.0,60.0,,,0.2164677351313257,,False,,1,
p7_multichip_3_61,p7_multichip_3,mc_phase7_multichip.py,phase7_multichip,2026-07-27,1.0,real_bsim_ptm,simulated,False,3.2,0.045,4,4.5,11.86,27.0,,,60.0,,controlled_tattoo_stress,,digital_tattoo_message,tattoo_bit1,tattoo_bit1,1.0,61.0,,,0.18556718768992814,,False,,1,
p7_multichip_3_62,p7_multichip_3,mc_phase7_multichip.py,phase7_multichip,2026-07-27,1.0,real_bsim_ptm,simulated,False,3.2,0.045,4,4.5,11.86,27.0,,,60.0,,controlled_tattoo_stress,,digital_tattoo_message,tattoo_bit1,tattoo_bit1,1.0,62.0,,,0.20154322322565454,,False,,1,
p7_multichip_3_63,p7_multichip_3,mc_phase7_multichip.py,phase7_multichip,2026-07-27,1.0,real_bsim_ptm,simulated,False,3.2,0.045,4,4.5,11.86,27.0,,,0.0,,controlled_tattoo_stress,,digital_tattoo_message,tattoo_bit0,tattoo_bit0,0.0,63.0,,,0.7955815283319388,,False,,1,
p7_multichip_4_0,p7_multichip_4,mc_phase7_multichip.py,phase7_multichip,2026-07-27,1.0,real_bsim_ptm,simulated,False,3.2,0.045,4,4.5,11.86,27.0,,,60.0,,controlled_tattoo_stress,,digital_tattoo_message,tattoo_bit1,tattoo_bit1,1.0,0.0,,,0.23657750802805205,,False,,1,
p7_multichip_4_1,p7_multichip_4,mc_phase7_multichip.py,phase7_multichip,2026-07-27,1.0,real_bsim_ptm,simulated,False,3.2,0.045,4,4.5,11.86,27.0,,,0.0,,controlled_tattoo_stress,,digital_tattoo_message,tattoo_bit0,tattoo_bit0,0.0,1.0,,,1.3313856702675861,,False,,1,
p7_multichip_4_2,p7_multichip_4,mc_phase7_multichip.py,phase7_multichip,2026-07-27,1.0,real_bsim_ptm,simulated,False,3.2,0.045,4,4.5,11.86,27.0,,,0.0,,controlled_tattoo_stress,,digital_tattoo_message,tattoo_bit0,tattoo_bit0,0.0,2.0,,,1.3388841072650988,,False,,1,
p7_multichip_4_3,p7_multichip_4,mc_phase7_multichip.py,phase7_multichip,2026-07-27,1.0,real_bsim_ptm,simulated,False,3.2,0.045,4,4.5,11.86,27.0,,,60.0,,controlled_tattoo_stress,,digital_tattoo_message,tattoo_bit1,tattoo_bit1,1.0,3.0,,,0.13235102258146,,False,,1,
p7_multichip_4_4,p7_multichip_4,mc_phase7_multichip.py,phase7_multichip,2026-07-27,1.0,real_bsim_ptm,simulated,False,3.2,0.045,4,4.5,11.86,27.0,,,0.0,,controlled_tattoo_stress,,digital_tattoo_message,tattoo_bit0,tattoo_bit0,0.0,4.0,,,1.517553090760289,,False,,1,
p7_multichip_4_5,p7_multichip_4,mc_phase7_multichip.py,phase7_multichip,2026-07-27,1.0,real_bsim_ptm,simulated,False,3.2,0.045,4,4.5,11.86,27.0,,,60.0,,controlled_tattoo_stress,,digital_tattoo_message,tattoo_bit1,tattoo_bit1,1.0,5.0,,,0.2854158354714985,,False,,1,
p7_multichip_4_6,p7_multichip_4,mc_phase7_multichip.py,phase7_multichip,2026-07-27,1.0,real_bsim_ptm,simulated,False,3.2,0.045,4,4.5,11.86,27.0,,,60.0,,controlled_tattoo_stress,,digital_tattoo_message,tattoo_bit1,tattoo_bit1,1.0,6.0,,,0.22081527079590538,,False,,1,
p7_multichip_4_7,p7_multichip_4,mc_phase7_multichip.py,phase7_multichip,2026-07-27,1.0,real_bsim_ptm,simulated,False,3.2,0.045,4,4.5,11.86,27.0,,,0.0,,controlled_tattoo_stress,,digital_tattoo_message,tattoo_bit0,tattoo_bit0,0.0,7.0,,,0.9076191680552375,,False,,1,
p7_multichip_4_8,p7_multichip_4,mc_phase7_multichip.py,phase7_multichip,2026-07-27,1.0,real_bsim_ptm,simulated,False,3.2,0.045,4,4.5,11.86,27.0,,,0.0,,controlled_tattoo_stress,,digital_tattoo_message,tattoo_bit0,tattoo_bit0,0.0,8.0,,,1.273922597092453,,False,,1,
p7_multichip_4_9,p7_multichip_4,mc_phase7_multichip.py,phase7_multichip,2026-07-27,1.0,real_bsim_ptm,simulated,False,3.2,0.045,4,4.5,11.86,27.0,,,60.0,,controlled_tattoo_stress,,digital_tattoo_message,tattoo_bit1,tattoo_bit1,1.0,9.0,,,0.17619090190399617,,False,,1,
p7_multichip_4_10,p7_multichip_4,mc_phase7_multichip.py,phase7_multichip,2026-07-27,1.0,real_bsim_ptm,simulated,False,3.2,0.045,4,4.5,11.86,27.0,,,60.0,,controlled_tattoo_stress,,digital_tattoo_message,tattoo_bit1,tattoo_bit1,1.0,10.0,,,0.3408873657775716,,False,,1,
p7_multichip_4_11,p7_multichip_4,mc_phase7_multichip.py,phase7_multichip,2026-07-27,1.0,real_bsim_ptm,simulated,False,3.2,0.045,4,4.5,11.86,27.0,,,0.0,,controlled_tattoo_stress,,digital_tattoo_message,tattoo_bit0,tattoo_bit0,0.0,11.0,,,1.422352546764841,,False,,1,
p7_multichip_4_12,p7_multichip_4,mc_phase7_multichip.py,phase7_multichip,2026-07-27,1.0,real_bsim_ptm,simulated,False,3.2,0.045,4,4.5,11.86,27.0,,,0.0,,controlled_tattoo_stress,,digital_tattoo_message,tattoo_bit0,tattoo_bit0,0.0,12.0,,,0.8633860430667689,,False,,1,
p7_multichip_4_13,p7_multichip_4,mc_phase7_multichip.py,phase7_multichip,2026-07-27,1.0,real_bsim_ptm,simulated,False,3.2,0.045,4,4.5,11.86,27.0,,,0.0,,controlled_tattoo_stress,,digital_tattoo_message,tattoo_bit0,tattoo_bit0,0.0,13.0,,,1.5250135349524248,,False,,1,
p7_multichip_4_14,p7_multichip_4,mc_phase7_multichip.py,phase7_multichip,2026-07-27,1.0,real_bsim_ptm,simulated,False,3.2,0.045,4,4.5,11.86,27.0,,,60.0,,controlled_tattoo_stress,,digital_tattoo_message,tattoo_bit1,tattoo_bit1,1.0,14.0,,,0.1942465812415689,,False,,1,
p7_multichip_4_15,p7_multichip_4,mc_phase7_multichip.py,phase7_multichip,2026-07-27,1.0,real_bsim_ptm,simulated,False,3.2,0.045,4,4.5,11.86,27.0,,,60.0,,controlled_tattoo_stress,,digital_tattoo_message,tattoo_bit1,tattoo_bit1,1.0,15.0,,,0.15496858988876758,,False,,1,
p7_multichip_4_16,p7_multichip_4,mc_phase7_multichip.py,phase7_multichip,2026-07-27,1.0,real_bsim_ptm,simulated,False,3.2,0.045,4,4.5,11.86,27.0,,,0.0,,controlled_tattoo_stress,,digital_tattoo_message,tattoo_bit0,tattoo_bit0,0.0,16.0,,,1.1610186392172948,,False,,1,
p7_multichip_4_17,p7_multichip_4,mc_phase7_multichip.py,phase7_multichip,2026-07-27,1.0,real_bsim_ptm,simulated,False,3.2,0.045,4,4.5,11.86,27.0,,,60.0,,controlled_tattoo_stress,,digital_tattoo_message,tattoo_bit1,tattoo_bit1,1.0,17.0,,,0.1922212324328308,,False,,1,
p7_multichip_4_18,p7_multichip_4,mc_phase7_multichip.py,phase7_multichip,2026-07-27,1.0,real_bsim_ptm,simulated,False,3.2,0.045,4,4.5,11.86,27.0,,,0.0,,controlled_tattoo_stress,,digital_tattoo_message,tattoo_bit0,tattoo_bit0,0.0,18.0,,,1.1392083696293294,,False,,1,
p7_multichip_4_19,p7_multichip_4,mc_phase7_multichip.py,phase7_multichip,2026-07-27,1.0,real_bsim_ptm,simulated,False,3.2,0.045,4,4.5,11.86,27.0,,,0.0,,controlled_tattoo_stress,,digital_tattoo_message,tattoo_bit0,tattoo_bit0,0.0,19.0,,,1.1747795098585165,,False,,1,
p7_multichip_4_20,p7_multichip_4,mc_phase7_multichip.py,phase7_multichip,2026-07-27,1.0,real_bsim_ptm,simulated,False,3.2,0.045,4,4.5,11.86,27.0,,,60.0,,controlled_tattoo_stress,,digital_tattoo_message,tattoo_bit1,tattoo_bit1,1.0,20.0,,,0.24323890401832296,,False,,1,
p7_multichip_4_21,p7_multichip_4,mc_phase7_multichip.py,phase7_multichip,2026-07-27,1.0,real_bsim_ptm,simulated,False,3.2,0.045,4,4.5,11.86,27.0,,,60.0,,controlled_tattoo_stress,,digital_tattoo_message,tattoo_bit1,tattoo_bit1,1.0,21.0,,,0.26920998022591996,,False,,1,
p7_multichip_4_22,p7_multichip_4,mc_phase7_multichip.py,phase7_multichip,2026-07-27,1.0,real_bsim_ptm,simulated,False,3.2,0.045,4,4.5,11.86,27.0,,,0.0,,controlled_tattoo_stress,,digital_tattoo_message,tattoo_bit0,tattoo_bit0,0.0,22.0,,,1.069678803127558,,False,,1,
p7_multichip_4_23,p7_multichip_4,mc_phase7_multichip.py,phase7_multichip,2026-07-27,1.0,real_bsim_ptm,simulated,False,3.2,0.045,4,4.5,11.86,27.0,,,0.0,,controlled_tattoo_stress,,digital_tattoo_message,tattoo_bit0,tattoo_bit0,0.0,23.0,,,1.0325648057444103,,False,,1,
p7_multichip_4_24,p7_multichip_4,mc_phase7_multichip.py,phase7_multichip,2026-07-27,1.0,real_bsim_ptm,simulated,False,3.2,0.045,4,4.5,11.86,27.0,,,0.0,,controlled_tattoo_stress,,digital_tattoo_message,tattoo_bit0,tattoo_bit0,0.0,24.0,,,1.5243667078546304,,False,,1,
p7_multichip_4_25,p7_multichip_4,mc_phase7_multichip.py,phase7_multichip,2026-07-27,1.0,real_bsim_ptm,simulated,False,3.2,0.045,4,4.5,11.86,27.0,,,0.0,,controlled_tattoo_stress,,digital_tattoo_message,tattoo_bit0,tattoo_bit0,0.0,25.0,,,0.9679230736116453,,False,,1,
p7_multichip_4_26,p7_multichip_4,mc_phase7_multichip.py,phase7_multichip,2026-07-27,1.0,real_bsim_ptm,simulated,False,3.2,0.045,4,4.5,11.86,27.0,,,60.0,,controlled_tattoo_stress,,digital_tattoo_message,tattoo_bit1,tattoo_bit1,1.0,26.0,,,0.16051176939563497,,False,,1,
p7_multichip_4_27,p7_multichip_4,mc_phase7_multichip.py,phase7_multichip,2026-07-27,1.0,real_bsim_ptm,simulated,False,3.2,0.045,4,4.5,11.86,27.0,,,60.0,,controlled_tattoo_stress,,digital_tattoo_message,tattoo_bit1,tattoo_bit1,1.0,27.0,,,0.19496053131648844,,False,,1,
p7_multichip_4_28,p7_multichip_4,mc_phase7_multichip.py,phase7_multichip,2026-07-27,1.0,real_bsim_ptm,simulated,False,3.2,0.045,4,4.5,11.86,27.0,,,0.0,,controlled_tattoo_stress,,digital_tattoo_message,tattoo_bit0,tattoo_bit0,0.0,28.0,,,1.1575853684350572,,False,,1,
p7_multichip_4_29,p7_multichip_4,mc_phase7_multichip.py,phase7_multichip,2026-07-27,1.0,real_bsim_ptm,simulated,False,3.2,0.045,4,4.5,11.86,27.0,,,60.0,,controlled_tattoo_stress,,digital_tattoo_message,tattoo_bit1,tattoo_bit1,1.0,29.0,,,0.15284712470414508,,False,,1,
p7_multichip_4_30,p7_multichip_4,mc_phase7_multichip.py,phase7_multichip,2026-07-27,1.0,real_bsim_ptm,simulated,False,3.2,0.045,4,4.5,11.86,27.0,,,0.0,,controlled_tattoo_stress,,digital_tattoo_message,tattoo_bit0,tattoo_bit0,0.0,30.0,,,1.044279341641386,,False,,1,
p7_multichip_4_31,p7_multichip_4,mc_phase7_multichip.py,phase7_multichip,2026-07-27,1.0,real_bsim_ptm,simulated,False,3.2,0.045,4,4.5,11.86,27.0,,,0.0,,controlled_tattoo_stress,,digital_tattoo_message,tattoo_bit0,tattoo_bit0,0.0,31.0,,,1.2081522571444023,,False,,1,
p7_multichip_4_32,p7_multichip_4,mc_phase7_multichip.py,phase7_multichip,2026-07-27,1.0,real_bsim_ptm,simulated,False,3.2,0.045,4,4.5,11.86,27.0,,,0.0,,controlled_tattoo_stress,,digital_tattoo_message,tattoo_bit0,tattoo_bit0,0.0,32.0,,,2.3621823096953722,,False,,1,
p7_multichip_4_33,p7_multichip_4,mc_phase7_multichip.py,phase7_multichip,2026-07-27,1.0,real_bsim_ptm,simulated,False,3.2,0.045,4,4.5,11.86,27.0,,,60.0,,controlled_tattoo_stress,,digital_tattoo_message,tattoo_bit1,tattoo_bit1,1.0,33.0,,,0.3037313413340118,,False,,1,
p7_multichip_4_34,p7_multichip_4,mc_phase7_multichip.py,phase7_multichip,2026-07-27,1.0,real_bsim_ptm,simulated,False,3.2,0.045,4,4.5,11.86,27.0,,,0.0,,controlled_tattoo_stress,,digital_tattoo_message,tattoo_bit0,tattoo_bit0,0.0,34.0,,,1.4175005569529766,,False,,1,
p7_multichip_4_35,p7_multichip_4,mc_phase7_multichip.py,phase7_multichip,2026-07-27,1.0,real_bsim_ptm,simulated,False,3.2,0.045,4,4.5,11.86,27.0,,,60.0,,controlled_tattoo_stress,,digital_tattoo_message,tattoo_bit1,tattoo_bit1,1.0,35.0,,,0.32595782700195614,,False,,1,
p7_multichip_4_36,p7_multichip_4,mc_phase7_multichip.py,phase7_multichip,2026-07-27,1.0,real_bsim_ptm,simulated,False,3.2,0.045,4,4.5,11.86,27.0,,,0.0,,controlled_tattoo_stress,,digital_tattoo_message,tattoo_bit0,tattoo_bit0,0.0,36.0,,,1.1841494525074014,,False,,1,
p7_multichip_4_37,p7_multichip_4,mc_phase7_multichip.py,phase7_multichip,2026-07-27,1.0,real_bsim_ptm,simulated,False,3.2,0.045,4,4.5,11.86,27.0,,,0.0,,controlled_tattoo_stress,,digital_tattoo_message,tattoo_bit0,tattoo_bit0,0.0,37.0,,,1.450909117810288,,False,,1,
p7_multichip_4_38,p7_multichip_4,mc_phase7_multichip.py,phase7_multichip,2026-07-27,1.0,real_bsim_ptm,simulated,False,3.2,0.045,4,4.5,11.86,27.0,,,0.0,,controlled_tattoo_stress,,digital_tattoo_message,tattoo_bit0,tattoo_bit0,0.0,38.0,,,1.4025368445427664,,False,,1,
p7_multichip_4_39,p7_multichip_4,mc_phase7_multichip.py,phase7_multichip,2026-07-27,1.0,real_bsim_ptm,simulated,False,3.2,0.045,4,4.5,11.86,27.0,,,0.0,,controlled_tattoo_stress,,digital_tattoo_message,tattoo_bit0,tattoo_bit0,0.0,39.0,,,1.3379899796129395,,False,,1,
p7_multichip_4_40,p7_multichip_4,mc_phase7_multichip.py,phase7_multichip,2026-07-27,1.0,real_bsim_ptm,simulated,False,3.2,0.045,4,4.5,11.86,27.0,,,60.0,,controlled_tattoo_stress,,digital_tattoo_message,tattoo_bit1,tattoo_bit1,1.0,40.0,,,0.17556092833884457,,False,,1,
p7_multichip_4_41,p7_multichip_4,mc_phase7_multichip.py,phase7_multichip,2026-07-27,1.0,real_bsim_ptm,simulated,False,3.2,0.045,4,4.5,11.86,27.0,,,0.0,,controlled_tattoo_stress,,digital_tattoo_message,tattoo_bit0,tattoo_bit0,0.0,41.0,,,1.0447945595026509,,False,,1,
p7_multichip_4_42,p7_multichip_4,mc_phase7_multichip.py,phase7_multichip,2026-07-27,1.0,real_bsim_ptm,simulated,False,3.2,0.045,4,4.5,11.86,27.0,,,60.0,,controlled_tattoo_stress,,digital_tattoo_message,tattoo_bit1,tattoo_bit1,1.0,42.0,,,0.3198818980700635,,False,,1,
p7_multichip_4_43,p7_multichip_4,mc_phase7_multichip.py,phase7_multichip,2026-07-27,1.0,real_bsim_ptm,simulated,False,3.2,0.045,4,4.5,11.86,27.0,,,0.0,,controlled_tattoo_stress,,digital_tattoo_message,tattoo_bit0,tattoo_bit0,0.0,43.0,,,1.5676625380475837,,False,,1,
p7_multichip_4_44,p7_multichip_4,mc_phase7_multichip.py,phase7_multichip,2026-07-27,1.0,real_bsim_ptm,simulated,False,3.2,0.045,4,4.5,11.86,27.0,,,60.0,,controlled_tattoo_stress,,digital_tattoo_message,tattoo_bit1,tattoo_bit1,1.0,44.0,,,0.21175724480080757,,False,,1,
p7_multichip_4_45,p7_multichip_4,mc_phase7_multichip.py,phase7_multichip,2026-07-27,1.0,real_bsim_ptm,simulated,False,3.2,0.045,4,4.5,11.86,27.0,,,60.0,,controlled_tattoo_stress,,digital_tattoo_message,tattoo_bit1,tattoo_bit1,1.0,45.0,,,0.22447402607239691,,False,,1,
p7_multichip_4_46,p7_multichip_4,mc_phase7_multichip.py,phase7_multichip,2026-07-27,1.0,real_bsim_ptm,simulated,False,3.2,0.045,4,4.5,11.86,27.0,,,60.0,,controlled_tattoo_stress,,digital_tattoo_message,tattoo_bit1,tattoo_bit1,1.0,46.0,,,0.15863264871380073,,False,,1,
p7_multichip_4_47,p7_multichip_4,mc_phase7_multichip.py,phase7_multichip,2026-07-27,1.0,real_bsim_ptm,simulated,False,3.2,0.045,4,4.5,11.86,27.0,,,0.0,,controlled_tattoo_stress,,digital_tattoo_message,tattoo_bit0,tattoo_bit0,0.0,47.0,,,0.9123282213225383,,False,,1,
p7_multichip_4_48,p7_multichip_4,mc_phase7_multichip.py,phase7_multichip,2026-07-27,1.0,real_bsim_ptm,simulated,False,3.2,0.045,4,4.5,11.86,27.0,,,0.0,,controlled_tattoo_stress,,digital_tattoo_message,tattoo_bit0,tattoo_bit0,0.0,48.0,,,0.7735151462869762,,False,,1,
p7_multichip_4_49,p7_multichip_4,mc_phase7_multichip.py,phase7_multichip,2026-07-27,1.0,real_bsim_ptm,simulated,False,3.2,0.045,4,4.5,11.86,27.0,,,60.0,,controlled_tattoo_stress,,digital_tattoo_message,tattoo_bit1,tattoo_bit1,1.0,49.0,,,0.19377429026364806,,False,,1,
p7_multichip_4_50,p7_multichip_4,mc_phase7_multichip.py,phase7_multichip,2026-07-27,1.0,real_bsim_ptm,simulated,False,3.2,0.045,4,4.5,11.86,27.0,,,0.0,,controlled_tattoo_stress,,digital_tattoo_message,tattoo_bit0,tattoo_bit0,0.0,50.0,,,1.115636168147245,,False,,1,
p7_multichip_4_51,p7_multichip_4,mc_phase7_multichip.py,phase7_multichip,2026-07-27,1.0,real_bsim_ptm,simulated,False,3.2,0.045,4,4.5,11.86,27.0,,,0.0,,controlled_tattoo_stress,,digital_tattoo_message,tattoo_bit0,tattoo_bit0,0.0,51.0,,,0.7023506984808523,,False,,1,
p7_multichip_4_52,p7_multichip_4,mc_phase7_multichip.py,phase7_multichip,2026-07-27,1.0,real_bsim_ptm,simulated,False,3.2,0.045,4,4.5,11.86,27.0,,,60.0,,controlled_tattoo_stress,,digital_tattoo_message,tattoo_bit1,tattoo_bit1,1.0,52.0,,,0.24551650265268504,,False,,1,
p7_multichip_4_53,p7_multichip_4,mc_phase7_multichip.py,phase7_multichip,2026-07-27,1.0,real_bsim_ptm,simulated,False,3.2,0.045,4,4.5,11.86,27.0,,,60.0,,controlled_tattoo_stress,,digital_tattoo_message,tattoo_bit1,tattoo_bit1,1.0,53.0,,,0.3167842213095498,,False,,1,
p7_multichip_4_54,p7_multichip_4,mc_phase7_multichip.py,phase7_multichip,2026-07-27,1.0,real_bsim_ptm,simulated,False,3.2,0.045,4,4.5,11.86,27.0,,,0.0,,controlled_tattoo_stress,,digital_tattoo_message,tattoo_bit0,tattoo_bit0,0.0,54.0,,,0.9742494915935531,,False,,1,
p7_multichip_4_55,p7_multichip_4,mc_phase7_multichip.py,phase7_multichip,2026-07-27,1.0,real_bsim_ptm,simulated,False,3.2,0.045,4,4.5,11.86,27.0,,,0.0,,controlled_tattoo_stress,,digital_tattoo_message,tattoo_bit0,tattoo_bit0,0.0,55.0,,,1.140086421597166,,False,,1,
p7_multichip_4_56,p7_multichip_4,mc_phase7_multichip.py,phase7_multichip,2026-07-27,1.0,real_bsim_ptm,simulated,False,3.2,0.045,4,4.5,11.86,27.0,,,0.0,,controlled_tattoo_stress,,digital_tattoo_message,tattoo_bit0,tattoo_bit0,0.0,56.0,,,1.3426195840625734,,False,,1,
p7_multichip_4_57,p7_multichip_4,mc_phase7_multichip.py,phase7_multichip,2026-07-27,1.0,real_bsim_ptm,simulated,False,3.2,0.045,4,4.5,11.86,27.0,,,60.0,,controlled_tattoo_stress,,digital_tattoo_message,tattoo_bit1,tattoo_bit1,1.0,57.0,,,0.21321852885121445,,False,,1,
p7_multichip_4_58,p7_multichip_4,mc_phase7_multichip.py,phase7_multichip,2026-07-27,1.0,real_bsim_ptm,simulated,False,3.2,0.045,4,4.5,11.86,27.0,,,60.0,,controlled_tattoo_stress,,digital_tattoo_message,tattoo_bit1,tattoo_bit1,1.0,58.0,,,0.25406843430302406,,False,,1,
p7_multichip_4_59,p7_multichip_4,mc_phase7_multichip.py,phase7_multichip,2026-07-27,1.0,real_bsim_ptm,simulated,False,3.2,0.045,4,4.5,11.86,27.0,,,60.0,,controlled_tattoo_stress,,digital_tattoo_message,tattoo_bit1,tattoo_bit1,1.0,59.0,,,0.21050030808396564,,False,,1,
p7_multichip_4_60,p7_multichip_4,mc_phase7_multichip.py,phase7_multichip,2026-07-27,1.0,real_bsim_ptm,simulated,False,3.2,0.045,4,4.5,11.86,27.0,,,0.0,,controlled_tattoo_stress,,digital_tattoo_message,tattoo_bit0,tattoo_bit0,0.0,60.0,,,0.9951042782124948,,False,,1,
p7_multichip_4_61,p7_multichip_4,mc_phase7_multichip.py,phase7_multichip,2026-07-27,1.0,real_bsim_ptm,simulated,False,3.2,0.045,4,4.5,11.86,27.0,,,60.0,,controlled_tattoo_stress,,digital_tattoo_message,tattoo_bit1,tattoo_bit1,1.0,61.0,,,0.249348196479307,,False,,1,
p7_multichip_4_62,p7_multichip_4,mc_phase7_multichip.py,phase7_multichip,2026-07-27,1.0,real_bsim_ptm,simulated,False,3.2,0.045,4,4.5,11.86,27.0,,,60.0,,controlled_tattoo_stress,,digital_tattoo_message,tattoo_bit1,tattoo_bit1,1.0,62.0,,,0.2039291768766503,,False,,1,
p7_multichip_4_63,p7_multichip_4,mc_phase7_multichip.py,phase7_multichip,2026-07-27,1.0,real_bsim_ptm,simulated,False,3.2,0.045,4,4.5,11.86,27.0,,,0.0,,controlled_tattoo_stress,,digital_tattoo_message,tattoo_bit0,tattoo_bit0,0.0,63.0,,,1.2077297794700392,,False,,1,
p7_multichip_5_0,p7_multichip_5,mc_phase7_multichip.py,phase7_multichip,2026-07-27,1.0,real_bsim_ptm,simulated,False,3.2,0.045,4,4.5,11.86,27.0,,,60.0,,controlled_tattoo_stress,,digital_tattoo_message,tattoo_bit1,tattoo_bit1,1.0,0.0,,,0.22560964282876506,,False,,1,
p7_multichip_5_1,p7_multichip_5,mc_phase7_multichip.py,phase7_multichip,2026-07-27,1.0,real_bsim_ptm,simulated,False,3.2,0.045,4,4.5,11.86,27.0,,,0.0,,controlled_tattoo_stress,,digital_tattoo_message,tattoo_bit0,tattoo_bit0,0.0,1.0,,,1.3141037467600398,,False,,1,
p7_multichip_5_2,p7_multichip_5,mc_phase7_multichip.py,phase7_multichip,2026-07-27,1.0,real_bsim_ptm,simulated,False,3.2,0.045,4,4.5,11.86,27.0,,,60.0,,controlled_tattoo_stress,,digital_tattoo_message,tattoo_bit1,tattoo_bit1,1.0,2.0,,,0.4235277947986395,,False,,1,
p7_multichip_5_3,p7_multichip_5,mc_phase7_multichip.py,phase7_multichip,2026-07-27,1.0,real_bsim_ptm,simulated,False,3.2,0.045,4,4.5,11.86,27.0,,,60.0,,controlled_tattoo_stress,,digital_tattoo_message,tattoo_bit1,tattoo_bit1,1.0,3.0,,,0.1755917534264974,,False,,1,
p7_multichip_5_4,p7_multichip_5,mc_phase7_multichip.py,phase7_multichip,2026-07-27,1.0,real_bsim_ptm,simulated,False,3.2,0.045,4,4.5,11.86,27.0,,,0.0,,controlled_tattoo_stress,,digital_tattoo_message,tattoo_bit0,tattoo_bit0,0.0,4.0,,,1.0048483449908223,,False,,1,
p7_multichip_5_5,p7_multichip_5,mc_phase7_multichip.py,phase7_multichip,2026-07-27,1.0,real_bsim_ptm,simulated,False,3.2,0.045,4,4.5,11.86,27.0,,,0.0,,controlled_tattoo_stress,,digital_tattoo_message,tattoo_bit0,tattoo_bit0,0.0,5.0,,,1.217122125902544,,False,,1,
p7_multichip_5_6,p7_multichip_5,mc_phase7_multichip.py,phase7_multichip,2026-07-27,1.0,real_bsim_ptm,simulated,False,3.2,0.045,4,4.5,11.86,27.0,,,60.0,,controlled_tattoo_stress,,digital_tattoo_message,tattoo_bit1,tattoo_bit1,1.0,6.0,,,0.19509289109845515,,False,,1,
p7_multichip_5_7,p7_multichip_5,mc_phase7_multichip.py,phase7_multichip,2026-07-27,1.0,real_bsim_ptm,simulated,False,3.2,0.045,4,4.5,11.86,27.0,,,60.0,,controlled_tattoo_stress,,digital_tattoo_message,tattoo_bit1,tattoo_bit1,1.0,7.0,,,0.14284578663011552,,False,,1,
p7_multichip_5_8,p7_multichip_5,mc_phase7_multichip.py,phase7_multichip,2026-07-27,1.0,real_bsim_ptm,simulated,False,3.2,0.045,4,4.5,11.86,27.0,,,60.0,,controlled_tattoo_stress,,digital_tattoo_message,tattoo_bit1,tattoo_bit1,1.0,8.0,,,0.1387234335614092,,False,,1,
p7_multichip_5_9,p7_multichip_5,mc_phase7_multichip.py,phase7_multichip,2026-07-27,1.0,real_bsim_ptm,simulated,False,3.2,0.045,4,4.5,11.86,27.0,,,0.0,,controlled_tattoo_stress,,digital_tattoo_message,tattoo_bit0,tattoo_bit0,0.0,9.0,,,1.1284972063088046,,False,,1,
p7_multichip_5_10,p7_multichip_5,mc_phase7_multichip.py,phase7_multichip,2026-07-27,1.0,real_bsim_ptm,simulated,False,3.2,0.045,4,4.5,11.86,27.0,,,0.0,,controlled_tattoo_stress,,digital_tattoo_message,tattoo_bit0,tattoo_bit0,0.0,10.0,,,1.1633652513856472,,False,,1,
p7_multichip_5_11,p7_multichip_5,mc_phase7_multichip.py,phase7_multichip,2026-07-27,1.0,real_bsim_ptm,simulated,False,3.2,0.045,4,4.5,11.86,27.0,,,60.0,,controlled_tattoo_stress,,digital_tattoo_message,tattoo_bit1,tattoo_bit1,1.0,11.0,,,0.20528939955430422,,False,,1,
p7_multichip_5_12,p7_multichip_5,mc_phase7_multichip.py,phase7_multichip,2026-07-27,1.0,real_bsim_ptm,simulated,False,3.2,0.045,4,4.5,11.86,27.0,,,60.0,,controlled_tattoo_stress,,digital_tattoo_message,tattoo_bit1,tattoo_bit1,1.0,12.0,,,0.2768311761471289,,False,,1,
p7_multichip_5_13,p7_multichip_5,mc_phase7_multichip.py,phase7_multichip,2026-07-27,1.0,real_bsim_ptm,simulated,False,3.2,0.045,4,4.5,11.86,27.0,,,0.0,,controlled_tattoo_stress,,digital_tattoo_message,tattoo_bit0,tattoo_bit0,0.0,13.0,,,0.784862915220504,,False,,1,
p7_multichip_5_14,p7_multichip_5,mc_phase7_multichip.py,phase7_multichip,2026-07-27,1.0,real_bsim_ptm,simulated,False,3.2,0.045,4,4.5,11.86,27.0,,,0.0,,controlled_tattoo_stress,,digital_tattoo_message,tattoo_bit0,tattoo_bit0,0.0,14.0,,,1.4323045130510905,,False,,1,
p7_multichip_5_15,p7_multichip_5,mc_phase7_multichip.py,phase7_multichip,2026-07-27,1.0,real_bsim_ptm,simulated,False,3.2,0.045,4,4.5,11.86,27.0,,,60.0,,controlled_tattoo_stress,,digital_tattoo_message,tattoo_bit1,tattoo_bit1,1.0,15.0,,,0.21297561880924928,,False,,1,
p7_multichip_5_16,p7_multichip_5,mc_phase7_multichip.py,phase7_multichip,2026-07-27,1.0,real_bsim_ptm,simulated,False,3.2,0.045,4,4.5,11.86,27.0,,,0.0,,controlled_tattoo_stress,,digital_tattoo_message,tattoo_bit0,tattoo_bit0,0.0,16.0,,,0.8470866920306747,,False,,1,
p7_multichip_5_17,p7_multichip_5,mc_phase7_multichip.py,phase7_multichip,2026-07-27,1.0,real_bsim_ptm,simulated,False,3.2,0.045,4,4.5,11.86,27.0,,,0.0,,controlled_tattoo_stress,,digital_tattoo_message,tattoo_bit0,tattoo_bit0,0.0,17.0,,,0.8673687099547802,,False,,1,
p7_multichip_5_18,p7_multichip_5,mc_phase7_multichip.py,phase7_multichip,2026-07-27,1.0,real_bsim_ptm,simulated,False,3.2,0.045,4,4.5,11.86,27.0,,,0.0,,controlled_tattoo_stress,,digital_tattoo_message,tattoo_bit0,tattoo_bit0,0.0,18.0,,,1.067131923511115,,False,,1,
p7_multichip_5_19,p7_multichip_5,mc_phase7_multichip.py,phase7_multichip,2026-07-27,1.0,real_bsim_ptm,simulated,False,3.2,0.045,4,4.5,11.86,27.0,,,0.0,,controlled_tattoo_stress,,digital_tattoo_message,tattoo_bit0,tattoo_bit0,0.0,19.0,,,1.043749306008552,,False,,1,
p7_multichip_5_20,p7_multichip_5,mc_phase7_multichip.py,phase7_multichip,2026-07-27,1.0,real_bsim_ptm,simulated,False,3.2,0.045,4,4.5,11.86,27.0,,,60.0,,controlled_tattoo_stress,,digital_tattoo_message,tattoo_bit1,tattoo_bit1,1.0,20.0,,,0.20482160935231208,,False,,1,
p7_multichip_5_21,p7_multichip_5,mc_phase7_multichip.py,phase7_multichip,2026-07-27,1.0,real_bsim_ptm,simulated,False,3.2,0.045,4,4.5,11.86,27.0,,,0.0,,controlled_tattoo_stress,,digital_tattoo_message,tattoo_bit0,tattoo_bit0,0.0,21.0,,,1.0662499808326475,,False,,1,
p7_multichip_5_22,p7_multichip_5,mc_phase7_multichip.py,phase7_multichip,2026-07-27,1.0,real_bsim_ptm,simulated,False,3.2,0.045,4,4.5,11.86,27.0,,,60.0,,controlled_tattoo_stress,,digital_tattoo_message,tattoo_bit1,tattoo_bit1,1.0,22.0,,,0.2375741961957435,,False,,1,
p7_multichip_5_23,p7_multichip_5,mc_phase7_multichip.py,phase7_multichip,2026-07-27,1.0,real_bsim_ptm,simulated,False,3.2,0.045,4,4.5,11.86,27.0,,,60.0,,controlled_tattoo_stress,,digital_tattoo_message,tattoo_bit1,tattoo_bit1,1.0,23.0,,,0.21502235794707636,,False,,1,
p7_multichip_5_24,p7_multichip_5,mc_phase7_multichip.py,phase7_multichip,2026-07-27,1.0,real_bsim_ptm,simulated,False,3.2,0.045,4,4.5,11.86,27.0,,,0.0,,controlled_tattoo_stress,,digital_tattoo_message,tattoo_bit0,tattoo_bit0,0.0,24.0,,,0.8878648343149234,,False,,1,
p7_multichip_5_25,p7_multichip_5,mc_phase7_multichip.py,phase7_multichip,2026-07-27,1.0,real_bsim_ptm,simulated,False,3.2,0.045,4,4.5,11.86,27.0,,,0.0,,controlled_tattoo_stress,,digital_tattoo_message,tattoo_bit0,tattoo_bit0,0.0,25.0,,,0.9801729991127407,,False,,1,
p7_multichip_5_26,p7_multichip_5,mc_phase7_multichip.py,phase7_multichip,2026-07-27,1.0,real_bsim_ptm,simulated,False,3.2,0.045,4,4.5,11.86,27.0,,,60.0,,controlled_tattoo_stress,,digital_tattoo_message,tattoo_bit1,tattoo_bit1,1.0,26.0,,,0.17035265164381672,,False,,1,
p7_multichip_5_27,p7_multichip_5,mc_phase7_multichip.py,phase7_multichip,2026-07-27,1.0,real_bsim_ptm,simulated,False,3.2,0.045,4,4.5,11.86,27.0,,,60.0,,controlled_tattoo_stress,,digital_tattoo_message,tattoo_bit1,tattoo_bit1,1.0,27.0,,,0.19809464422801007,,False,,1,
p7_multichip_5_28,p7_multichip_5,mc_phase7_multichip.py,phase7_multichip,2026-07-27,1.0,real_bsim_ptm,simulated,False,3.2,0.045,4,4.5,11.86,27.0,,,0.0,,controlled_tattoo_stress,,digital_tattoo_message,tattoo_bit0,tattoo_bit0,0.0,28.0,,,0.9054770003610226,,False,,1,
p7_multichip_5_29,p7_multichip_5,mc_phase7_multichip.py,phase7_multichip,2026-07-27,1.0,real_bsim_ptm,simulated,False,3.2,0.045,4,4.5,11.86,27.0,,,0.0,,controlled_tattoo_stress,,digital_tattoo_message,tattoo_bit0,tattoo_bit0,0.0,29.0,,,0.8470071350148665,,False,,1,
p7_multichip_5_30,p7_multichip_5,mc_phase7_multichip.py,phase7_multichip,2026-07-27,1.0,real_bsim_ptm,simulated,False,3.2,0.045,4,4.5,11.86,27.0,,,60.0,,controlled_tattoo_stress,,digital_tattoo_message,tattoo_bit1,tattoo_bit1,1.0,30.0,,,0.15029539096592853,,False,,1,
p7_multichip_5_31,p7_multichip_5,mc_phase7_multichip.py,phase7_multichip,2026-07-27,1.0,real_bsim_ptm,simulated,False,3.2,0.045,4,4.5,11.86,27.0,,,60.0,,controlled_tattoo_stress,,digital_tattoo_message,tattoo_bit1,tattoo_bit1,1.0,31.0,,,0.19324678786398714,,False,,1,
p7_multichip_5_32,p7_multichip_5,mc_phase7_multichip.py,phase7_multichip,2026-07-27,1.0,real_bsim_ptm,simulated,False,3.2,0.045,4,4.5,11.86,27.0,,,0.0,,controlled_tattoo_stress,,digital_tattoo_message,tattoo_bit0,tattoo_bit0,0.0,32.0,,,0.8059164437101864,,False,,1,
p7_multichip_5_33,p7_multichip_5,mc_phase7_multichip.py,phase7_multichip,2026-07-27,1.0,real_bsim_ptm,simulated,False,3.2,0.045,4,4.5,11.86,27.0,,,0.0,,controlled_tattoo_stress,,digital_tattoo_message,tattoo_bit0,tattoo_bit0,0.0,33.0,,,1.171880818592669,,False,,1,
p7_multichip_5_34,p7_multichip_5,mc_phase7_multichip.py,phase7_multichip,2026-07-27,1.0,real_bsim_ptm,simulated,False,3.2,0.045,4,4.5,11.86,27.0,,,60.0,,controlled_tattoo_stress,,digital_tattoo_message,tattoo_bit1,tattoo_bit1,1.0,34.0,,,0.23907638112163332,,False,,1,
p7_multichip_5_35,p7_multichip_5,mc_phase7_multichip.py,phase7_multichip,2026-07-27,1.0,real_bsim_ptm,simulated,False,3.2,0.045,4,4.5,11.86,27.0,,,0.0,,controlled_tattoo_stress,,digital_tattoo_message,tattoo_bit0,tattoo_bit0,0.0,35.0,,,0.797886719254173,,False,,1,
p7_multichip_5_36,p7_multichip_5,mc_phase7_multichip.py,phase7_multichip,2026-07-27,1.0,real_bsim_ptm,simulated,False,3.2,0.045,4,4.5,11.86,27.0,,,0.0,,controlled_tattoo_stress,,digital_tattoo_message,tattoo_bit0,tattoo_bit0,0.0,36.0,,,0.842613891069125,,False,,1,
p7_multichip_5_37,p7_multichip_5,mc_phase7_multichip.py,phase7_multichip,2026-07-27,1.0,real_bsim_ptm,simulated,False,3.2,0.045,4,4.5,11.86,27.0,,,60.0,,controlled_tattoo_stress,,digital_tattoo_message,tattoo_bit1,tattoo_bit1,1.0,37.0,,,0.2703845242050751,,False,,1,
p7_multichip_5_38,p7_multichip_5,mc_phase7_multichip.py,phase7_multichip,2026-07-27,1.0,real_bsim_ptm,simulated,False,3.2,0.045,4,4.5,11.86,27.0,,,60.0,,controlled_tattoo_stress,,digital_tattoo_message,tattoo_bit1,tattoo_bit1,1.0,38.0,,,0.18000119220556748,,False,,1,
p7_multichip_5_39,p7_multichip_5,mc_phase7_multichip.py,phase7_multichip,2026-07-27,1.0,real_bsim_ptm,simulated,False,3.2,0.045,4,4.5,11.86,27.0,,,0.0,,controlled_tattoo_stress,,digital_tattoo_message,tattoo_bit0,tattoo_bit0,0.0,39.0,,,1.0599659993439556,,False,,1,
p7_multichip_5_40,p7_multichip_5,mc_phase7_multichip.py,phase7_multichip,2026-07-27,1.0,real_bsim_ptm,simulated,False,3.2,0.045,4,4.5,11.86,27.0,,,60.0,,controlled_tattoo_stress,,digital_tattoo_message,tattoo_bit1,tattoo_bit1,1.0,40.0,,,0.2627224577614793,,False,,1,
p7_multichip_5_41,p7_multichip_5,mc_phase7_multichip.py,phase7_multichip,2026-07-27,1.0,real_bsim_ptm,simulated,False,3.2,0.045,4,4.5,11.86,27.0,,,0.0,,controlled_tattoo_stress,,digital_tattoo_message,tattoo_bit0,tattoo_bit0,0.0,41.0,,,0.8516093942166397,,False,,1,
p7_multichip_5_42,p7_multichip_5,mc_phase7_multichip.py,phase7_multichip,2026-07-27,1.0,real_bsim_ptm,simulated,False,3.2,0.045,4,4.5,11.86,27.0,,,0.0,,controlled_tattoo_stress,,digital_tattoo_message,tattoo_bit0,tattoo_bit0,0.0,42.0,,,0.7832310920781397,,False,,1,
p7_multichip_5_43,p7_multichip_5,mc_phase7_multichip.py,phase7_multichip,2026-07-27,1.0,real_bsim_ptm,simulated,False,3.2,0.045,4,4.5,11.86,27.0,,,0.0,,controlled_tattoo_stress,,digital_tattoo_message,tattoo_bit0,tattoo_bit0,0.0,43.0,,,1.1839465270398164,,False,,1,
p7_multichip_5_44,p7_multichip_5,mc_phase7_multichip.py,phase7_multichip,2026-07-27,1.0,real_bsim_ptm,simulated,False,3.2,0.045,4,4.5,11.86,27.0,,,60.0,,controlled_tattoo_stress,,digital_tattoo_message,tattoo_bit1,tattoo_bit1,1.0,44.0,,,0.18480770706169852,,False,,1,
p7_multichip_5_45,p7_multichip_5,mc_phase7_multichip.py,phase7_multichip,2026-07-27,1.0,real_bsim_ptm,simulated,False,3.2,0.045,4,4.5,11.86,27.0,,,0.0,,controlled_tattoo_stress,,digital_tattoo_message,tattoo_bit0,tattoo_bit0,0.0,45.0,,,0.7776916107811496,,False,,1,
p7_multichip_5_46,p7_multichip_5,mc_phase7_multichip.py,phase7_multichip,2026-07-27,1.0,real_bsim_ptm,simulated,False,3.2,0.045,4,4.5,11.86,27.0,,,0.0,,controlled_tattoo_stress,,digital_tattoo_message,tattoo_bit0,tattoo_bit0,0.0,46.0,,,1.5370047216767806,,False,,1,
p7_multichip_5_47,p7_multichip_5,mc_phase7_multichip.py,phase7_multichip,2026-07-27,1.0,real_bsim_ptm,simulated,False,3.2,0.045,4,4.5,11.86,27.0,,,0.0,,controlled_tattoo_stress,,digital_tattoo_message,tattoo_bit0,tattoo_bit0,0.0,47.0,,,0.8468795366600259,,False,,1,
p7_multichip_5_48,p7_multichip_5,mc_phase7_multichip.py,phase7_multichip,2026-07-27,1.0,real_bsim_ptm,simulated,False,3.2,0.045,4,4.5,11.86,27.0,,,0.0,,controlled_tattoo_stress,,digital_tattoo_message,tattoo_bit0,tattoo_bit0,0.0,48.0,,,0.8649193441173659,,False,,1,
p7_multichip_5_49,p7_multichip_5,mc_phase7_multichip.py,phase7_multichip,2026-07-27,1.0,real_bsim_ptm,simulated,False,3.2,0.045,4,4.5,11.86,27.0,,,60.0,,controlled_tattoo_stress,,digital_tattoo_message,tattoo_bit1,tattoo_bit1,1.0,49.0,,,0.2010353375299783,,False,,1,
p7_multichip_5_50,p7_multichip_5,mc_phase7_multichip.py,phase7_multichip,2026-07-27,1.0,real_bsim_ptm,simulated,False,3.2,0.045,4,4.5,11.86,27.0,,,0.0,,controlled_tattoo_stress,,digital_tattoo_message,tattoo_bit0,tattoo_bit0,0.0,50.0,,,0.7233425975959753,,False,,1,
p7_multichip_5_51,p7_multichip_5,mc_phase7_multichip.py,phase7_multichip,2026-07-27,1.0,real_bsim_ptm,simulated,False,3.2,0.045,4,4.5,11.86,27.0,,,60.0,,controlled_tattoo_stress,,digital_tattoo_message,tattoo_bit1,tattoo_bit1,1.0,51.0,,,0.20275841208356515,,False,,1,
p7_multichip_5_52,p7_multichip_5,mc_phase7_multichip.py,phase7_multichip,2026-07-27,1.0,real_bsim_ptm,simulated,False,3.2,0.045,4,4.5,11.86,27.0,,,60.0,,controlled_tattoo_stress,,digital_tattoo_message,tattoo_bit1,tattoo_bit1,1.0,52.0,,,0.19782071113408084,,False,,1,
p7_multichip_5_53,p7_multichip_5,mc_phase7_multichip.py,phase7_multichip,2026-07-27,1.0,real_bsim_ptm,simulated,False,3.2,0.045,4,4.5,11.86,27.0,,,60.0,,controlled_tattoo_stress,,digital_tattoo_message,tattoo_bit1,tattoo_bit1,1.0,53.0,,,0.2491857767367687,,False,,1,
p7_multichip_5_54,p7_multichip_5,mc_phase7_multichip.py,phase7_multichip,2026-07-27,1.0,real_bsim_ptm,simulated,False,3.2,0.045,4,4.5,11.86,27.0,,,0.0,,controlled_tattoo_stress,,digital_tattoo_message,tattoo_bit0,tattoo_bit0,0.0,54.0,,,1.3745481301130724,,False,,1,
p7_multichip_5_55,p7_multichip_5,mc_phase7_multichip.py,phase7_multichip,2026-07-27,1.0,real_bsim_ptm,simulated,False,3.2,0.045,4,4.5,11.86,27.0,,,0.0,,controlled_tattoo_stress,,digital_tattoo_message,tattoo_bit0,tattoo_bit0,0.0,55.0,,,0.7968100231799979,,False,,1,
p7_multichip_5_56,p7_multichip_5,mc_phase7_multichip.py,phase7_multichip,2026-07-27,1.0,real_bsim_ptm,simulated,False,3.2,0.045,4,4.5,11.86,27.0,,,60.0,,controlled_tattoo_stress,,digital_tattoo_message,tattoo_bit1,tattoo_bit1,1.0,56.0,,,0.21326019409005184,,False,,1,
p7_multichip_5_57,p7_multichip_5,mc_phase7_multichip.py,phase7_multichip,2026-07-27,1.0,real_bsim_ptm,simulated,False,3.2,0.045,4,4.5,11.86,27.0,,,60.0,,controlled_tattoo_stress,,digital_tattoo_message,tattoo_bit1,tattoo_bit1,1.0,57.0,,,0.18666920786309035,,False,,1,
p7_multichip_5_58,p7_multichip_5,mc_phase7_multichip.py,phase7_multichip,2026-07-27,1.0,real_bsim_ptm,simulated,False,3.2,0.045,4,4.5,11.86,27.0,,,60.0,,controlled_tattoo_stress,,digital_tattoo_message,tattoo_bit1,tattoo_bit1,1.0,58.0,,,0.20382201444393733,,False,,1,
p7_multichip_5_59,p7_multichip_5,mc_phase7_multichip.py,phase7_multichip,2026-07-27,1.0,real_bsim_ptm,simulated,False,3.2,0.045,4,4.5,11.86,27.0,,,0.0,,controlled_tattoo_stress,,digital_tattoo_message,tattoo_bit0,tattoo_bit0,0.0,59.0,,,1.813927352792527,,False,,1,
p7_multichip_5_60,p7_multichip_5,mc_phase7_multichip.py,phase7_multichip,2026-07-27,1.0,real_bsim_ptm,simulated,False,3.2,0.045,4,4.5,11.86,27.0,,,0.0,,controlled_tattoo_stress,,digital_tattoo_message,tattoo_bit0,tattoo_bit0,0.0,60.0,,,0.7483060738566479,,False,,1,
p7_multichip_5_61,p7_multichip_5,mc_phase7_multichip.py,phase7_multichip,2026-07-27,1.0,real_bsim_ptm,simulated,False,3.2,0.045,4,4.5,11.86,27.0,,,0.0,,controlled_tattoo_stress,,digital_tattoo_message,tattoo_bit0,tattoo_bit0,0.0,61.0,,,1.2236633145473659,,False,,1,
p7_multichip_5_62,p7_multichip_5,mc_phase7_multichip.py,phase7_multichip,2026-07-27,1.0,real_bsim_ptm,simulated,False,3.2,0.045,4,4.5,11.86,27.0,,,0.0,,controlled_tattoo_stress,,digital_tattoo_message,tattoo_bit0,tattoo_bit0,0.0,62.0,,,1.121036739974524,,False,,1,
p7_multichip_5_63,p7_multichip_5,mc_phase7_multichip.py,phase7_multichip,2026-07-27,1.0,real_bsim_ptm,simulated,False,3.2,0.045,4,4.5,11.86,27.0,,,60.0,,controlled_tattoo_stress,,digital_tattoo_message,tattoo_bit1,tattoo_bit1,1.0,63.0,,,0.22559697353467256,,False,,1,
p7_multichip_6_0,p7_multichip_6,mc_phase7_multichip.py,phase7_multichip,2026-07-27,1.0,real_bsim_ptm,simulated,False,3.2,0.045,4,4.5,11.86,27.0,,,0.0,,controlled_tattoo_stress,,digital_tattoo_message,tattoo_bit0,tattoo_bit0,0.0,0.0,,,1.493000550548747,,False,,1,
p7_multichip_6_1,p7_multichip_6,mc_phase7_multichip.py,phase7_multichip,2026-07-27,1.0,real_bsim_ptm,simulated,False,3.2,0.045,4,4.5,11.86,27.0,,,60.0,,controlled_tattoo_stress,,digital_tattoo_message,tattoo_bit1,tattoo_bit1,1.0,1.0,,,0.31967585265648757,,False,,1,
p7_multichip_6_2,p7_multichip_6,mc_phase7_multichip.py,phase7_multichip,2026-07-27,1.0,real_bsim_ptm,simulated,False,3.2,0.045,4,4.5,11.86,27.0,,,0.0,,controlled_tattoo_stress,,digital_tattoo_message,tattoo_bit0,tattoo_bit0,0.0,2.0,,,0.8725310692326543,,False,,1,
p7_multichip_6_3,p7_multichip_6,mc_phase7_multichip.py,phase7_multichip,2026-07-27,1.0,real_bsim_ptm,simulated,False,3.2,0.045,4,4.5,11.86,27.0,,,60.0,,controlled_tattoo_stress,,digital_tattoo_message,tattoo_bit1,tattoo_bit1,1.0,3.0,,,0.20860577231773228,,False,,1,
p7_multichip_6_4,p7_multichip_6,mc_phase7_multichip.py,phase7_multichip,2026-07-27,1.0,real_bsim_ptm,simulated,False,3.2,0.045,4,4.5,11.86,27.0,,,0.0,,controlled_tattoo_stress,,digital_tattoo_message,tattoo_bit0,tattoo_bit0,0.0,4.0,,,0.9003804353161767,,False,,1,
p7_multichip_6_5,p7_multichip_6,mc_phase7_multichip.py,phase7_multichip,2026-07-27,1.0,real_bsim_ptm,simulated,False,3.2,0.045,4,4.5,11.86,27.0,,,0.0,,controlled_tattoo_stress,,digital_tattoo_message,tattoo_bit0,tattoo_bit0,0.0,5.0,,,1.542966323977605,,False,,1,
p7_multichip_6_6,p7_multichip_6,mc_phase7_multichip.py,phase7_multichip,2026-07-27,1.0,real_bsim_ptm,simulated,False,3.2,0.045,4,4.5,11.86,27.0,,,0.0,,controlled_tattoo_stress,,digital_tattoo_message,tattoo_bit0,tattoo_bit0,0.0,6.0,,,1.2505502313451355,,False,,1,
p7_multichip_6_7,p7_multichip_6,mc_phase7_multichip.py,phase7_multichip,2026-07-27,1.0,real_bsim_ptm,simulated,False,3.2,0.045,4,4.5,11.86,27.0,,,60.0,,controlled_tattoo_stress,,digital_tattoo_message,tattoo_bit1,tattoo_bit1,1.0,7.0,,,0.24800043123601662,,False,,1,
p7_multichip_6_8,p7_multichip_6,mc_phase7_multichip.py,phase7_multichip,2026-07-27,1.0,real_bsim_ptm,simulated,False,3.2,0.045,4,4.5,11.86,27.0,,,60.0,,controlled_tattoo_stress,,digital_tattoo_message,tattoo_bit1,tattoo_bit1,1.0,8.0,,,0.26598602320585807,,False,,1,
p7_multichip_6_9,p7_multichip_6,mc_phase7_multichip.py,phase7_multichip,2026-07-27,1.0,real_bsim_ptm,simulated,False,3.2,0.045,4,4.5,11.86,27.0,,,0.0,,controlled_tattoo_stress,,digital_tattoo_message,tattoo_bit0,tattoo_bit0,0.0,9.0,,,1.140056598227939,,False,,1,
p7_multichip_6_10,p7_multichip_6,mc_phase7_multichip.py,phase7_multichip,2026-07-27,1.0,real_bsim_ptm,simulated,False,3.2,0.045,4,4.5,11.86,27.0,,,60.0,,controlled_tattoo_stress,,digital_tattoo_message,tattoo_bit1,tattoo_bit1,1.0,10.0,,,0.1945122948339396,,False,,1,
p7_multichip_6_11,p7_multichip_6,mc_phase7_multichip.py,phase7_multichip,2026-07-27,1.0,real_bsim_ptm,simulated,False,3.2,0.045,4,4.5,11.86,27.0,,,60.0,,controlled_tattoo_stress,,digital_tattoo_message,tattoo_bit1,tattoo_bit1,1.0,11.0,,,0.2815801440839551,,False,,1,
p7_multichip_6_12,p7_multichip_6,mc_phase7_multichip.py,phase7_multichip,2026-07-27,1.0,real_bsim_ptm,simulated,False,3.2,0.045,4,4.5,11.86,27.0,,,60.0,,controlled_tattoo_stress,,digital_tattoo_message,tattoo_bit1,tattoo_bit1,1.0,12.0,,,0.26164987602206746,,False,,1,
p7_multichip_6_13,p7_multichip_6,mc_phase7_multichip.py,phase7_multichip,2026-07-27,1.0,real_bsim_ptm,simulated,False,3.2,0.045,4,4.5,11.86,27.0,,,60.0,,controlled_tattoo_stress,,digital_tattoo_message,tattoo_bit1,tattoo_bit1,1.0,13.0,,,0.1841019318081785,,False,,1,
p7_multichip_6_14,p7_multichip_6,mc_phase7_multichip.py,phase7_multichip,2026-07-27,1.0,real_bsim_ptm,simulated,False,3.2,0.045,4,4.5,11.86,27.0,,,0.0,,controlled_tattoo_stress,,digital_tattoo_message,tattoo_bit0,tattoo_bit0,0.0,14.0,,,1.3585336795509724,,False,,1,
p7_multichip_6_15,p7_multichip_6,mc_phase7_multichip.py,phase7_multichip,2026-07-27,1.0,real_bsim_ptm,simulated,False,3.2,0.045,4,4.5,11.86,27.0,,,0.0,,controlled_tattoo_stress,,digital_tattoo_message,tattoo_bit0,tattoo_bit0,0.0,15.0,,,1.267895491869976,,False,,1,
p7_multichip_6_16,p7_multichip_6,mc_phase7_multichip.py,phase7_multichip,2026-07-27,1.0,real_bsim_ptm,simulated,False,3.2,0.045,4,4.5,11.86,27.0,,,60.0,,controlled_tattoo_stress,,digital_tattoo_message,tattoo_bit1,tattoo_bit1,1.0,16.0,,,0.22066915954939628,,False,,1,
p7_multichip_6_17,p7_multichip_6,mc_phase7_multichip.py,phase7_multichip,2026-07-27,1.0,real_bsim_ptm,simulated,False,3.2,0.045,4,4.5,11.86,27.0,,,60.0,,controlled_tattoo_stress,,digital_tattoo_message,tattoo_bit1,tattoo_bit1,1.0,17.0,,,0.31055420130665307,,False,,1,
p7_multichip_6_18,p7_multichip_6,mc_phase7_multichip.py,phase7_multichip,2026-07-27,1.0,real_bsim_ptm,simulated,False,3.2,0.045,4,4.5,11.86,27.0,,,0.0,,controlled_tattoo_stress,,digital_tattoo_message,tattoo_bit0,tattoo_bit0,0.0,18.0,,,0.9745696988628021,,False,,1,
p7_multichip_6_19,p7_multichip_6,mc_phase7_multichip.py,phase7_multichip,2026-07-27,1.0,real_bsim_ptm,simulated,False,3.2,0.045,4,4.5,11.86,27.0,,,60.0,,controlled_tattoo_stress,,digital_tattoo_message,tattoo_bit1,tattoo_bit1,1.0,19.0,,,0.21330249060388387,,False,,1,
p7_multichip_6_20,p7_multichip_6,mc_phase7_multichip.py,phase7_multichip,2026-07-27,1.0,real_bsim_ptm,simulated,False,3.2,0.045,4,4.5,11.86,27.0,,,0.0,,controlled_tattoo_stress,,digital_tattoo_message,tattoo_bit0,tattoo_bit0,0.0,20.0,,,1.2851339179346402,,False,,1,
p7_multichip_6_21,p7_multichip_6,mc_phase7_multichip.py,phase7_multichip,2026-07-27,1.0,real_bsim_ptm,simulated,False,3.2,0.045,4,4.5,11.86,27.0,,,0.0,,controlled_tattoo_stress,,digital_tattoo_message,tattoo_bit0,tattoo_bit0,0.0,21.0,,,0.976200282236392,,False,,1,
p7_multichip_6_22,p7_multichip_6,mc_phase7_multichip.py,phase7_multichip,2026-07-27,1.0,real_bsim_ptm,simulated,False,3.2,0.045,4,4.5,11.86,27.0,,,60.0,,controlled_tattoo_stress,,digital_tattoo_message,tattoo_bit1,tattoo_bit1,1.0,22.0,,,0.34534040948996414,,False,,1,
p7_multichip_6_23,p7_multichip_6,mc_phase7_multichip.py,phase7_multichip,2026-07-27,1.0,real_bsim_ptm,simulated,False,3.2,0.045,4,4.5,11.86,27.0,,,0.0,,controlled_tattoo_stress,,digital_tattoo_message,tattoo_bit0,tattoo_bit0,0.0,23.0,,,1.3241128605085815,,False,,1,
p7_multichip_6_24,p7_multichip_6,mc_phase7_multichip.py,phase7_multichip,2026-07-27,1.0,real_bsim_ptm,simulated,False,3.2,0.045,4,4.5,11.86,27.0,,,60.0,,controlled_tattoo_stress,,digital_tattoo_message,tattoo_bit1,tattoo_bit1,1.0,24.0,,,0.1843178073425681,,False,,1,
p7_multichip_6_25,p7_multichip_6,mc_phase7_multichip.py,phase7_multichip,2026-07-27,1.0,real_bsim_ptm,simulated,False,3.2,0.045,4,4.5,11.86,27.0,,,60.0,,controlled_tattoo_stress,,digital_tattoo_message,tattoo_bit1,tattoo_bit1,1.0,25.0,,,0.19919327011032756,,False,,1,
p7_multichip_6_26,p7_multichip_6,mc_phase7_multichip.py,phase7_multichip,2026-07-27,1.0,real_bsim_ptm,simulated,False,3.2,0.045,4,4.5,11.86,27.0,,,0.0,,controlled_tattoo_stress,,digital_tattoo_message,tattoo_bit0,tattoo_bit0,0.0,26.0,,,1.0101463589904935,,False,,1,
p7_multichip_6_27,p7_multichip_6,mc_phase7_multichip.py,phase7_multichip,2026-07-27,1.0,real_bsim_ptm,simulated,False,3.2,0.045,4,4.5,11.86,27.0,,,60.0,,controlled_tattoo_stress,,digital_tattoo_message,tattoo_bit1,tattoo_bit1,1.0,27.0,,,0.18733958582262222,,False,,1,
p7_multichip_6_28,p7_multichip_6,mc_phase7_multichip.py,phase7_multichip,2026-07-27,1.0,real_bsim_ptm,simulated,False,3.2,0.045,4,4.5,11.86,27.0,,,0.0,,controlled_tattoo_stress,,digital_tattoo_message,tattoo_bit0,tattoo_bit0,0.0,28.0,,,1.277150942377853,,False,,1,
p7_multichip_6_29,p7_multichip_6,mc_phase7_multichip.py,phase7_multichip,2026-07-27,1.0,real_bsim_ptm,simulated,False,3.2,0.045,4,4.5,11.86,27.0,,,0.0,,controlled_tattoo_stress,,digital_tattoo_message,tattoo_bit0,tattoo_bit0,0.0,29.0,,,1.0497812516912248,,False,,1,
p7_multichip_6_30,p7_multichip_6,mc_phase7_multichip.py,phase7_multichip,2026-07-27,1.0,real_bsim_ptm,simulated,False,3.2,0.045,4,4.5,11.86,27.0,,,0.0,,controlled_tattoo_stress,,digital_tattoo_message,tattoo_bit0,tattoo_bit0,0.0,30.0,,,1.2654139487858738,,False,,1,
p7_multichip_6_31,p7_multichip_6,mc_phase7_multichip.py,phase7_multichip,2026-07-27,1.0,real_bsim_ptm,simulated,False,3.2,0.045,4,4.5,11.86,27.0,,,0.0,,controlled_tattoo_stress,,digital_tattoo_message,tattoo_bit0,tattoo_bit0,0.0,31.0,,,0.9307536506758156,,False,,1,
p7_multichip_6_32,p7_multichip_6,mc_phase7_multichip.py,phase7_multichip,2026-07-27,1.0,real_bsim_ptm,simulated,False,3.2,0.045,4,4.5,11.86,27.0,,,0.0,,controlled_tattoo_stress,,digital_tattoo_message,tattoo_bit0,tattoo_bit0,0.0,32.0,,,1.3447354059557397,,False,,1,
p7_multichip_6_33,p7_multichip_6,mc_phase7_multichip.py,phase7_multichip,2026-07-27,1.0,real_bsim_ptm,simulated,False,3.2,0.045,4,4.5,11.86,27.0,,,0.0,,controlled_tattoo_stress,,digital_tattoo_message,tattoo_bit0,tattoo_bit0,0.0,33.0,,,1.2863473660022047,,False,,1,
p7_multichip_6_34,p7_multichip_6,mc_phase7_multichip.py,phase7_multichip,2026-07-27,1.0,real_bsim_ptm,simulated,False,3.2,0.045,4,4.5,11.86,27.0,,,60.0,,controlled_tattoo_stress,,digital_tattoo_message,tattoo_bit1,tattoo_bit1,1.0,34.0,,,0.24262837333222348,,False,,1,
p7_multichip_6_35,p7_multichip_6,mc_phase7_multichip.py,phase7_multichip,2026-07-27,1.0,real_bsim_ptm,simulated,False,3.2,0.045,4,4.5,11.86,27.0,,,0.0,,controlled_tattoo_stress,,digital_tattoo_message,tattoo_bit0,tattoo_bit0,0.0,35.0,,,1.3800862569069103,,False,,1,
p7_multichip_6_36,p7_multichip_6,mc_phase7_multichip.py,phase7_multichip,2026-07-27,1.0,real_bsim_ptm,simulated,False,3.2,0.045,4,4.5,11.86,27.0,,,0.0,,controlled_tattoo_stress,,digital_tattoo_message,tattoo_bit0,tattoo_bit0,0.0,36.0,,,1.2106897431586017,,False,,1,
p7_multichip_6_37,p7_multichip_6,mc_phase7_multichip.py,phase7_multichip,2026-07-27,1.0,real_bsim_ptm,simulated,False,3.2,0.045,4,4.5,11.86,27.0,,,0.0,,controlled_tattoo_stress,,digital_tattoo_message,tattoo_bit0,tattoo_bit0,0.0,37.0,,,1.1243034682604511,,False,,1,
p7_multichip_6_38,p7_multichip_6,mc_phase7_multichip.py,phase7_multichip,2026-07-27,1.0,real_bsim_ptm,simulated,False,3.2,0.045,4,4.5,11.86,27.0,,,0.0,,controlled_tattoo_stress,,digital_tattoo_message,tattoo_bit0,tattoo_bit0,0.0,38.0,,,0.8542193806635239,,False,,1,
p7_multichip_6_39,p7_multichip_6,mc_phase7_multichip.py,phase7_multichip,2026-07-27,1.0,real_bsim_ptm,simulated,False,3.2,0.045,4,4.5,11.86,27.0,,,60.0,,controlled_tattoo_stress,,digital_tattoo_message,tattoo_bit1,tattoo_bit1,1.0,39.0,,,0.20642922927648166,,False,,1,
p7_multichip_6_40,p7_multichip_6,mc_phase7_multichip.py,phase7_multichip,2026-07-27,1.0,real_bsim_ptm,simulated,False,3.2,0.045,4,4.5,11.86,27.0,,,0.0,,controlled_tattoo_stress,,digital_tattoo_message,tattoo_bit0,tattoo_bit0,0.0,40.0,,,1.1525021198995722,,False,,1,
p7_multichip_6_41,p7_multichip_6,mc_phase7_multichip.py,phase7_multichip,2026-07-27,1.0,real_bsim_ptm,simulated,False,3.2,0.045,4,4.5,11.86,27.0,,,60.0,,controlled_tattoo_stress,,digital_tattoo_message,tattoo_bit1,tattoo_bit1,1.0,41.0,,,0.18954589833701616,,False,,1,
p7_multichip_6_42,p7_multichip_6,mc_phase7_multichip.py,phase7_multichip,2026-07-27,1.0,real_bsim_ptm,simulated,False,3.2,0.045,4,4.5,11.86,27.0,,,0.0,,controlled_tattoo_stress,,digital_tattoo_message,tattoo_bit0,tattoo_bit0,0.0,42.0,,,0.9063945787528941,,False,,1,
p7_multichip_6_43,p7_multichip_6,mc_phase7_multichip.py,phase7_multichip,2026-07-27,1.0,real_bsim_ptm,simulated,False,3.2,0.045,4,4.5,11.86,27.0,,,60.0,,controlled_tattoo_stress,,digital_tattoo_message,tattoo_bit1,tattoo_bit1,1.0,43.0,,,0.15480117757813705,,False,,1,
p7_multichip_6_44,p7_multichip_6,mc_phase7_multichip.py,phase7_multichip,2026-07-27,1.0,real_bsim_ptm,simulated,False,3.2,0.045,4,4.5,11.86,27.0,,,0.0,,controlled_tattoo_stress,,digital_tattoo_message,tattoo_bit0,tattoo_bit0,0.0,44.0,,,0.6054362588165838,,False,,1,
p7_multichip_6_45,p7_multichip_6,mc_phase7_multichip.py,phase7_multichip,2026-07-27,1.0,real_bsim_ptm,simulated,False,3.2,0.045,4,4.5,11.86,27.0,,,60.0,,controlled_tattoo_stress,,digital_tattoo_message,tattoo_bit1,tattoo_bit1,1.0,45.0,,,0.2497247168390799,,False,,1,
p7_multichip_6_46,p7_multichip_6,mc_phase7_multichip.py,phase7_multichip,2026-07-27,1.0,real_bsim_ptm,simulated,False,3.2,0.045,4,4.5,11.86,27.0,,,60.0,,controlled_tattoo_stress,,digital_tattoo_message,tattoo_bit1,tattoo_bit1,1.0,46.0,,,0.1843812332244647,,False,,1,
p7_multichip_6_47,p7_multichip_6,mc_phase7_multichip.py,phase7_multichip,2026-07-27,1.0,real_bsim_ptm,simulated,False,3.2,0.045,4,4.5,11.86,27.0,,,0.0,,controlled_tattoo_stress,,digital_tattoo_message,tattoo_bit0,tattoo_bit0,0.0,47.0,,,0.8254570763191764,,False,,1,
p7_multichip_6_48,p7_multichip_6,mc_phase7_multichip.py,phase7_multichip,2026-07-27,1.0,real_bsim_ptm,simulated,False,3.2,0.045,4,4.5,11.86,27.0,,,60.0,,controlled_tattoo_stress,,digital_tattoo_message,tattoo_bit1,tattoo_bit1,1.0,48.0,,,0.16975307335676745,,False,,1,
p7_multichip_6_49,p7_multichip_6,mc_phase7_multichip.py,phase7_multichip,2026-07-27,1.0,real_bsim_ptm,simulated,False,3.2,0.045,4,4.5,11.86,27.0,,,60.0,,controlled_tattoo_stress,,digital_tattoo_message,tattoo_bit1,tattoo_bit1,1.0,49.0,,,0.16994513065074857,,False,,1,
p7_multichip_6_50,p7_multichip_6,mc_phase7_multichip.py,phase7_multichip,2026-07-27,1.0,real_bsim_ptm,simulated,False,3.2,0.045,4,4.5,11.86,27.0,,,60.0,,controlled_tattoo_stress,,digital_tattoo_message,tattoo_bit1,tattoo_bit1,1.0,50.0,,,0.2435018119910897,,False,,1,
p7_multichip_6_51,p7_multichip_6,mc_phase7_multichip.py,phase7_multichip,2026-07-27,1.0,real_bsim_ptm,simulated,False,3.2,0.045,4,4.5,11.86,27.0,,,0.0,,controlled_tattoo_stress,,digital_tattoo_message,tattoo_bit0,tattoo_bit0,0.0,51.0,,,0.9184449664201999,,False,,1,
p7_multichip_6_52,p7_multichip_6,mc_phase7_multichip.py,phase7_multichip,2026-07-27,1.0,real_bsim_ptm,simulated,False,3.2,0.045,4,4.5,11.86,27.0,,,60.0,,controlled_tattoo_stress,,digital_tattoo_message,tattoo_bit1,tattoo_bit1,1.0,52.0,,,0.1824010425158125,,False,,1,
p7_multichip_6_53,p7_multichip_6,mc_phase7_multichip.py,phase7_multichip,2026-07-27,1.0,real_bsim_ptm,simulated,False,3.2,0.045,4,4.5,11.86,27.0,,,0.0,,controlled_tattoo_stress,,digital_tattoo_message,tattoo_bit0,tattoo_bit0,0.0,53.0,,,1.1983384280910176,,False,,1,
p7_multichip_6_54,p7_multichip_6,mc_phase7_multichip.py,phase7_multichip,2026-07-27,1.0,real_bsim_ptm,simulated,False,3.2,0.045,4,4.5,11.86,27.0,,,60.0,,controlled_tattoo_stress,,digital_tattoo_message,tattoo_bit1,tattoo_bit1,1.0,54.0,,,0.19689413118500035,,False,,1,
p7_multichip_6_55,p7_multichip_6,mc_phase7_multichip.py,phase7_multichip,2026-07-27,1.0,real_bsim_ptm,simulated,False,3.2,0.045,4,4.5,11.86,27.0,,,0.0,,controlled_tattoo_stress,,digital_tattoo_message,tattoo_bit0,tattoo_bit0,0.0,55.0,,,1.010286598080908,,False,,1,
p7_multichip_6_56,p7_multichip_6,mc_phase7_multichip.py,phase7_multichip,2026-07-27,1.0,real_bsim_ptm,simulated,False,3.2,0.045,4,4.5,11.86,27.0,,,0.0,,controlled_tattoo_stress,,digital_tattoo_message,tattoo_bit0,tattoo_bit0,0.0,56.0,,,0.9082219161271401,,False,,1,
p7_multichip_6_57,p7_multichip_6,mc_phase7_multichip.py,phase7_multichip,2026-07-27,1.0,real_bsim_ptm,simulated,False,3.2,0.045,4,4.5,11.86,27.0,,,60.0,,controlled_tattoo_stress,,digital_tattoo_message,tattoo_bit1,tattoo_bit1,1.0,57.0,,,0.20249221981182844,,False,,1,
p7_multichip_6_58,p7_multichip_6,mc_phase7_multichip.py,phase7_multichip,2026-07-27,1.0,real_bsim_ptm,simulated,False,3.2,0.045,4,4.5,11.86,27.0,,,60.0,,controlled_tattoo_stress,,digital_tattoo_message,tattoo_bit1,tattoo_bit1,1.0,58.0,,,0.18141434226128444,,False,,1,
p7_multichip_6_59,p7_multichip_6,mc_phase7_multichip.py,phase7_multichip,2026-07-27,1.0,real_bsim_ptm,simulated,False,3.2,0.045,4,4.5,11.86,27.0,,,60.0,,controlled_tattoo_stress,,digital_tattoo_message,tattoo_bit1,tattoo_bit1,1.0,59.0,,,0.16969466954893375,,False,,1,
p7_multichip_6_60,p7_multichip_6,mc_phase7_multichip.py,phase7_multichip,2026-07-27,1.0,real_bsim_ptm,simulated,False,3.2,0.045,4,4.5,11.86,27.0,,,60.0,,controlled_tattoo_stress,,digital_tattoo_message,tattoo_bit1,tattoo_bit1,1.0,60.0,,,0.24696360849681176,,False,,1,
p7_multichip_6_61,p7_multichip_6,mc_phase7_multichip.py,phase7_multichip,2026-07-27,1.0,real_bsim_ptm,simulated,False,3.2,0.045,4,4.5,11.86,27.0,,,60.0,,controlled_tattoo_stress,,digital_tattoo_message,tattoo_bit1,tattoo_bit1,1.0,61.0,,,0.15981167453463585,,False,,1,
p7_multichip_6_62,p7_multichip_6,mc_phase7_multichip.py,phase7_multichip,2026-07-27,1.0,real_bsim_ptm,simulated,False,3.2,0.045,4,4.5,11.86,27.0,,,0.0,,controlled_tattoo_stress,,digital_tattoo_message,tattoo_bit0,tattoo_bit0,0.0,62.0,,,1.4364819525927977,,False,,1,
p7_multichip_6_63,p7_multichip_6,mc_phase7_multichip.py,phase7_multichip,2026-07-27,1.0,real_bsim_ptm,simulated,False,3.2,0.045,4,4.5,11.86,27.0,,,60.0,,controlled_tattoo_stress,,digital_tattoo_message,tattoo_bit1,tattoo_bit1,1.0,63.0,,,0.20702771262255823,,False,,1,
p7_multichip_7_0,p7_multichip_7,mc_phase7_multichip.py,phase7_multichip,2026-07-27,1.0,real_bsim_ptm,simulated,False,3.2,0.045,4,4.5,11.86,27.0,,,60.0,,controlled_tattoo_stress,,digital_tattoo_message,tattoo_bit1,tattoo_bit1,1.0,0.0,,,0.22253795631319867,,False,,1,
p7_multichip_7_1,p7_multichip_7,mc_phase7_multichip.py,phase7_multichip,2026-07-27,1.0,real_bsim_ptm,simulated,False,3.2,0.045,4,4.5,11.86,27.0,,,60.0,,controlled_tattoo_stress,,digital_tattoo_message,tattoo_bit1,tattoo_bit1,1.0,1.0,,,0.21091423752244076,,False,,1,
p7_multichip_7_2,p7_multichip_7,mc_phase7_multichip.py,phase7_multichip,2026-07-27,1.0,real_bsim_ptm,simulated,False,3.2,0.045,4,4.5,11.86,27.0,,,0.0,,controlled_tattoo_stress,,digital_tattoo_message,tattoo_bit0,tattoo_bit0,0.0,2.0,,,1.3864570058364358,,False,,1,
p7_multichip_7_3,p7_multichip_7,mc_phase7_multichip.py,phase7_multichip,2026-07-27,1.0,real_bsim_ptm,simulated,False,3.2,0.045,4,4.5,11.86,27.0,,,0.0,,controlled_tattoo_stress,,digital_tattoo_message,tattoo_bit0,tattoo_bit0,0.0,3.0,,,1.1626785172621226,,False,,1,
p7_multichip_7_4,p7_multichip_7,mc_phase7_multichip.py,phase7_multichip,2026-07-27,1.0,real_bsim_ptm,simulated,False,3.2,0.045,4,4.5,11.86,27.0,,,60.0,,controlled_tattoo_stress,,digital_tattoo_message,tattoo_bit1,tattoo_bit1,1.0,4.0,,,0.1645708317603382,,False,,1,
p7_multichip_7_5,p7_multichip_7,mc_phase7_multichip.py,phase7_multichip,2026-07-27,1.0,real_bsim_ptm,simulated,False,3.2,0.045,4,4.5,11.86,27.0,,,60.0,,controlled_tattoo_stress,,digital_tattoo_message,tattoo_bit1,tattoo_bit1,1.0,5.0,,,0.2392588283687854,,False,,1,
p7_multichip_7_6,p7_multichip_7,mc_phase7_multichip.py,phase7_multichip,2026-07-27,1.0,real_bsim_ptm,simulated,False,3.2,0.045,4,4.5,11.86,27.0,,,0.0,,controlled_tattoo_stress,,digital_tattoo_message,tattoo_bit0,tattoo_bit0,0.0,6.0,,,0.6449716025637503,,False,,1,
p7_multichip_7_7,p7_multichip_7,mc_phase7_multichip.py,phase7_multichip,2026-07-27,1.0,real_bsim_ptm,simulated,False,3.2,0.045,4,4.5,11.86,27.0,,,60.0,,controlled_tattoo_stress,,digital_tattoo_message,tattoo_bit1,tattoo_bit1,1.0,7.0,,,0.23684387789445732,,False,,1,
p7_multichip_7_8,p7_multichip_7,mc_phase7_multichip.py,phase7_multichip,2026-07-27,1.0,real_bsim_ptm,simulated,False,3.2,0.045,4,4.5,11.86,27.0,,,0.0,,controlled_tattoo_stress,,digital_tattoo_message,tattoo_bit0,tattoo_bit0,0.0,8.0,,,1.2387948376104483,,False,,1,
p7_multichip_7_9,p7_multichip_7,mc_phase7_multichip.py,phase7_multichip,2026-07-27,1.0,real_bsim_ptm,simulated,False,3.2,0.045,4,4.5,11.86,27.0,,,0.0,,controlled_tattoo_stress,,digital_tattoo_message,tattoo_bit0,tattoo_bit0,0.0,9.0,,,0.723614981452861,,False,,1,
p7_multichip_7_10,p7_multichip_7,mc_phase7_multichip.py,phase7_multichip,2026-07-27,1.0,real_bsim_ptm,simulated,False,3.2,0.045,4,4.5,11.86,27.0,,,60.0,,controlled_tattoo_stress,,digital_tattoo_message,tattoo_bit1,tattoo_bit1,1.0,10.0,,,0.21867123535542726,,False,,1,
p7_multichip_7_11,p7_multichip_7,mc_phase7_multichip.py,phase7_multichip,2026-07-27,1.0,real_bsim_ptm,simulated,False,3.2,0.045,4,4.5,11.86,27.0,,,0.0,,controlled_tattoo_stress,,digital_tattoo_message,tattoo_bit0,tattoo_bit0,0.0,11.0,,,1.223670135084665,,False,,1,
p7_multichip_7_12,p7_multichip_7,mc_phase7_multichip.py,phase7_multichip,2026-07-27,1.0,real_bsim_ptm,simulated,False,3.2,0.045,4,4.5,11.86,27.0,,,60.0,,controlled_tattoo_stress,,digital_tattoo_message,tattoo_bit1,tattoo_bit1,1.0,12.0,,,0.18239191364478224,,False,,1,
p7_multichip_7_13,p7_multichip_7,mc_phase7_multichip.py,phase7_multichip,2026-07-27,1.0,real_bsim_ptm,simulated,False,3.2,0.045,4,4.5,11.86,27.0,,,60.0,,controlled_tattoo_stress,,digital_tattoo_message,tattoo_bit1,tattoo_bit1,1.0,13.0,,,0.20473742629776615,,False,,1,
p7_multichip_7_14,p7_multichip_7,mc_phase7_multichip.py,phase7_multichip,2026-07-27,1.0,real_bsim_ptm,simulated,False,3.2,0.045,4,4.5,11.86,27.0,,,60.0,,controlled_tattoo_stress,,digital_tattoo_message,tattoo_bit1,tattoo_bit1,1.0,14.0,,,0.19052377604405749,,False,,1,
p7_multichip_7_15,p7_multichip_7,mc_phase7_multichip.py,phase7_multichip,2026-07-27,1.0,real_bsim_ptm,simulated,False,3.2,0.045,4,4.5,11.86,27.0,,,60.0,,controlled_tattoo_stress,,digital_tattoo_message,tattoo_bit1,tattoo_bit1,1.0,15.0,,,0.17630278750172276,,False,,1,
p7_multichip_7_16,p7_multichip_7,mc_phase7_multichip.py,phase7_multichip,2026-07-27,1.0,real_bsim_ptm,simulated,False,3.2,0.045,4,4.5,11.86,27.0,,,0.0,,controlled_tattoo_stress,,digital_tattoo_message,tattoo_bit0,tattoo_bit0,0.0,16.0,,,1.0899873356492757,,False,,1,
p7_multichip_7_17,p7_multichip_7,mc_phase7_multichip.py,phase7_multichip,2026-07-27,1.0,real_bsim_ptm,simulated,False,3.2,0.045,4,4.5,11.86,27.0,,,0.0,,controlled_tattoo_stress,,digital_tattoo_message,tattoo_bit0,tattoo_bit0,0.0,17.0,,,1.0928884507971126,,False,,1,
p7_multichip_7_18,p7_multichip_7,mc_phase7_multichip.py,phase7_multichip,2026-07-27,1.0,real_bsim_ptm,simulated,False,3.2,0.045,4,4.5,11.86,27.0,,,60.0,,controlled_tattoo_stress,,digital_tattoo_message,tattoo_bit1,tattoo_bit1,1.0,18.0,,,0.24637035468112128,,False,,1,
p7_multichip_7_19,p7_multichip_7,mc_phase7_multichip.py,phase7_multichip,2026-07-27,1.0,real_bsim_ptm,simulated,False,3.2,0.045,4,4.5,11.86,27.0,,,60.0,,controlled_tattoo_stress,,digital_tattoo_message,tattoo_bit1,tattoo_bit1,1.0,19.0,,,0.27286023115254715,,False,,1,
p7_multichip_7_20,p7_multichip_7,mc_phase7_multichip.py,phase7_multichip,2026-07-27,1.0,real_bsim_ptm,simulated,False,3.2,0.045,4,4.5,11.86,27.0,,,60.0,,controlled_tattoo_stress,,digital_tattoo_message,tattoo_bit1,tattoo_bit1,1.0,20.0,,,0.1877069882333646,,False,,1,
p7_multichip_7_21,p7_multichip_7,mc_phase7_multichip.py,phase7_multichip,2026-07-27,1.0,real_bsim_ptm,simulated,False,3.2,0.045,4,4.5,11.86,27.0,,,0.0,,controlled_tattoo_stress,,digital_tattoo_message,tattoo_bit0,tattoo_bit0,0.0,21.0,,,0.8663543100070944,,False,,1,
p7_multichip_7_22,p7_multichip_7,mc_phase7_multichip.py,phase7_multichip,2026-07-27,1.0,real_bsim_ptm,simulated,False,3.2,0.045,4,4.5,11.86,27.0,,,0.0,,controlled_tattoo_stress,,digital_tattoo_message,tattoo_bit0,tattoo_bit0,0.0,22.0,,,1.0019307775958337,,False,,1,
p7_multichip_7_23,p7_multichip_7,mc_phase7_multichip.py,phase7_multichip,2026-07-27,1.0,real_bsim_ptm,simulated,False,3.2,0.045,4,4.5,11.86,27.0,,,60.0,,controlled_tattoo_stress,,digital_tattoo_message,tattoo_bit1,tattoo_bit1,1.0,23.0,,,0.18595466159594665,,False,,1,
p7_multichip_7_24,p7_multichip_7,mc_phase7_multichip.py,phase7_multichip,2026-07-27,1.0,real_bsim_ptm,simulated,False,3.2,0.045,4,4.5,11.86,27.0,,,0.0,,controlled_tattoo_stress,,digital_tattoo_message,tattoo_bit0,tattoo_bit0,0.0,24.0,,,0.8686784472305453,,False,,1,
p7_multichip_7_25,p7_multichip_7,mc_phase7_multichip.py,phase7_multichip,2026-07-27,1.0,real_bsim_ptm,simulated,False,3.2,0.045,4,4.5,11.86,27.0,,,60.0,,controlled_tattoo_stress,,digital_tattoo_message,tattoo_bit1,tattoo_bit1,1.0,25.0,,,0.23618259014247084,,False,,1,
p7_multichip_7_26,p7_multichip_7,mc_phase7_multichip.py,phase7_multichip,2026-07-27,1.0,real_bsim_ptm,simulated,False,3.2,0.045,4,4.5,11.86,27.0,,,60.0,,controlled_tattoo_stress,,digital_tattoo_message,tattoo_bit1,tattoo_bit1,1.0,26.0,,,0.18413588650330082,,False,,1,
p7_multichip_7_27,p7_multichip_7,mc_phase7_multichip.py,phase7_multichip,2026-07-27,1.0,real_bsim_ptm,simulated,False,3.2,0.045,4,4.5,11.86,27.0,,,60.0,,controlled_tattoo_stress,,digital_tattoo_message,tattoo_bit1,tattoo_bit1,1.0,27.0,,,0.23583960410142457,,False,,1,
p7_multichip_7_28,p7_multichip_7,mc_phase7_multichip.py,phase7_multichip,2026-07-27,1.0,real_bsim_ptm,simulated,False,3.2,0.045,4,4.5,11.86,27.0,,,0.0,,controlled_tattoo_stress,,digital_tattoo_message,tattoo_bit0,tattoo_bit0,0.0,28.0,,,0.8622258969079092,,False,,1,
p7_multichip_7_29,p7_multichip_7,mc_phase7_multichip.py,phase7_multichip,2026-07-27,1.0,real_bsim_ptm,simulated,False,3.2,0.045,4,4.5,11.86,27.0,,,0.0,,controlled_tattoo_stress,,digital_tattoo_message,tattoo_bit0,tattoo_bit0,0.0,29.0,,,1.2069622743025223,,False,,1,
p7_multichip_7_30,p7_multichip_7,mc_phase7_multichip.py,phase7_multichip,2026-07-27,1.0,real_bsim_ptm,simulated,False,3.2,0.045,4,4.5,11.86,27.0,,,60.0,,controlled_tattoo_stress,,digital_tattoo_message,tattoo_bit1,tattoo_bit1,1.0,30.0,,,0.18651284696909734,,False,,1,
p7_multichip_7_31,p7_multichip_7,mc_phase7_multichip.py,phase7_multichip,2026-07-27,1.0,real_bsim_ptm,simulated,False,3.2,0.045,4,4.5,11.86,27.0,,,0.0,,controlled_tattoo_stress,,digital_tattoo_message,tattoo_bit0,tattoo_bit0,0.0,31.0,,,1.6479761762957912,,False,,1,
p7_multichip_7_32,p7_multichip_7,mc_phase7_multichip.py,phase7_multichip,2026-07-27,1.0,real_bsim_ptm,simulated,False,3.2,0.045,4,4.5,11.86,27.0,,,60.0,,controlled_tattoo_stress,,digital_tattoo_message,tattoo_bit1,tattoo_bit1,1.0,32.0,,,0.2779193978437794,,False,,1,
p7_multichip_7_33,p7_multichip_7,mc_phase7_multichip.py,phase7_multichip,2026-07-27,1.0,real_bsim_ptm,simulated,False,3.2,0.045,4,4.5,11.86,27.0,,,60.0,,controlled_tattoo_stress,,digital_tattoo_message,tattoo_bit1,tattoo_bit1,1.0,33.0,,,0.16045825308356623,,False,,1,
p7_multichip_7_34,p7_multichip_7,mc_phase7_multichip.py,phase7_multichip,2026-07-27,1.0,real_bsim_ptm,simulated,False,3.2,0.045,4,4.5,11.86,27.0,,,0.0,,controlled_tattoo_stress,,digital_tattoo_message,tattoo_bit0,tattoo_bit0,0.0,34.0,,,1.9723584101180105,,False,,1,
p7_multichip_7_35,p7_multichip_7,mc_phase7_multichip.py,phase7_multichip,2026-07-27,1.0,real_bsim_ptm,simulated,False,3.2,0.045,4,4.5,11.86,27.0,,,60.0,,controlled_tattoo_stress,,digital_tattoo_message,tattoo_bit1,tattoo_bit1,1.0,35.0,,,0.20010611968621306,,False,,1,
p7_multichip_7_36,p7_multichip_7,mc_phase7_multichip.py,phase7_multichip,2026-07-27,1.0,real_bsim_ptm,simulated,False,3.2,0.045,4,4.5,11.86,27.0,,,60.0,,controlled_tattoo_stress,,digital_tattoo_message,tattoo_bit1,tattoo_bit1,1.0,36.0,,,0.2486915181956669,,False,,1,
p7_multichip_7_37,p7_multichip_7,mc_phase7_multichip.py,phase7_multichip,2026-07-27,1.0,real_bsim_ptm,simulated,False,3.2,0.045,4,4.5,11.86,27.0,,,0.0,,controlled_tattoo_stress,,digital_tattoo_message,tattoo_bit0,tattoo_bit0,0.0,37.0,,,0.7085945178010026,,False,,1,
p7_multichip_7_38,p7_multichip_7,mc_phase7_multichip.py,phase7_multichip,2026-07-27,1.0,real_bsim_ptm,simulated,False,3.2,0.045,4,4.5,11.86,27.0,,,60.0,,controlled_tattoo_stress,,digital_tattoo_message,tattoo_bit1,tattoo_bit1,1.0,38.0,,,0.19543746738102977,,False,,1,
p7_multichip_7_39,p7_multichip_7,mc_phase7_multichip.py,phase7_multichip,2026-07-27,1.0,real_bsim_ptm,simulated,False,3.2,0.045,4,4.5,11.86,27.0,,,0.0,,controlled_tattoo_stress,,digital_tattoo_message,tattoo_bit0,tattoo_bit0,0.0,39.0,,,1.3923267669603774,,False,,1,
p7_multichip_7_40,p7_multichip_7,mc_phase7_multichip.py,phase7_multichip,2026-07-27,1.0,real_bsim_ptm,simulated,False,3.2,0.045,4,4.5,11.86,27.0,,,0.0,,controlled_tattoo_stress,,digital_tattoo_message,tattoo_bit0,tattoo_bit0,0.0,40.0,,,0.9760044266906143,,False,,1,
p7_multichip_7_41,p7_multichip_7,mc_phase7_multichip.py,phase7_multichip,2026-07-27,1.0,real_bsim_ptm,simulated,False,3.2,0.045,4,4.5,11.86,27.0,,,0.0,,controlled_tattoo_stress,,digital_tattoo_message,tattoo_bit0,tattoo_bit0,0.0,41.0,,,1.5162675629404423,,False,,1,
p7_multichip_7_42,p7_multichip_7,mc_phase7_multichip.py,phase7_multichip,2026-07-27,1.0,real_bsim_ptm,simulated,False,3.2,0.045,4,4.5,11.86,27.0,,,60.0,,controlled_tattoo_stress,,digital_tattoo_message,tattoo_bit1,tattoo_bit1,1.0,42.0,,,0.23335185004263898,,False,,1,
p7_multichip_7_43,p7_multichip_7,mc_phase7_multichip.py,phase7_multichip,2026-07-27,1.0,real_bsim_ptm,simulated,False,3.2,0.045,4,4.5,11.86,27.0,,,60.0,,controlled_tattoo_stress,,digital_tattoo_message,tattoo_bit1,tattoo_bit1,1.0,43.0,,,0.318826626709109,,False,,1,
p7_multichip_7_44,p7_multichip_7,mc_phase7_multichip.py,phase7_multichip,2026-07-27,1.0,real_bsim_ptm,simulated,False,3.2,0.045,4,4.5,11.86,27.0,,,0.0,,controlled_tattoo_stress,,digital_tattoo_message,tattoo_bit0,tattoo_bit0,0.0,44.0,,,1.012863275105175,,False,,1,
p7_multichip_7_45,p7_multichip_7,mc_phase7_multichip.py,phase7_multichip,2026-07-27,1.0,real_bsim_ptm,simulated,False,3.2,0.045,4,4.5,11.86,27.0,,,0.0,,controlled_tattoo_stress,,digital_tattoo_message,tattoo_bit0,tattoo_bit0,0.0,45.0,,,1.385836994013728,,False,,1,
p7_multichip_7_46,p7_multichip_7,mc_phase7_multichip.py,phase7_multichip,2026-07-27,1.0,real_bsim_ptm,simulated,False,3.2,0.045,4,4.5,11.86,27.0,,,0.0,,controlled_tattoo_stress,,digital_tattoo_message,tattoo_bit0,tattoo_bit0,0.0,46.0,,,1.6059269687928626,,False,,1,
p7_multichip_7_47,p7_multichip_7,mc_phase7_multichip.py,phase7_multichip,2026-07-27,1.0,real_bsim_ptm,simulated,False,3.2,0.045,4,4.5,11.86,27.0,,,0.0,,controlled_tattoo_stress,,digital_tattoo_message,tattoo_bit0,tattoo_bit0,0.0,47.0,,,1.0402195926476123,,False,,1,
p7_multichip_7_48,p7_multichip_7,mc_phase7_multichip.py,phase7_multichip,2026-07-27,1.0,real_bsim_ptm,simulated,False,3.2,0.045,4,4.5,11.86,27.0,,,60.0,,controlled_tattoo_stress,,digital_tattoo_message,tattoo_bit1,tattoo_bit1,1.0,48.0,,,0.30063147738794826,,False,,1,
p7_multichip_7_49,p7_multichip_7,mc_phase7_multichip.py,phase7_multichip,2026-07-27,1.0,real_bsim_ptm,simulated,False,3.2,0.045,4,4.5,11.86,27.0,,,60.0,,controlled_tattoo_stress,,digital_tattoo_message,tattoo_bit1,tattoo_bit1,1.0,49.0,,,0.2756161815448721,,False,,1,
p7_multichip_7_50,p7_multichip_7,mc_phase7_multichip.py,phase7_multichip,2026-07-27,1.0,real_bsim_ptm,simulated,False,3.2,0.045,4,4.5,11.86,27.0,,,0.0,,controlled_tattoo_stress,,digital_tattoo_message,tattoo_bit0,tattoo_bit0,0.0,50.0,,,0.5479822694977381,,False,,1,
p7_multichip_7_51,p7_multichip_7,mc_phase7_multichip.py,phase7_multichip,2026-07-27,1.0,real_bsim_ptm,simulated,False,3.2,0.045,4,4.5,11.86,27.0,,,0.0,,controlled_tattoo_stress,,digital_tattoo_message,tattoo_bit0,tattoo_bit0,0.0,51.0,,,0.7641093597250085,,False,,1,
p7_multichip_7_52,p7_multichip_7,mc_phase7_multichip.py,phase7_multichip,2026-07-27,1.0,real_bsim_ptm,simulated,False,3.2,0.045,4,4.5,11.86,27.0,,,60.0,,controlled_tattoo_stress,,digital_tattoo_message,tattoo_bit1,tattoo_bit1,1.0,52.0,,,0.15136473299555953,,False,,1,
p7_multichip_7_53,p7_multichip_7,mc_phase7_multichip.py,phase7_multichip,2026-07-27,1.0,real_bsim_ptm,simulated,False,3.2,0.045,4,4.5,11.86,27.0,,,0.0,,controlled_tattoo_stress,,digital_tattoo_message,tattoo_bit0,tattoo_bit0,0.0,53.0,,,1.391370264526755,,False,,1,
p7_multichip_7_54,p7_multichip_7,mc_phase7_multichip.py,phase7_multichip,2026-07-27,1.0,real_bsim_ptm,simulated,False,3.2,0.045,4,4.5,11.86,27.0,,,0.0,,controlled_tattoo_stress,,digital_tattoo_message,tattoo_bit0,tattoo_bit0,0.0,54.0,,,1.0511569937328447,,False,,1,
p7_multichip_7_55,p7_multichip_7,mc_phase7_multichip.py,phase7_multichip,2026-07-27,1.0,real_bsim_ptm,simulated,False,3.2,0.045,4,4.5,11.86,27.0,,,60.0,,controlled_tattoo_stress,,digital_tattoo_message,tattoo_bit1,tattoo_bit1,1.0,55.0,,,0.15952604265212497,,False,,1,
p7_multichip_7_56,p7_multichip_7,mc_phase7_multichip.py,phase7_multichip,2026-07-27,1.0,real_bsim_ptm,simulated,False,3.2,0.045,4,4.5,11.86,27.0,,,60.0,,controlled_tattoo_stress,,digital_tattoo_message,tattoo_bit1,tattoo_bit1,1.0,56.0,,,0.22887053125013482,,False,,1,
p7_multichip_7_57,p7_multichip_7,mc_phase7_multichip.py,phase7_multichip,2026-07-27,1.0,real_bsim_ptm,simulated,False,3.2,0.045,4,4.5,11.86,27.0,,,60.0,,controlled_tattoo_stress,,digital_tattoo_message,tattoo_bit1,tattoo_bit1,1.0,57.0,,,0.22976452755487348,,False,,1,
p7_multichip_7_58,p7_multichip_7,mc_phase7_multichip.py,phase7_multichip,2026-07-27,1.0,real_bsim_ptm,simulated,False,3.2,0.045,4,4.5,11.86,27.0,,,60.0,,controlled_tattoo_stress,,digital_tattoo_message,tattoo_bit1,tattoo_bit1,1.0,58.0,,,0.1315075436901673,,False,,1,
p7_multichip_7_59,p7_multichip_7,mc_phase7_multichip.py,phase7_multichip,2026-07-27,1.0,real_bsim_ptm,simulated,False,3.2,0.045,4,4.5,11.86,27.0,,,0.0,,controlled_tattoo_stress,,digital_tattoo_message,tattoo_bit0,tattoo_bit0,0.0,59.0,,,0.9013902539837505,,False,,1,
p7_multichip_7_60,p7_multichip_7,mc_phase7_multichip.py,phase7_multichip,2026-07-27,1.0,real_bsim_ptm,simulated,False,3.2,0.045,4,4.5,11.86,27.0,,,60.0,,controlled_tattoo_stress,,digital_tattoo_message,tattoo_bit1,tattoo_bit1,1.0,60.0,,,0.20060501947452988,,False,,1,
p7_multichip_7_61,p7_multichip_7,mc_phase7_multichip.py,phase7_multichip,2026-07-27,1.0,real_bsim_ptm,simulated,False,3.2,0.045,4,4.5,11.86,27.0,,,0.0,,controlled_tattoo_stress,,digital_tattoo_message,tattoo_bit0,tattoo_bit0,0.0,61.0,,,1.4263414338739455,,False,,1,
p7_multichip_7_62,p7_multichip_7,mc_phase7_multichip.py,phase7_multichip,2026-07-27,1.0,real_bsim_ptm,simulated,False,3.2,0.045,4,4.5,11.86,27.0,,,60.0,,controlled_tattoo_stress,,digital_tattoo_message,tattoo_bit1,tattoo_bit1,1.0,62.0,,,0.19844451983389436,,False,,1,
p7_multichip_7_63,p7_multichip_7,mc_phase7_multichip.py,phase7_multichip,2026-07-27,1.0,real_bsim_ptm,simulated,False,3.2,0.045,4,4.5,11.86,27.0,,,60.0,,controlled_tattoo_stress,,digital_tattoo_message,tattoo_bit1,tattoo_bit1,1.0,63.0,,,0.18303826409220952,,False,,1,
p7_multichip_8_0,p7_multichip_8,mc_phase7_multichip.py,phase7_multichip,2026-07-27,1.0,real_bsim_ptm,simulated,False,3.2,0.045,4,4.5,11.86,27.0,,,0.0,,controlled_tattoo_stress,,digital_tattoo_message,tattoo_bit0,tattoo_bit0,0.0,0.0,,,1.0219414054057996,,False,,1,
p7_multichip_8_1,p7_multichip_8,mc_phase7_multichip.py,phase7_multichip,2026-07-27,1.0,real_bsim_ptm,simulated,False,3.2,0.045,4,4.5,11.86,27.0,,,0.0,,controlled_tattoo_stress,,digital_tattoo_message,tattoo_bit0,tattoo_bit0,0.0,1.0,,,1.2456769545037762,,False,,1,
p7_multichip_8_2,p7_multichip_8,mc_phase7_multichip.py,phase7_multichip,2026-07-27,1.0,real_bsim_ptm,simulated,False,3.2,0.045,4,4.5,11.86,27.0,,,0.0,,controlled_tattoo_stress,,digital_tattoo_message,tattoo_bit0,tattoo_bit0,0.0,2.0,,,1.168481052089934,,False,,1,
p7_multichip_8_3,p7_multichip_8,mc_phase7_multichip.py,phase7_multichip,2026-07-27,1.0,real_bsim_ptm,simulated,False,3.2,0.045,4,4.5,11.86,27.0,,,0.0,,controlled_tattoo_stress,,digital_tattoo_message,tattoo_bit0,tattoo_bit0,0.0,3.0,,,0.9823084576057337,,False,,1,
p7_multichip_8_4,p7_multichip_8,mc_phase7_multichip.py,phase7_multichip,2026-07-27,1.0,real_bsim_ptm,simulated,False,3.2,0.045,4,4.5,11.86,27.0,,,0.0,,controlled_tattoo_stress,,digital_tattoo_message,tattoo_bit0,tattoo_bit0,0.0,4.0,,,0.9606728373567518,,False,,1,
p7_multichip_8_5,p7_multichip_8,mc_phase7_multichip.py,phase7_multichip,2026-07-27,1.0,real_bsim_ptm,simulated,False,3.2,0.045,4,4.5,11.86,27.0,,,60.0,,controlled_tattoo_stress,,digital_tattoo_message,tattoo_bit1,tattoo_bit1,1.0,5.0,,,0.2323423105365682,,False,,1,
p7_multichip_8_6,p7_multichip_8,mc_phase7_multichip.py,phase7_multichip,2026-07-27,1.0,real_bsim_ptm,simulated,False,3.2,0.045,4,4.5,11.86,27.0,,,60.0,,controlled_tattoo_stress,,digital_tattoo_message,tattoo_bit1,tattoo_bit1,1.0,6.0,,,0.22829257769719205,,False,,1,
p7_multichip_8_7,p7_multichip_8,mc_phase7_multichip.py,phase7_multichip,2026-07-27,1.0,real_bsim_ptm,simulated,False,3.2,0.045,4,4.5,11.86,27.0,,,0.0,,controlled_tattoo_stress,,digital_tattoo_message,tattoo_bit0,tattoo_bit0,0.0,7.0,,,1.4676039024542238,,False,,1,
p7_multichip_8_8,p7_multichip_8,mc_phase7_multichip.py,phase7_multichip,2026-07-27,1.0,real_bsim_ptm,simulated,False,3.2,0.045,4,4.5,11.86,27.0,,,60.0,,controlled_tattoo_stress,,digital_tattoo_message,tattoo_bit1,tattoo_bit1,1.0,8.0,,,0.2482449053414467,,False,,1,
p7_multichip_8_9,p7_multichip_8,mc_phase7_multichip.py,phase7_multichip,2026-07-27,1.0,real_bsim_ptm,simulated,False,3.2,0.045,4,4.5,11.86,27.0,,,0.0,,controlled_tattoo_stress,,digital_tattoo_message,tattoo_bit0,tattoo_bit0,0.0,9.0,,,0.7458193783115811,,False,,1,
p7_multichip_8_10,p7_multichip_8,mc_phase7_multichip.py,phase7_multichip,2026-07-27,1.0,real_bsim_ptm,simulated,False,3.2,0.045,4,4.5,11.86,27.0,,,0.0,,controlled_tattoo_stress,,digital_tattoo_message,tattoo_bit0,tattoo_bit0,0.0,10.0,,,1.1580940825123223,,False,,1,
p7_multichip_8_11,p7_multichip_8,mc_phase7_multichip.py,phase7_multichip,2026-07-27,1.0,real_bsim_ptm,simulated,False,3.2,0.045,4,4.5,11.86,27.0,,,60.0,,controlled_tattoo_stress,,digital_tattoo_message,tattoo_bit1,tattoo_bit1,1.0,11.0,,,0.1700529434886399,,False,,1,
p7_multichip_8_12,p7_multichip_8,mc_phase7_multichip.py,phase7_multichip,2026-07-27,1.0,real_bsim_ptm,simulated,False,3.2,0.045,4,4.5,11.86,27.0,,,60.0,,controlled_tattoo_stress,,digital_tattoo_message,tattoo_bit1,tattoo_bit1,1.0,12.0,,,0.20198728836306196,,False,,1,
p7_multichip_8_13,p7_multichip_8,mc_phase7_multichip.py,phase7_multichip,2026-07-27,1.0,real_bsim_ptm,simulated,False,3.2,0.045,4,4.5,11.86,27.0,,,0.0,,controlled_tattoo_stress,,digital_tattoo_message,tattoo_bit0,tattoo_bit0,0.0,13.0,,,1.5715758569809548,,False,,1,
p7_multichip_8_14,p7_multichip_8,mc_phase7_multichip.py,phase7_multichip,2026-07-27,1.0,real_bsim_ptm,simulated,False,3.2,0.045,4,4.5,11.86,27.0,,,60.0,,controlled_tattoo_stress,,digital_tattoo_message,tattoo_bit1,tattoo_bit1,1.0,14.0,,,0.2054245861093563,,False,,1,
p7_multichip_8_15,p7_multichip_8,mc_phase7_multichip.py,phase7_multichip,2026-07-27,1.0,real_bsim_ptm,simulated,False,3.2,0.045,4,4.5,11.86,27.0,,,60.0,,controlled_tattoo_stress,,digital_tattoo_message,tattoo_bit1,tattoo_bit1,1.0,15.0,,,0.26452308308331873,,False,,1,
p7_multichip_8_16,p7_multichip_8,mc_phase7_multichip.py,phase7_multichip,2026-07-27,1.0,real_bsim_ptm,simulated,False,3.2,0.045,4,4.5,11.86,27.0,,,0.0,,controlled_tattoo_stress,,digital_tattoo_message,tattoo_bit0,tattoo_bit0,0.0,16.0,,,0.895717029347433,,False,,1,
p7_multichip_8_17,p7_multichip_8,mc_phase7_multichip.py,phase7_multichip,2026-07-27,1.0,real_bsim_ptm,simulated,False,3.2,0.045,4,4.5,11.86,27.0,,,0.0,,controlled_tattoo_stress,,digital_tattoo_message,tattoo_bit0,tattoo_bit0,0.0,17.0,,,0.8084628219807524,,False,,1,
p7_multichip_8_18,p7_multichip_8,mc_phase7_multichip.py,phase7_multichip,2026-07-27,1.0,real_bsim_ptm,simulated,False,3.2,0.045,4,4.5,11.86,27.0,,,60.0,,controlled_tattoo_stress,,digital_tattoo_message,tattoo_bit1,tattoo_bit1,1.0,18.0,,,0.2803120782246994,,False,,1,
p7_multichip_8_19,p7_multichip_8,mc_phase7_multichip.py,phase7_multichip,2026-07-27,1.0,real_bsim_ptm,simulated,False,3.2,0.045,4,4.5,11.86,27.0,,,60.0,,controlled_tattoo_stress,,digital_tattoo_message,tattoo_bit1,tattoo_bit1,1.0,19.0,,,0.2632359540408176,,False,,1,
p7_multichip_8_20,p7_multichip_8,mc_phase7_multichip.py,phase7_multichip,2026-07-27,1.0,real_bsim_ptm,simulated,False,3.2,0.045,4,4.5,11.86,27.0,,,0.0,,controlled_tattoo_stress,,digital_tattoo_message,tattoo_bit0,tattoo_bit0,0.0,20.0,,,1.2487438985679096,,False,,1,
p7_multichip_8_21,p7_multichip_8,mc_phase7_multichip.py,phase7_multichip,2026-07-27,1.0,real_bsim_ptm,simulated,False,3.2,0.045,4,4.5,11.86,27.0,,,0.0,,controlled_tattoo_stress,,digital_tattoo_message,tattoo_bit0,tattoo_bit0,0.0,21.0,,,0.9790463427692639,,False,,1,
p7_multichip_8_22,p7_multichip_8,mc_phase7_multichip.py,phase7_multichip,2026-07-27,1.0,real_bsim_ptm,simulated,False,3.2,0.045,4,4.5,11.86,27.0,,,0.0,,controlled_tattoo_stress,,digital_tattoo_message,tattoo_bit0,tattoo_bit0,0.0,22.0,,,1.107470635348544,,False,,1,
p7_multichip_8_23,p7_multichip_8,mc_phase7_multichip.py,phase7_multichip,2026-07-27,1.0,real_bsim_ptm,simulated,False,3.2,0.045,4,4.5,11.86,27.0,,,60.0,,controlled_tattoo_stress,,digital_tattoo_message,tattoo_bit1,tattoo_bit1,1.0,23.0,,,0.289936871897915,,False,,1,
p7_multichip_8_24,p7_multichip_8,mc_phase7_multichip.py,phase7_multichip,2026-07-27,1.0,real_bsim_ptm,simulated,False,3.2,0.045,4,4.5,11.86,27.0,,,60.0,,controlled_tattoo_stress,,digital_tattoo_message,tattoo_bit1,tattoo_bit1,1.0,24.0,,,0.24380435320536986,,False,,1,
p7_multichip_8_25,p7_multichip_8,mc_phase7_multichip.py,phase7_multichip,2026-07-27,1.0,real_bsim_ptm,simulated,False,3.2,0.045,4,4.5,11.86,27.0,,,0.0,,controlled_tattoo_stress,,digital_tattoo_message,tattoo_bit0,tattoo_bit0,0.0,25.0,,,1.2642057079590348,,False,,1,
p7_multichip_8_26,p7_multichip_8,mc_phase7_multichip.py,phase7_multichip,2026-07-27,1.0,real_bsim_ptm,simulated,False,3.2,0.045,4,4.5,11.86,27.0,,,0.0,,controlled_tattoo_stress,,digital_tattoo_message,tattoo_bit0,tattoo_bit0,0.0,26.0,,,0.9518340808023575,,False,,1,
p7_multichip_8_27,p7_multichip_8,mc_phase7_multichip.py,phase7_multichip,2026-07-27,1.0,real_bsim_ptm,simulated,False,3.2,0.045,4,4.5,11.86,27.0,,,0.0,,controlled_tattoo_stress,,digital_tattoo_message,tattoo_bit0,tattoo_bit0,0.0,27.0,,,1.3374829906172199,,False,,1,
p7_multichip_8_28,p7_multichip_8,mc_phase7_multichip.py,phase7_multichip,2026-07-27,1.0,real_bsim_ptm,simulated,False,3.2,0.045,4,4.5,11.86,27.0,,,0.0,,controlled_tattoo_stress,,digital_tattoo_message,tattoo_bit0,tattoo_bit0,0.0,28.0,,,0.9060315186841894,,False,,1,
p7_multichip_8_29,p7_multichip_8,mc_phase7_multichip.py,phase7_multichip,2026-07-27,1.0,real_bsim_ptm,simulated,False,3.2,0.045,4,4.5,11.86,27.0,,,60.0,,controlled_tattoo_stress,,digital_tattoo_message,tattoo_bit1,tattoo_bit1,1.0,29.0,,,0.12107871393809966,,False,,1,
p7_multichip_8_30,p7_multichip_8,mc_phase7_multichip.py,phase7_multichip,2026-07-27,1.0,real_bsim_ptm,simulated,False,3.2,0.045,4,4.5,11.86,27.0,,,0.0,,controlled_tattoo_stress,,digital_tattoo_message,tattoo_bit0,tattoo_bit0,0.0,30.0,,,0.7558890737538497,,False,,1,
p7_multichip_8_31,p7_multichip_8,mc_phase7_multichip.py,phase7_multichip,2026-07-27,1.0,real_bsim_ptm,simulated,False,3.2,0.045,4,4.5,11.86,27.0,,,0.0,,controlled_tattoo_stress,,digital_tattoo_message,tattoo_bit0,tattoo_bit0,0.0,31.0,,,0.9358268382141991,,False,,1,
p7_multichip_8_32,p7_multichip_8,mc_phase7_multichip.py,phase7_multichip,2026-07-27,1.0,real_bsim_ptm,simulated,False,3.2,0.045,4,4.5,11.86,27.0,,,60.0,,controlled_tattoo_stress,,digital_tattoo_message,tattoo_bit1,tattoo_bit1,1.0,32.0,,,0.18957450649189095,,False,,1,
p7_multichip_8_33,p7_multichip_8,mc_phase7_multichip.py,phase7_multichip,2026-07-27,1.0,real_bsim_ptm,simulated,False,3.2,0.045,4,4.5,11.86,27.0,,,60.0,,controlled_tattoo_stress,,digital_tattoo_message,tattoo_bit1,tattoo_bit1,1.0,33.0,,,0.1747263445149358,,False,,1,
p7_multichip_8_34,p7_multichip_8,mc_phase7_multichip.py,phase7_multichip,2026-07-27,1.0,real_bsim_ptm,simulated,False,3.2,0.045,4,4.5,11.86,27.0,,,60.0,,controlled_tattoo_stress,,digital_tattoo_message,tattoo_bit1,tattoo_bit1,1.0,34.0,,,0.14544201839728282,,False,,1,
p7_multichip_8_35,p7_multichip_8,mc_phase7_multichip.py,phase7_multichip,2026-07-27,1.0,real_bsim_ptm,simulated,False,3.2,0.045,4,4.5,11.86,27.0,,,0.0,,controlled_tattoo_stress,,digital_tattoo_message,tattoo_bit0,tattoo_bit0,0.0,35.0,,,0.9417729647246139,,False,,1,
p7_multichip_8_36,p7_multichip_8,mc_phase7_multichip.py,phase7_multichip,2026-07-27,1.0,real_bsim_ptm,simulated,False,3.2,0.045,4,4.5,11.86,27.0,,,0.0,,controlled_tattoo_stress,,digital_tattoo_message,tattoo_bit0,tattoo_bit0,0.0,36.0,,,0.8034636939852371,,False,,1,
p7_multichip_8_37,p7_multichip_8,mc_phase7_multichip.py,phase7_multichip,2026-07-27,1.0,real_bsim_ptm,simulated,False,3.2,0.045,4,4.5,11.86,27.0,,,60.0,,controlled_tattoo_stress,,digital_tattoo_message,tattoo_bit1,tattoo_bit1,1.0,37.0,,,0.25826329847017304,,False,,1,
p7_multichip_8_38,p7_multichip_8,mc_phase7_multichip.py,phase7_multichip,2026-07-27,1.0,real_bsim_ptm,simulated,False,3.2,0.045,4,4.5,11.86,27.0,,,60.0,,controlled_tattoo_stress,,digital_tattoo_message,tattoo_bit1,tattoo_bit1,1.0,38.0,,,0.21379393608978567,,False,,1,
p7_multichip_8_39,p7_multichip_8,mc_phase7_multichip.py,phase7_multichip,2026-07-27,1.0,real_bsim_ptm,simulated,False,3.2,0.045,4,4.5,11.86,27.0,,,60.0,,controlled_tattoo_stress,,digital_tattoo_message,tattoo_bit1,tattoo_bit1,1.0,39.0,,,0.22839015097052162,,False,,1,
p7_multichip_8_40,p7_multichip_8,mc_phase7_multichip.py,phase7_multichip,2026-07-27,1.0,real_bsim_ptm,simulated,False,3.2,0.045,4,4.5,11.86,27.0,,,60.0,,controlled_tattoo_stress,,digital_tattoo_message,tattoo_bit1,tattoo_bit1,1.0,40.0,,,0.19996487404714375,,False,,1,
p7_multichip_8_41,p7_multichip_8,mc_phase7_multichip.py,phase7_multichip,2026-07-27,1.0,real_bsim_ptm,simulated,False,3.2,0.045,4,4.5,11.86,27.0,,,0.0,,controlled_tattoo_stress,,digital_tattoo_message,tattoo_bit0,tattoo_bit0,0.0,41.0,,,1.1211715241282234,,False,,1,
p7_multichip_8_42,p7_multichip_8,mc_phase7_multichip.py,phase7_multichip,2026-07-27,1.0,real_bsim_ptm,simulated,False,3.2,0.045,4,4.5,11.86,27.0,,,0.0,,controlled_tattoo_stress,,digital_tattoo_message,tattoo_bit0,tattoo_bit0,0.0,42.0,,,0.9866076953917687,,False,,1,
p7_multichip_8_43,p7_multichip_8,mc_phase7_multichip.py,phase7_multichip,2026-07-27,1.0,real_bsim_ptm,simulated,False,3.2,0.045,4,4.5,11.86,27.0,,,0.0,,controlled_tattoo_stress,,digital_tattoo_message,tattoo_bit0,tattoo_bit0,0.0,43.0,,,0.9551865527919168,,False,,1,
p7_multichip_8_44,p7_multichip_8,mc_phase7_multichip.py,phase7_multichip,2026-07-27,1.0,real_bsim_ptm,simulated,False,3.2,0.045,4,4.5,11.86,27.0,,,60.0,,controlled_tattoo_stress,,digital_tattoo_message,tattoo_bit1,tattoo_bit1,1.0,44.0,,,0.1816714247268792,,False,,1,
p7_multichip_8_45,p7_multichip_8,mc_phase7_multichip.py,phase7_multichip,2026-07-27,1.0,real_bsim_ptm,simulated,False,3.2,0.045,4,4.5,11.86,27.0,,,0.0,,controlled_tattoo_stress,,digital_tattoo_message,tattoo_bit0,tattoo_bit0,0.0,45.0,,,1.5073842219757065,,False,,1,
p7_multichip_8_46,p7_multichip_8,mc_phase7_multichip.py,phase7_multichip,2026-07-27,1.0,real_bsim_ptm,simulated,False,3.2,0.045,4,4.5,11.86,27.0,,,60.0,,controlled_tattoo_stress,,digital_tattoo_message,tattoo_bit1,tattoo_bit1,1.0,46.0,,,0.20084724659588626,,False,,1,
p7_multichip_8_47,p7_multichip_8,mc_phase7_multichip.py,phase7_multichip,2026-07-27,1.0,real_bsim_ptm,simulated,False,3.2,0.045,4,4.5,11.86,27.0,,,60.0,,controlled_tattoo_stress,,digital_tattoo_message,tattoo_bit1,tattoo_bit1,1.0,47.0,,,0.2535319402518934,,False,,1,
p7_multichip_8_48,p7_multichip_8,mc_phase7_multichip.py,phase7_multichip,2026-07-27,1.0,real_bsim_ptm,simulated,False,3.2,0.045,4,4.5,11.86,27.0,,,60.0,,controlled_tattoo_stress,,digital_tattoo_message,tattoo_bit1,tattoo_bit1,1.0,48.0,,,0.22391403655355197,,False,,1,
p7_multichip_8_49,p7_multichip_8,mc_phase7_multichip.py,phase7_multichip,2026-07-27,1.0,real_bsim_ptm,simulated,False,3.2,0.045,4,4.5,11.86,27.0,,,0.0,,controlled_tattoo_stress,,digital_tattoo_message,tattoo_bit0,tattoo_bit0,0.0,49.0,,,1.3184152210858633,,False,,1,
p7_multichip_8_50,p7_multichip_8,mc_phase7_multichip.py,phase7_multichip,2026-07-27,1.0,real_bsim_ptm,simulated,False,3.2,0.045,4,4.5,11.86,27.0,,,60.0,,controlled_tattoo_stress,,digital_tattoo_message,tattoo_bit1,tattoo_bit1,1.0,50.0,,,0.28576143185523845,,False,,1,
p7_multichip_8_51,p7_multichip_8,mc_phase7_multichip.py,phase7_multichip,2026-07-27,1.0,real_bsim_ptm,simulated,False,3.2,0.045,4,4.5,11.86,27.0,,,60.0,,controlled_tattoo_stress,,digital_tattoo_message,tattoo_bit1,tattoo_bit1,1.0,51.0,,,0.2229585743175128,,False,,1,
p7_multichip_8_52,p7_multichip_8,mc_phase7_multichip.py,phase7_multichip,2026-07-27,1.0,real_bsim_ptm,simulated,False,3.2,0.045,4,4.5,11.86,27.0,,,0.0,,controlled_tattoo_stress,,digital_tattoo_message,tattoo_bit0,tattoo_bit0,0.0,52.0,,,0.8311944391463008,,False,,1,
p7_multichip_8_53,p7_multichip_8,mc_phase7_multichip.py,phase7_multichip,2026-07-27,1.0,real_bsim_ptm,simulated,False,3.2,0.045,4,4.5,11.86,27.0,,,60.0,,controlled_tattoo_stress,,digital_tattoo_message,tattoo_bit1,tattoo_bit1,1.0,53.0,,,0.1865856499102629,,False,,1,
p7_multichip_8_54,p7_multichip_8,mc_phase7_multichip.py,phase7_multichip,2026-07-27,1.0,real_bsim_ptm,simulated,False,3.2,0.045,4,4.5,11.86,27.0,,,60.0,,controlled_tattoo_stress,,digital_tattoo_message,tattoo_bit1,tattoo_bit1,1.0,54.0,,,0.22772310717505262,,False,,1,
p7_multichip_8_55,p7_multichip_8,mc_phase7_multichip.py,phase7_multichip,2026-07-27,1.0,real_bsim_ptm,simulated,False,3.2,0.045,4,4.5,11.86,27.0,,,60.0,,controlled_tattoo_stress,,digital_tattoo_message,tattoo_bit1,tattoo_bit1,1.0,55.0,,,0.1971925148764666,,False,,1,
p7_multichip_8_56,p7_multichip_8,mc_phase7_multichip.py,phase7_multichip,2026-07-27,1.0,real_bsim_ptm,simulated,False,3.2,0.045,4,4.5,11.86,27.0,,,60.0,,controlled_tattoo_stress,,digital_tattoo_message,tattoo_bit1,tattoo_bit1,1.0,56.0,,,0.2666537151474062,,False,,1,
p7_multichip_8_57,p7_multichip_8,mc_phase7_multichip.py,phase7_multichip,2026-07-27,1.0,real_bsim_ptm,simulated,False,3.2,0.045,4,4.5,11.86,27.0,,,60.0,,controlled_tattoo_stress,,digital_tattoo_message,tattoo_bit1,tattoo_bit1,1.0,57.0,,,0.17085536825698286,,False,,1,
p7_multichip_8_58,p7_multichip_8,mc_phase7_multichip.py,phase7_multichip,2026-07-27,1.0,real_bsim_ptm,simulated,False,3.2,0.045,4,4.5,11.86,27.0,,,0.0,,controlled_tattoo_stress,,digital_tattoo_message,tattoo_bit0,tattoo_bit0,0.0,58.0,,,1.0278565332798337,,False,,1,
p7_multichip_8_59,p7_multichip_8,mc_phase7_multichip.py,phase7_multichip,2026-07-27,1.0,real_bsim_ptm,simulated,False,3.2,0.045,4,4.5,11.86,27.0,,,0.0,,controlled_tattoo_stress,,digital_tattoo_message,tattoo_bit0,tattoo_bit0,0.0,59.0,,,1.1620991670834568,,False,,1,
p7_multichip_8_60,p7_multichip_8,mc_phase7_multichip.py,phase7_multichip,2026-07-27,1.0,real_bsim_ptm,simulated,False,3.2,0.045,4,4.5,11.86,27.0,,,60.0,,controlled_tattoo_stress,,digital_tattoo_message,tattoo_bit1,tattoo_bit1,1.0,60.0,,,0.26737233793967785,,False,,1,
p7_multichip_8_61,p7_multichip_8,mc_phase7_multichip.py,phase7_multichip,2026-07-27,1.0,real_bsim_ptm,simulated,False,3.2,0.045,4,4.5,11.86,27.0,,,0.0,,controlled_tattoo_stress,,digital_tattoo_message,tattoo_bit0,tattoo_bit0,0.0,61.0,,,1.0250714511819594,,False,,1,
p7_multichip_8_62,p7_multichip_8,mc_phase7_multichip.py,phase7_multichip,2026-07-27,1.0,real_bsim_ptm,simulated,False,3.2,0.045,4,4.5,11.86,27.0,,,0.0,,controlled_tattoo_stress,,digital_tattoo_message,tattoo_bit0,tattoo_bit0,0.0,62.0,,,0.9811248932584006,,False,,1,
p7_multichip_8_63,p7_multichip_8,mc_phase7_multichip.py,phase7_multichip,2026-07-27,1.0,real_bsim_ptm,simulated,False,3.2,0.045,4,4.5,11.86,27.0,,,0.0,,controlled_tattoo_stress,,digital_tattoo_message,tattoo_bit0,tattoo_bit0,0.0,63.0,,,1.173351633211954,,False,,1,
p7_multichip_9_0,p7_multichip_9,mc_phase7_multichip.py,phase7_multichip,2026-07-27,1.0,real_bsim_ptm,simulated,False,3.2,0.045,4,4.5,11.86,27.0,,,60.0,,controlled_tattoo_stress,,digital_tattoo_message,tattoo_bit1,tattoo_bit1,1.0,0.0,,,0.17679593750207737,,False,,1,
p7_multichip_9_1,p7_multichip_9,mc_phase7_multichip.py,phase7_multichip,2026-07-27,1.0,real_bsim_ptm,simulated,False,3.2,0.045,4,4.5,11.86,27.0,,,60.0,,controlled_tattoo_stress,,digital_tattoo_message,tattoo_bit1,tattoo_bit1,1.0,1.0,,,0.27698365662942437,,False,,1,
p7_multichip_9_2,p7_multichip_9,mc_phase7_multichip.py,phase7_multichip,2026-07-27,1.0,real_bsim_ptm,simulated,False,3.2,0.045,4,4.5,11.86,27.0,,,0.0,,controlled_tattoo_stress,,digital_tattoo_message,tattoo_bit0,tattoo_bit0,0.0,2.0,,,0.8177576058751891,,False,,1,
p7_multichip_9_3,p7_multichip_9,mc_phase7_multichip.py,phase7_multichip,2026-07-27,1.0,real_bsim_ptm,simulated,False,3.2,0.045,4,4.5,11.86,27.0,,,60.0,,controlled_tattoo_stress,,digital_tattoo_message,tattoo_bit1,tattoo_bit1,1.0,3.0,,,0.16215073806688465,,False,,1,
p7_multichip_9_4,p7_multichip_9,mc_phase7_multichip.py,phase7_multichip,2026-07-27,1.0,real_bsim_ptm,simulated,False,3.2,0.045,4,4.5,11.86,27.0,,,0.0,,controlled_tattoo_stress,,digital_tattoo_message,tattoo_bit0,tattoo_bit0,0.0,4.0,,,1.4121086830657996,,False,,1,
p7_multichip_9_5,p7_multichip_9,mc_phase7_multichip.py,phase7_multichip,2026-07-27,1.0,real_bsim_ptm,simulated,False,3.2,0.045,4,4.5,11.86,27.0,,,60.0,,controlled_tattoo_stress,,digital_tattoo_message,tattoo_bit1,tattoo_bit1,1.0,5.0,,,0.23069249361038596,,False,,1,
p7_multichip_9_6,p7_multichip_9,mc_phase7_multichip.py,phase7_multichip,2026-07-27,1.0,real_bsim_ptm,simulated,False,3.2,0.045,4,4.5,11.86,27.0,,,60.0,,controlled_tattoo_stress,,digital_tattoo_message,tattoo_bit1,tattoo_bit1,1.0,6.0,,,0.18930114716459864,,False,,1,
p7_multichip_9_7,p7_multichip_9,mc_phase7_multichip.py,phase7_multichip,2026-07-27,1.0,real_bsim_ptm,simulated,False,3.2,0.045,4,4.5,11.86,27.0,,,60.0,,controlled_tattoo_stress,,digital_tattoo_message,tattoo_bit1,tattoo_bit1,1.0,7.0,,,0.2430702245124679,,False,,1,
p7_multichip_9_8,p7_multichip_9,mc_phase7_multichip.py,phase7_multichip,2026-07-27,1.0,real_bsim_ptm,simulated,False,3.2,0.045,4,4.5,11.86,27.0,,,0.0,,controlled_tattoo_stress,,digital_tattoo_message,tattoo_bit0,tattoo_bit0,0.0,8.0,,,1.6066275074449208,,False,,1,
p7_multichip_9_9,p7_multichip_9,mc_phase7_multichip.py,phase7_multichip,2026-07-27,1.0,real_bsim_ptm,simulated,False,3.2,0.045,4,4.5,11.86,27.0,,,0.0,,controlled_tattoo_stress,,digital_tattoo_message,tattoo_bit0,tattoo_bit0,0.0,9.0,,,0.8780250874112873,,False,,1,
p7_multichip_9_10,p7_multichip_9,mc_phase7_multichip.py,phase7_multichip,2026-07-27,1.0,real_bsim_ptm,simulated,False,3.2,0.045,4,4.5,11.86,27.0,,,60.0,,controlled_tattoo_stress,,digital_tattoo_message,tattoo_bit1,tattoo_bit1,1.0,10.0,,,0.2510335647141436,,False,,1,
p7_multichip_9_11,p7_multichip_9,mc_phase7_multichip.py,phase7_multichip,2026-07-27,1.0,real_bsim_ptm,simulated,False,3.2,0.045,4,4.5,11.86,27.0,,,0.0,,controlled_tattoo_stress,,digital_tattoo_message,tattoo_bit0,tattoo_bit0,0.0,11.0,,,1.1763842722349929,,False,,1,
p7_multichip_9_12,p7_multichip_9,mc_phase7_multichip.py,phase7_multichip,2026-07-27,1.0,real_bsim_ptm,simulated,False,3.2,0.045,4,4.5,11.86,27.0,,,0.0,,controlled_tattoo_stress,,digital_tattoo_message,tattoo_bit0,tattoo_bit0,0.0,12.0,,,0.8347907953122745,,False,,1,
p7_multichip_9_13,p7_multichip_9,mc_phase7_multichip.py,phase7_multichip,2026-07-27,1.0,real_bsim_ptm,simulated,False,3.2,0.045,4,4.5,11.86,27.0,,,0.0,,controlled_tattoo_stress,,digital_tattoo_message,tattoo_bit0,tattoo_bit0,0.0,13.0,,,0.8387047939723518,,False,,1,
p7_multichip_9_14,p7_multichip_9,mc_phase7_multichip.py,phase7_multichip,2026-07-27,1.0,real_bsim_ptm,simulated,False,3.2,0.045,4,4.5,11.86,27.0,,,0.0,,controlled_tattoo_stress,,digital_tattoo_message,tattoo_bit0,tattoo_bit0,0.0,14.0,,,0.8948343770373863,,False,,1,
p7_multichip_9_15,p7_multichip_9,mc_phase7_multichip.py,phase7_multichip,2026-07-27,1.0,real_bsim_ptm,simulated,False,3.2,0.045,4,4.5,11.86,27.0,,,0.0,,controlled_tattoo_stress,,digital_tattoo_message,tattoo_bit0,tattoo_bit0,0.0,15.0,,,0.9599055184983724,,False,,1,
p7_multichip_9_16,p7_multichip_9,mc_phase7_multichip.py,phase7_multichip,2026-07-27,1.0,real_bsim_ptm,simulated,False,3.2,0.045,4,4.5,11.86,27.0,,,60.0,,controlled_tattoo_stress,,digital_tattoo_message,tattoo_bit1,tattoo_bit1,1.0,16.0,,,0.1881335332811972,,False,,1,
p7_multichip_9_17,p7_multichip_9,mc_phase7_multichip.py,phase7_multichip,2026-07-27,1.0,real_bsim_ptm,simulated,False,3.2,0.045,4,4.5,11.86,27.0,,,60.0,,controlled_tattoo_stress,,digital_tattoo_message,tattoo_bit1,tattoo_bit1,1.0,17.0,,,0.23185117928948917,,False,,1,
p7_multichip_9_18,p7_multichip_9,mc_phase7_multichip.py,phase7_multichip,2026-07-27,1.0,real_bsim_ptm,simulated,False,3.2,0.045,4,4.5,11.86,27.0,,,0.0,,controlled_tattoo_stress,,digital_tattoo_message,tattoo_bit0,tattoo_bit0,0.0,18.0,,,1.0658443514594347,,False,,1,
p7_multichip_9_19,p7_multichip_9,mc_phase7_multichip.py,phase7_multichip,2026-07-27,1.0,real_bsim_ptm,simulated,False,3.2,0.045,4,4.5,11.86,27.0,,,60.0,,controlled_tattoo_stress,,digital_tattoo_message,tattoo_bit1,tattoo_bit1,1.0,19.0,,,0.2044783076373867,,False,,1,
p7_multichip_9_20,p7_multichip_9,mc_phase7_multichip.py,phase7_multichip,2026-07-27,1.0,real_bsim_ptm,simulated,False,3.2,0.045,4,4.5,11.86,27.0,,,60.0,,controlled_tattoo_stress,,digital_tattoo_message,tattoo_bit1,tattoo_bit1,1.0,20.0,,,0.1847839277658844,,False,,1,
p7_multichip_9_21,p7_multichip_9,mc_phase7_multichip.py,phase7_multichip,2026-07-27,1.0,real_bsim_ptm,simulated,False,3.2,0.045,4,4.5,11.86,27.0,,,60.0,,controlled_tattoo_stress,,digital_tattoo_message,tattoo_bit1,tattoo_bit1,1.0,21.0,,,0.17340036084437632,,False,,1,
p7_multichip_9_22,p7_multichip_9,mc_phase7_multichip.py,phase7_multichip,2026-07-27,1.0,real_bsim_ptm,simulated,False,3.2,0.045,4,4.5,11.86,27.0,,,0.0,,controlled_tattoo_stress,,digital_tattoo_message,tattoo_bit0,tattoo_bit0,0.0,22.0,,,0.8737312861362898,,False,,1,
p7_multichip_9_23,p7_multichip_9,mc_phase7_multichip.py,phase7_multichip,2026-07-27,1.0,real_bsim_ptm,simulated,False,3.2,0.045,4,4.5,11.86,27.0,,,60.0,,controlled_tattoo_stress,,digital_tattoo_message,tattoo_bit1,tattoo_bit1,1.0,23.0,,,0.2307024130168967,,False,,1,
p7_multichip_9_24,p7_multichip_9,mc_phase7_multichip.py,phase7_multichip,2026-07-27,1.0,real_bsim_ptm,simulated,False,3.2,0.045,4,4.5,11.86,27.0,,,60.0,,controlled_tattoo_stress,,digital_tattoo_message,tattoo_bit1,tattoo_bit1,1.0,24.0,,,0.24860570959714803,,False,,1,
p7_multichip_9_25,p7_multichip_9,mc_phase7_multichip.py,phase7_multichip,2026-07-27,1.0,real_bsim_ptm,simulated,False,3.2,0.045,4,4.5,11.86,27.0,,,60.0,,controlled_tattoo_stress,,digital_tattoo_message,tattoo_bit1,tattoo_bit1,1.0,25.0,,,0.25440686930980816,,False,,1,
p7_multichip_9_26,p7_multichip_9,mc_phase7_multichip.py,phase7_multichip,2026-07-27,1.0,real_bsim_ptm,simulated,False,3.2,0.045,4,4.5,11.86,27.0,,,60.0,,controlled_tattoo_stress,,digital_tattoo_message,tattoo_bit1,tattoo_bit1,1.0,26.0,,,0.1577622844208344,,False,,1,
p7_multichip_9_27,p7_multichip_9,mc_phase7_multichip.py,phase7_multichip,2026-07-27,1.0,real_bsim_ptm,simulated,False,3.2,0.045,4,4.5,11.86,27.0,,,0.0,,controlled_tattoo_stress,,digital_tattoo_message,tattoo_bit0,tattoo_bit0,0.0,27.0,,,1.3481642006360606,,False,,1,
p7_multichip_9_28,p7_multichip_9,mc_phase7_multichip.py,phase7_multichip,2026-07-27,1.0,real_bsim_ptm,simulated,False,3.2,0.045,4,4.5,11.86,27.0,,,60.0,,controlled_tattoo_stress,,digital_tattoo_message,tattoo_bit1,tattoo_bit1,1.0,28.0,,,0.26184697464271095,,False,,1,
p7_multichip_9_29,p7_multichip_9,mc_phase7_multichip.py,phase7_multichip,2026-07-27,1.0,real_bsim_ptm,simulated,False,3.2,0.045,4,4.5,11.86,27.0,,,0.0,,controlled_tattoo_stress,,digital_tattoo_message,tattoo_bit0,tattoo_bit0,0.0,29.0,,,0.82548796365997,,False,,1,
p7_multichip_9_30,p7_multichip_9,mc_phase7_multichip.py,phase7_multichip,2026-07-27,1.0,real_bsim_ptm,simulated,False,3.2,0.045,4,4.5,11.86,27.0,,,0.0,,controlled_tattoo_stress,,digital_tattoo_message,tattoo_bit0,tattoo_bit0,0.0,30.0,,,1.2969272047345255,,False,,1,
p7_multichip_9_31,p7_multichip_9,mc_phase7_multichip.py,phase7_multichip,2026-07-27,1.0,real_bsim_ptm,simulated,False,3.2,0.045,4,4.5,11.86,27.0,,,0.0,,controlled_tattoo_stress,,digital_tattoo_message,tattoo_bit0,tattoo_bit0,0.0,31.0,,,1.1917192878124818,,False,,1,
p7_multichip_9_32,p7_multichip_9,mc_phase7_multichip.py,phase7_multichip,2026-07-27,1.0,real_bsim_ptm,simulated,False,3.2,0.045,4,4.5,11.86,27.0,,,60.0,,controlled_tattoo_stress,,digital_tattoo_message,tattoo_bit1,tattoo_bit1,1.0,32.0,,,0.24720554842893894,,False,,1,
p7_multichip_9_33,p7_multichip_9,mc_phase7_multichip.py,phase7_multichip,2026-07-27,1.0,real_bsim_ptm,simulated,False,3.2,0.045,4,4.5,11.86,27.0,,,0.0,,controlled_tattoo_stress,,digital_tattoo_message,tattoo_bit0,tattoo_bit0,0.0,33.0,,,0.9860972970877301,,False,,1,
p7_multichip_9_34,p7_multichip_9,mc_phase7_multichip.py,phase7_multichip,2026-07-27,1.0,real_bsim_ptm,simulated,False,3.2,0.045,4,4.5,11.86,27.0,,,60.0,,controlled_tattoo_stress,,digital_tattoo_message,tattoo_bit1,tattoo_bit1,1.0,34.0,,,0.14165437348157758,,False,,1,
p7_multichip_9_35,p7_multichip_9,mc_phase7_multichip.py,phase7_multichip,2026-07-27,1.0,real_bsim_ptm,simulated,False,3.2,0.045,4,4.5,11.86,27.0,,,60.0,,controlled_tattoo_stress,,digital_tattoo_message,tattoo_bit1,tattoo_bit1,1.0,35.0,,,0.18930058809466777,,False,,1,
p7_multichip_9_36,p7_multichip_9,mc_phase7_multichip.py,phase7_multichip,2026-07-27,1.0,real_bsim_ptm,simulated,False,3.2,0.045,4,4.5,11.86,27.0,,,60.0,,controlled_tattoo_stress,,digital_tattoo_message,tattoo_bit1,tattoo_bit1,1.0,36.0,,,0.3260369083560303,,False,,1,
p7_multichip_9_37,p7_multichip_9,mc_phase7_multichip.py,phase7_multichip,2026-07-27,1.0,real_bsim_ptm,simulated,False,3.2,0.045,4,4.5,11.86,27.0,,,60.0,,controlled_tattoo_stress,,digital_tattoo_message,tattoo_bit1,tattoo_bit1,1.0,37.0,,,0.20468072718536545,,False,,1,
p7_multichip_9_38,p7_multichip_9,mc_phase7_multichip.py,phase7_multichip,2026-07-27,1.0,real_bsim_ptm,simulated,False,3.2,0.045,4,4.5,11.86,27.0,,,60.0,,controlled_tattoo_stress,,digital_tattoo_message,tattoo_bit1,tattoo_bit1,1.0,38.0,,,0.19736822354902966,,False,,1,
p7_multichip_9_39,p7_multichip_9,mc_phase7_multichip.py,phase7_multichip,2026-07-27,1.0,real_bsim_ptm,simulated,False,3.2,0.045,4,4.5,11.86,27.0,,,0.0,,controlled_tattoo_stress,,digital_tattoo_message,tattoo_bit0,tattoo_bit0,0.0,39.0,,,0.739378851538983,,False,,1,
p7_multichip_9_40,p7_multichip_9,mc_phase7_multichip.py,phase7_multichip,2026-07-27,1.0,real_bsim_ptm,simulated,False,3.2,0.045,4,4.5,11.86,27.0,,,0.0,,controlled_tattoo_stress,,digital_tattoo_message,tattoo_bit0,tattoo_bit0,0.0,40.0,,,1.2174119286424168,,False,,1,
p7_multichip_9_41,p7_multichip_9,mc_phase7_multichip.py,phase7_multichip,2026-07-27,1.0,real_bsim_ptm,simulated,False,3.2,0.045,4,4.5,11.86,27.0,,,60.0,,controlled_tattoo_stress,,digital_tattoo_message,tattoo_bit1,tattoo_bit1,1.0,41.0,,,0.19132243185718817,,False,,1,
p7_multichip_9_42,p7_multichip_9,mc_phase7_multichip.py,phase7_multichip,2026-07-27,1.0,real_bsim_ptm,simulated,False,3.2,0.045,4,4.5,11.86,27.0,,,60.0,,controlled_tattoo_stress,,digital_tattoo_message,tattoo_bit1,tattoo_bit1,1.0,42.0,,,0.18970758220616346,,False,,1,
p7_multichip_9_43,p7_multichip_9,mc_phase7_multichip.py,phase7_multichip,2026-07-27,1.0,real_bsim_ptm,simulated,False,3.2,0.045,4,4.5,11.86,27.0,,,0.0,,controlled_tattoo_stress,,digital_tattoo_message,tattoo_bit0,tattoo_bit0,0.0,43.0,,,0.7256916641012542,,False,,1,
p7_multichip_9_44,p7_multichip_9,mc_phase7_multichip.py,phase7_multichip,2026-07-27,1.0,real_bsim_ptm,simulated,False,3.2,0.045,4,4.5,11.86,27.0,,,0.0,,controlled_tattoo_stress,,digital_tattoo_message,tattoo_bit0,tattoo_bit0,0.0,44.0,,,0.8156258427901839,,False,,1,
p7_multichip_9_45,p7_multichip_9,mc_phase7_multichip.py,phase7_multichip,2026-07-27,1.0,real_bsim_ptm,simulated,False,3.2,0.045,4,4.5,11.86,27.0,,,60.0,,controlled_tattoo_stress,,digital_tattoo_message,tattoo_bit1,tattoo_bit1,1.0,45.0,,,0.1954626605242086,,False,,1,
p7_multichip_9_46,p7_multichip_9,mc_phase7_multichip.py,phase7_multichip,2026-07-27,1.0,real_bsim_ptm,simulated,False,3.2,0.045,4,4.5,11.86,27.0,,,60.0,,controlled_tattoo_stress,,digital_tattoo_message,tattoo_bit1,tattoo_bit1,1.0,46.0,,,0.2531267401608336,,False,,1,
p7_multichip_9_47,p7_multichip_9,mc_phase7_multichip.py,phase7_multichip,2026-07-27,1.0,real_bsim_ptm,simulated,False,3.2,0.045,4,4.5,11.86,27.0,,,60.0,,controlled_tattoo_stress,,digital_tattoo_message,tattoo_bit1,tattoo_bit1,1.0,47.0,,,0.2090545684166013,,False,,1,
p7_multichip_9_48,p7_multichip_9,mc_phase7_multichip.py,phase7_multichip,2026-07-27,1.0,real_bsim_ptm,simulated,False,3.2,0.045,4,4.5,11.86,27.0,,,60.0,,controlled_tattoo_stress,,digital_tattoo_message,tattoo_bit1,tattoo_bit1,1.0,48.0,,,0.154065763618861,,False,,1,
p7_multichip_9_49,p7_multichip_9,mc_phase7_multichip.py,phase7_multichip,2026-07-27,1.0,real_bsim_ptm,simulated,False,3.2,0.045,4,4.5,11.86,27.0,,,60.0,,controlled_tattoo_stress,,digital_tattoo_message,tattoo_bit1,tattoo_bit1,1.0,49.0,,,0.22213211710536115,,False,,1,
p7_multichip_9_50,p7_multichip_9,mc_phase7_multichip.py,phase7_multichip,2026-07-27,1.0,real_bsim_ptm,simulated,False,3.2,0.045,4,4.5,11.86,27.0,,,60.0,,controlled_tattoo_stress,,digital_tattoo_message,tattoo_bit1,tattoo_bit1,1.0,50.0,,,0.1625103898746036,,False,,1,
p7_multichip_9_51,p7_multichip_9,mc_phase7_multichip.py,phase7_multichip,2026-07-27,1.0,real_bsim_ptm,simulated,False,3.2,0.045,4,4.5,11.86,27.0,,,60.0,,controlled_tattoo_stress,,digital_tattoo_message,tattoo_bit1,tattoo_bit1,1.0,51.0,,,0.17921375340456305,,False,,1,
p7_multichip_9_52,p7_multichip_9,mc_phase7_multichip.py,phase7_multichip,2026-07-27,1.0,real_bsim_ptm,simulated,False,3.2,0.045,4,4.5,11.86,27.0,,,60.0,,controlled_tattoo_stress,,digital_tattoo_message,tattoo_bit1,tattoo_bit1,1.0,52.0,,,0.18127914667261316,,False,,1,
p7_multichip_9_53,p7_multichip_9,mc_phase7_multichip.py,phase7_multichip,2026-07-27,1.0,real_bsim_ptm,simulated,False,3.2,0.045,4,4.5,11.86,27.0,,,0.0,,controlled_tattoo_stress,,digital_tattoo_message,tattoo_bit0,tattoo_bit0,0.0,53.0,,,0.9381219302093046,,False,,1,
p7_multichip_9_54,p7_multichip_9,mc_phase7_multichip.py,phase7_multichip,2026-07-27,1.0,real_bsim_ptm,simulated,False,3.2,0.045,4,4.5,11.86,27.0,,,0.0,,controlled_tattoo_stress,,digital_tattoo_message,tattoo_bit0,tattoo_bit0,0.0,54.0,,,0.9236732117722104,,False,,1,
p7_multichip_9_55,p7_multichip_9,mc_phase7_multichip.py,phase7_multichip,2026-07-27,1.0,real_bsim_ptm,simulated,False,3.2,0.045,4,4.5,11.86,27.0,,,0.0,,controlled_tattoo_stress,,digital_tattoo_message,tattoo_bit0,tattoo_bit0,0.0,55.0,,,1.271727860005256,,False,,1,
p7_multichip_9_56,p7_multichip_9,mc_phase7_multichip.py,phase7_multichip,2026-07-27,1.0,real_bsim_ptm,simulated,False,3.2,0.045,4,4.5,11.86,27.0,,,60.0,,controlled_tattoo_stress,,digital_tattoo_message,tattoo_bit1,tattoo_bit1,1.0,56.0,,,0.2663959592435154,,False,,1,
p7_multichip_9_57,p7_multichip_9,mc_phase7_multichip.py,phase7_multichip,2026-07-27,1.0,real_bsim_ptm,simulated,False,3.2,0.045,4,4.5,11.86,27.0,,,0.0,,controlled_tattoo_stress,,digital_tattoo_message,tattoo_bit0,tattoo_bit0,0.0,57.0,,,0.8021958874536286,,False,,1,
p7_multichip_9_58,p7_multichip_9,mc_phase7_multichip.py,phase7_multichip,2026-07-27,1.0,real_bsim_ptm,simulated,False,3.2,0.045,4,4.5,11.86,27.0,,,0.0,,controlled_tattoo_stress,,digital_tattoo_message,tattoo_bit0,tattoo_bit0,0.0,58.0,,,1.1616325894822754,,False,,1,
p7_multichip_9_59,p7_multichip_9,mc_phase7_multichip.py,phase7_multichip,2026-07-27,1.0,real_bsim_ptm,simulated,False,3.2,0.045,4,4.5,11.86,27.0,,,0.0,,controlled_tattoo_stress,,digital_tattoo_message,tattoo_bit0,tattoo_bit0,0.0,59.0,,,1.1058436244780525,,False,,1,
p7_multichip_9_60,p7_multichip_9,mc_phase7_multichip.py,phase7_multichip,2026-07-27,1.0,real_bsim_ptm,simulated,False,3.2,0.045,4,4.5,11.86,27.0,,,60.0,,controlled_tattoo_stress,,digital_tattoo_message,tattoo_bit1,tattoo_bit1,1.0,60.0,,,0.2541591392451867,,False,,1,
p7_multichip_9_61,p7_multichip_9,mc_phase7_multichip.py,phase7_multichip,2026-07-27,1.0,real_bsim_ptm,simulated,False,3.2,0.045,4,4.5,11.86,27.0,,,60.0,,controlled_tattoo_stress,,digital_tattoo_message,tattoo_bit1,tattoo_bit1,1.0,61.0,,,0.20163294351898509,,False,,1,
p7_multichip_9_62,p7_multichip_9,mc_phase7_multichip.py,phase7_multichip,2026-07-27,1.0,real_bsim_ptm,simulated,False,3.2,0.045,4,4.5,11.86,27.0,,,60.0,,controlled_tattoo_stress,,digital_tattoo_message,tattoo_bit1,tattoo_bit1,1.0,62.0,,,0.17453959991954393,,False,,1,
p7_multichip_9_63,p7_multichip_9,mc_phase7_multichip.py,phase7_multichip,2026-07-27,1.0,real_bsim_ptm,simulated,False,3.2,0.045,4,4.5,11.86,27.0,,,60.0,,controlled_tattoo_stress,,digital_tattoo_message,tattoo_bit1,tattoo_bit1,1.0,63.0,,,0.21539003148464725,,False,,1,
p7_multichip_10_0,p7_multichip_10,mc_phase7_multichip.py,phase7_multichip,2026-07-27,1.0,real_bsim_ptm,simulated,False,3.2,0.045,4,4.5,11.86,27.0,,,0.0,,controlled_tattoo_stress,,digital_tattoo_message,tattoo_bit0,tattoo_bit0,0.0,0.0,,,0.942382143504835,,False,,1,
p7_multichip_10_1,p7_multichip_10,mc_phase7_multichip.py,phase7_multichip,2026-07-27,1.0,real_bsim_ptm,simulated,False,3.2,0.045,4,4.5,11.86,27.0,,,60.0,,controlled_tattoo_stress,,digital_tattoo_message,tattoo_bit1,tattoo_bit1,1.0,1.0,,,0.28523019739519195,,False,,1,
p7_multichip_10_2,p7_multichip_10,mc_phase7_multichip.py,phase7_multichip,2026-07-27,1.0,real_bsim_ptm,simulated,False,3.2,0.045,4,4.5,11.86,27.0,,,0.0,,controlled_tattoo_stress,,digital_tattoo_message,tattoo_bit0,tattoo_bit0,0.0,2.0,,,1.1345516025597622,,False,,1,
p7_multichip_10_3,p7_multichip_10,mc_phase7_multichip.py,phase7_multichip,2026-07-27,1.0,real_bsim_ptm,simulated,False,3.2,0.045,4,4.5,11.86,27.0,,,0.0,,controlled_tattoo_stress,,digital_tattoo_message,tattoo_bit0,tattoo_bit0,0.0,3.0,,,1.1192017724611312,,False,,1,
p7_multichip_10_4,p7_multichip_10,mc_phase7_multichip.py,phase7_multichip,2026-07-27,1.0,real_bsim_ptm,simulated,False,3.2,0.045,4,4.5,11.86,27.0,,,60.0,,controlled_tattoo_stress,,digital_tattoo_message,tattoo_bit1,tattoo_bit1,1.0,4.0,,,0.2730611140698114,,False,,1,
p7_multichip_10_5,p7_multichip_10,mc_phase7_multichip.py,phase7_multichip,2026-07-27,1.0,real_bsim_ptm,simulated,False,3.2,0.045,4,4.5,11.86,27.0,,,0.0,,controlled_tattoo_stress,,digital_tattoo_message,tattoo_bit0,tattoo_bit0,0.0,5.0,,,0.8545499142510617,,False,,1,
p7_multichip_10_6,p7_multichip_10,mc_phase7_multichip.py,phase7_multichip,2026-07-27,1.0,real_bsim_ptm,simulated,False,3.2,0.045,4,4.5,11.86,27.0,,,0.0,,controlled_tattoo_stress,,digital_tattoo_message,tattoo_bit0,tattoo_bit0,0.0,6.0,,,1.0946586772183244,,False,,1,
p7_multichip_10_7,p7_multichip_10,mc_phase7_multichip.py,phase7_multichip,2026-07-27,1.0,real_bsim_ptm,simulated,False,3.2,0.045,4,4.5,11.86,27.0,,,0.0,,controlled_tattoo_stress,,digital_tattoo_message,tattoo_bit0,tattoo_bit0,0.0,7.0,,,0.8550584442838242,,False,,1,
p7_multichip_10_8,p7_multichip_10,mc_phase7_multichip.py,phase7_multichip,2026-07-27,1.0,real_bsim_ptm,simulated,False,3.2,0.045,4,4.5,11.86,27.0,,,0.0,,controlled_tattoo_stress,,digital_tattoo_message,tattoo_bit0,tattoo_bit0,0.0,8.0,,,0.9037021844950942,,False,,1,
p7_multichip_10_9,p7_multichip_10,mc_phase7_multichip.py,phase7_multichip,2026-07-27,1.0,real_bsim_ptm,simulated,False,3.2,0.045,4,4.5,11.86,27.0,,,0.0,,controlled_tattoo_stress,,digital_tattoo_message,tattoo_bit0,tattoo_bit0,0.0,9.0,,,0.9929441828057668,,False,,1,
p7_multichip_10_10,p7_multichip_10,mc_phase7_multichip.py,phase7_multichip,2026-07-27,1.0,real_bsim_ptm,simulated,False,3.2,0.045,4,4.5,11.86,27.0,,,60.0,,controlled_tattoo_stress,,digital_tattoo_message,tattoo_bit1,tattoo_bit1,1.0,10.0,,,0.16903630705898726,,False,,1,
p7_multichip_10_11,p7_multichip_10,mc_phase7_multichip.py,phase7_multichip,2026-07-27,1.0,real_bsim_ptm,simulated,False,3.2,0.045,4,4.5,11.86,27.0,,,60.0,,controlled_tattoo_stress,,digital_tattoo_message,tattoo_bit1,tattoo_bit1,1.0,11.0,,,0.19567491909432566,,False,,1,
p7_multichip_10_12,p7_multichip_10,mc_phase7_multichip.py,phase7_multichip,2026-07-27,1.0,real_bsim_ptm,simulated,False,3.2,0.045,4,4.5,11.86,27.0,,,0.0,,controlled_tattoo_stress,,digital_tattoo_message,tattoo_bit0,tattoo_bit0,0.0,12.0,,,0.9528397923609565,,False,,1,
p7_multichip_10_13,p7_multichip_10,mc_phase7_multichip.py,phase7_multichip,2026-07-27,1.0,real_bsim_ptm,simulated,False,3.2,0.045,4,4.5,11.86,27.0,,,0.0,,controlled_tattoo_stress,,digital_tattoo_message,tattoo_bit0,tattoo_bit0,0.0,13.0,,,1.3800546679746297,,False,,1,
p7_multichip_10_14,p7_multichip_10,mc_phase7_multichip.py,phase7_multichip,2026-07-27,1.0,real_bsim_ptm,simulated,False,3.2,0.045,4,4.5,11.86,27.0,,,60.0,,controlled_tattoo_stress,,digital_tattoo_message,tattoo_bit1,tattoo_bit1,1.0,14.0,,,0.17153742215880266,,False,,1,
p7_multichip_10_15,p7_multichip_10,mc_phase7_multichip.py,phase7_multichip,2026-07-27,1.0,real_bsim_ptm,simulated,False,3.2,0.045,4,4.5,11.86,27.0,,,0.0,,controlled_tattoo_stress,,digital_tattoo_message,tattoo_bit0,tattoo_bit0,0.0,15.0,,,1.027829632071543,,False,,1,
p7_multichip_10_16,p7_multichip_10,mc_phase7_multichip.py,phase7_multichip,2026-07-27,1.0,real_bsim_ptm,simulated,False,3.2,0.045,4,4.5,11.86,27.0,,,60.0,,controlled_tattoo_stress,,digital_tattoo_message,tattoo_bit1,tattoo_bit1,1.0,16.0,,,0.15651693651343726,,False,,1,
p7_multichip_10_17,p7_multichip_10,mc_phase7_multichip.py,phase7_multichip,2026-07-27,1.0,real_bsim_ptm,simulated,False,3.2,0.045,4,4.5,11.86,27.0,,,0.0,,controlled_tattoo_stress,,digital_tattoo_message,tattoo_bit0,tattoo_bit0,0.0,17.0,,,1.0466652020154357,,False,,1,
p7_multichip_10_18,p7_multichip_10,mc_phase7_multichip.py,phase7_multichip,2026-07-27,1.0,real_bsim_ptm,simulated,False,3.2,0.045,4,4.5,11.86,27.0,,,60.0,,controlled_tattoo_stress,,digital_tattoo_message,tattoo_bit1,tattoo_bit1,1.0,18.0,,,0.23413265148818319,,False,,1,
p7_multichip_10_19,p7_multichip_10,mc_phase7_multichip.py,phase7_multichip,2026-07-27,1.0,real_bsim_ptm,simulated,False,3.2,0.045,4,4.5,11.86,27.0,,,0.0,,controlled_tattoo_stress,,digital_tattoo_message,tattoo_bit0,tattoo_bit0,0.0,19.0,,,1.1223440374093052,,False,,1,
p7_multichip_10_20,p7_multichip_10,mc_phase7_multichip.py,phase7_multichip,2026-07-27,1.0,real_bsim_ptm,simulated,False,3.2,0.045,4,4.5,11.86,27.0,,,0.0,,controlled_tattoo_stress,,digital_tattoo_message,tattoo_bit0,tattoo_bit0,0.0,20.0,,,1.3455511978459658,,False,,1,
p7_multichip_10_21,p7_multichip_10,mc_phase7_multichip.py,phase7_multichip,2026-07-27,1.0,real_bsim_ptm,simulated,False,3.2,0.045,4,4.5,11.86,27.0,,,60.0,,controlled_tattoo_stress,,digital_tattoo_message,tattoo_bit1,tattoo_bit1,1.0,21.0,,,0.17692870869268976,,False,,1,
p7_multichip_10_22,p7_multichip_10,mc_phase7_multichip.py,phase7_multichip,2026-07-27,1.0,real_bsim_ptm,simulated,False,3.2,0.045,4,4.5,11.86,27.0,,,60.0,,controlled_tattoo_stress,,digital_tattoo_message,tattoo_bit1,tattoo_bit1,1.0,22.0,,,0.3257840989726182,,False,,1,
p7_multichip_10_23,p7_multichip_10,mc_phase7_multichip.py,phase7_multichip,2026-07-27,1.0,real_bsim_ptm,simulated,False,3.2,0.045,4,4.5,11.86,27.0,,,60.0,,controlled_tattoo_stress,,digital_tattoo_message,tattoo_bit1,tattoo_bit1,1.0,23.0,,,0.2872283019135057,,False,,1,
p7_multichip_10_24,p7_multichip_10,mc_phase7_multichip.py,phase7_multichip,2026-07-27,1.0,real_bsim_ptm,simulated,False,3.2,0.045,4,4.5,11.86,27.0,,,0.0,,controlled_tattoo_stress,,digital_tattoo_message,tattoo_bit0,tattoo_bit0,0.0,24.0,,,1.0008849954817125,,False,,1,
p7_multichip_10_25,p7_multichip_10,mc_phase7_multichip.py,phase7_multichip,2026-07-27,1.0,real_bsim_ptm,simulated,False,3.2,0.045,4,4.5,11.86,27.0,,,0.0,,controlled_tattoo_stress,,digital_tattoo_message,tattoo_bit0,tattoo_bit0,0.0,25.0,,,1.1998108990540879,,False,,1,
p7_multichip_10_26,p7_multichip_10,mc_phase7_multichip.py,phase7_multichip,2026-07-27,1.0,real_bsim_ptm,simulated,False,3.2,0.045,4,4.5,11.86,27.0,,,0.0,,controlled_tattoo_stress,,digital_tattoo_message,tattoo_bit0,tattoo_bit0,0.0,26.0,,,1.2432472933291472,,False,,1,
p7_multichip_10_27,p7_multichip_10,mc_phase7_multichip.py,phase7_multichip,2026-07-27,1.0,real_bsim_ptm,simulated,False,3.2,0.045,4,4.5,11.86,27.0,,,0.0,,controlled_tattoo_stress,,digital_tattoo_message,tattoo_bit0,tattoo_bit0,0.0,27.0,,,0.8454740520212463,,False,,1,
p7_multichip_10_28,p7_multichip_10,mc_phase7_multichip.py,phase7_multichip,2026-07-27,1.0,real_bsim_ptm,simulated,False,3.2,0.045,4,4.5,11.86,27.0,,,60.0,,controlled_tattoo_stress,,digital_tattoo_message,tattoo_bit1,tattoo_bit1,1.0,28.0,,,0.15541284643623235,,False,,1,
p7_multichip_10_29,p7_multichip_10,mc_phase7_multichip.py,phase7_multichip,2026-07-27,1.0,real_bsim_ptm,simulated,False,3.2,0.045,4,4.5,11.86,27.0,,,60.0,,controlled_tattoo_stress,,digital_tattoo_message,tattoo_bit1,tattoo_bit1,1.0,29.0,,,0.14798272992173567,,False,,1,
p7_multichip_10_30,p7_multichip_10,mc_phase7_multichip.py,phase7_multichip,2026-07-27,1.0,real_bsim_ptm,simulated,False,3.2,0.045,4,4.5,11.86,27.0,,,60.0,,controlled_tattoo_stress,,digital_tattoo_message,tattoo_bit1,tattoo_bit1,1.0,30.0,,,0.26778410399631486,,False,,1,
p7_multichip_10_31,p7_multichip_10,mc_phase7_multichip.py,phase7_multichip,2026-07-27,1.0,real_bsim_ptm,simulated,False,3.2,0.045,4,4.5,11.86,27.0,,,60.0,,controlled_tattoo_stress,,digital_tattoo_message,tattoo_bit1,tattoo_bit1,1.0,31.0,,,0.28592788044885586,,False,,1,
p7_multichip_10_32,p7_multichip_10,mc_phase7_multichip.py,phase7_multichip,2026-07-27,1.0,real_bsim_ptm,simulated,False,3.2,0.045,4,4.5,11.86,27.0,,,60.0,,controlled_tattoo_stress,,digital_tattoo_message,tattoo_bit1,tattoo_bit1,1.0,32.0,,,0.19635154831919607,,False,,1,
p7_multichip_10_33,p7_multichip_10,mc_phase7_multichip.py,phase7_multichip,2026-07-27,1.0,real_bsim_ptm,simulated,False,3.2,0.045,4,4.5,11.86,27.0,,,60.0,,controlled_tattoo_stress,,digital_tattoo_message,tattoo_bit1,tattoo_bit1,1.0,33.0,,,0.1564117461844993,,False,,1,
p7_multichip_10_34,p7_multichip_10,mc_phase7_multichip.py,phase7_multichip,2026-07-27,1.0,real_bsim_ptm,simulated,False,3.2,0.045,4,4.5,11.86,27.0,,,0.0,,controlled_tattoo_stress,,digital_tattoo_message,tattoo_bit0,tattoo_bit0,0.0,34.0,,,1.4170799471413251,,False,,1,
p7_multichip_10_35,p7_multichip_10,mc_phase7_multichip.py,phase7_multichip,2026-07-27,1.0,real_bsim_ptm,simulated,False,3.2,0.045,4,4.5,11.86,27.0,,,0.0,,controlled_tattoo_stress,,digital_tattoo_message,tattoo_bit0,tattoo_bit0,0.0,35.0,,,1.0410533584502042,,False,,1,
p7_multichip_10_36,p7_multichip_10,mc_phase7_multichip.py,phase7_multichip,2026-07-27,1.0,real_bsim_ptm,simulated,False,3.2,0.045,4,4.5,11.86,27.0,,,60.0,,controlled_tattoo_stress,,digital_tattoo_message,tattoo_bit1,tattoo_bit1,1.0,36.0,,,0.3765014801391908,,False,,1,
p7_multichip_10_37,p7_multichip_10,mc_phase7_multichip.py,phase7_multichip,2026-07-27,1.0,real_bsim_ptm,simulated,False,3.2,0.045,4,4.5,11.86,27.0,,,60.0,,controlled_tattoo_stress,,digital_tattoo_message,tattoo_bit1,tattoo_bit1,1.0,37.0,,,0.23029394089321592,,False,,1,
p7_multichip_10_38,p7_multichip_10,mc_phase7_multichip.py,phase7_multichip,2026-07-27,1.0,real_bsim_ptm,simulated,False,3.2,0.045,4,4.5,11.86,27.0,,,0.0,,controlled_tattoo_stress,,digital_tattoo_message,tattoo_bit0,tattoo_bit0,0.0,38.0,,,0.9954813448242427,,False,,1,
p7_multichip_10_39,p7_multichip_10,mc_phase7_multichip.py,phase7_multichip,2026-07-27,1.0,real_bsim_ptm,simulated,False,3.2,0.045,4,4.5,11.86,27.0,,,0.0,,controlled_tattoo_stress,,digital_tattoo_message,tattoo_bit0,tattoo_bit0,0.0,39.0,,,1.002322938348283,,False,,1,
p7_multichip_10_40,p7_multichip_10,mc_phase7_multichip.py,phase7_multichip,2026-07-27,1.0,real_bsim_ptm,simulated,False,3.2,0.045,4,4.5,11.86,27.0,,,60.0,,controlled_tattoo_stress,,digital_tattoo_message,tattoo_bit1,tattoo_bit1,1.0,40.0,,,0.17630330710432382,,False,,1,
p7_multichip_10_41,p7_multichip_10,mc_phase7_multichip.py,phase7_multichip,2026-07-27,1.0,real_bsim_ptm,simulated,False,3.2,0.045,4,4.5,11.86,27.0,,,0.0,,controlled_tattoo_stress,,digital_tattoo_message,tattoo_bit0,tattoo_bit0,0.0,41.0,,,1.2412065426220709,,False,,1,
p7_multichip_10_42,p7_multichip_10,mc_phase7_multichip.py,phase7_multichip,2026-07-27,1.0,real_bsim_ptm,simulated,False,3.2,0.045,4,4.5,11.86,27.0,,,60.0,,controlled_tattoo_stress,,digital_tattoo_message,tattoo_bit1,tattoo_bit1,1.0,42.0,,,0.2134547769602336,,False,,1,
p7_multichip_10_43,p7_multichip_10,mc_phase7_multichip.py,phase7_multichip,2026-07-27,1.0,real_bsim_ptm,simulated,False,3.2,0.045,4,4.5,11.86,27.0,,,0.0,,controlled_tattoo_stress,,digital_tattoo_message,tattoo_bit0,tattoo_bit0,0.0,43.0,,,1.0634015859977601,,False,,1,
p7_multichip_10_44,p7_multichip_10,mc_phase7_multichip.py,phase7_multichip,2026-07-27,1.0,real_bsim_ptm,simulated,False,3.2,0.045,4,4.5,11.86,27.0,,,60.0,,controlled_tattoo_stress,,digital_tattoo_message,tattoo_bit1,tattoo_bit1,1.0,44.0,,,0.19504662971522674,,False,,1,
p7_multichip_10_45,p7_multichip_10,mc_phase7_multichip.py,phase7_multichip,2026-07-27,1.0,real_bsim_ptm,simulated,False,3.2,0.045,4,4.5,11.86,27.0,,,60.0,,controlled_tattoo_stress,,digital_tattoo_message,tattoo_bit1,tattoo_bit1,1.0,45.0,,,0.2512875190594651,,False,,1,
p7_multichip_10_46,p7_multichip_10,mc_phase7_multichip.py,phase7_multichip,2026-07-27,1.0,real_bsim_ptm,simulated,False,3.2,0.045,4,4.5,11.86,27.0,,,60.0,,controlled_tattoo_stress,,digital_tattoo_message,tattoo_bit1,tattoo_bit1,1.0,46.0,,,0.22595087620347837,,False,,1,
p7_multichip_10_47,p7_multichip_10,mc_phase7_multichip.py,phase7_multichip,2026-07-27,1.0,real_bsim_ptm,simulated,False,3.2,0.045,4,4.5,11.86,27.0,,,60.0,,controlled_tattoo_stress,,digital_tattoo_message,tattoo_bit1,tattoo_bit1,1.0,47.0,,,0.21078732031600614,,False,,1,
p7_multichip_10_48,p7_multichip_10,mc_phase7_multichip.py,phase7_multichip,2026-07-27,1.0,real_bsim_ptm,simulated,False,3.2,0.045,4,4.5,11.86,27.0,,,60.0,,controlled_tattoo_stress,,digital_tattoo_message,tattoo_bit1,tattoo_bit1,1.0,48.0,,,0.30493726208446376,,False,,1,
p7_multichip_10_49,p7_multichip_10,mc_phase7_multichip.py,phase7_multichip,2026-07-27,1.0,real_bsim_ptm,simulated,False,3.2,0.045,4,4.5,11.86,27.0,,,0.0,,controlled_tattoo_stress,,digital_tattoo_message,tattoo_bit0,tattoo_bit0,0.0,49.0,,,1.5461775367072774,,False,,1,
p7_multichip_10_50,p7_multichip_10,mc_phase7_multichip.py,phase7_multichip,2026-07-27,1.0,real_bsim_ptm,simulated,False,3.2,0.045,4,4.5,11.86,27.0,,,60.0,,controlled_tattoo_stress,,digital_tattoo_message,tattoo_bit1,tattoo_bit1,1.0,50.0,,,0.23250898898012864,,False,,1,
p7_multichip_10_51,p7_multichip_10,mc_phase7_multichip.py,phase7_multichip,2026-07-27,1.0,real_bsim_ptm,simulated,False,3.2,0.045,4,4.5,11.86,27.0,,,0.0,,controlled_tattoo_stress,,digital_tattoo_message,tattoo_bit0,tattoo_bit0,0.0,51.0,,,0.7718314121894314,,False,,1,
p7_multichip_10_52,p7_multichip_10,mc_phase7_multichip.py,phase7_multichip,2026-07-27,1.0,real_bsim_ptm,simulated,False,3.2,0.045,4,4.5,11.86,27.0,,,0.0,,controlled_tattoo_stress,,digital_tattoo_message,tattoo_bit0,tattoo_bit0,0.0,52.0,,,1.6459059270330463,,False,,1,
p7_multichip_10_53,p7_multichip_10,mc_phase7_multichip.py,phase7_multichip,2026-07-27,1.0,real_bsim_ptm,simulated,False,3.2,0.045,4,4.5,11.86,27.0,,,60.0,,controlled_tattoo_stress,,digital_tattoo_message,tattoo_bit1,tattoo_bit1,1.0,53.0,,,0.23246032529945518,,False,,1,
p7_multichip_10_54,p7_multichip_10,mc_phase7_multichip.py,phase7_multichip,2026-07-27,1.0,real_bsim_ptm,simulated,False,3.2,0.045,4,4.5,11.86,27.0,,,60.0,,controlled_tattoo_stress,,digital_tattoo_message,tattoo_bit1,tattoo_bit1,1.0,54.0,,,0.31246199982689093,,False,,1,
p7_multichip_10_55,p7_multichip_10,mc_phase7_multichip.py,phase7_multichip,2026-07-27,1.0,real_bsim_ptm,simulated,False,3.2,0.045,4,4.5,11.86,27.0,,,0.0,,controlled_tattoo_stress,,digital_tattoo_message,tattoo_bit0,tattoo_bit0,0.0,55.0,,,1.5139347037165836,,False,,1,
p7_multichip_10_56,p7_multichip_10,mc_phase7_multichip.py,phase7_multichip,2026-07-27,1.0,real_bsim_ptm,simulated,False,3.2,0.045,4,4.5,11.86,27.0,,,60.0,,controlled_tattoo_stress,,digital_tattoo_message,tattoo_bit1,tattoo_bit1,1.0,56.0,,,0.3000633655340746,,False,,1,
p7_multichip_10_57,p7_multichip_10,mc_phase7_multichip.py,phase7_multichip,2026-07-27,1.0,real_bsim_ptm,simulated,False,3.2,0.045,4,4.5,11.86,27.0,,,60.0,,controlled_tattoo_stress,,digital_tattoo_message,tattoo_bit1,tattoo_bit1,1.0,57.0,,,0.27796080993942685,,False,,1,
p7_multichip_10_58,p7_multichip_10,mc_phase7_multichip.py,phase7_multichip,2026-07-27,1.0,real_bsim_ptm,simulated,False,3.2,0.045,4,4.5,11.86,27.0,,,0.0,,controlled_tattoo_stress,,digital_tattoo_message,tattoo_bit0,tattoo_bit0,0.0,58.0,,,1.0608070147082254,,False,,1,
p7_multichip_10_59,p7_multichip_10,mc_phase7_multichip.py,phase7_multichip,2026-07-27,1.0,real_bsim_ptm,simulated,False,3.2,0.045,4,4.5,11.86,27.0,,,0.0,,controlled_tattoo_stress,,digital_tattoo_message,tattoo_bit0,tattoo_bit0,0.0,59.0,,,0.9980797726649756,,False,,1,
p7_multichip_10_60,p7_multichip_10,mc_phase7_multichip.py,phase7_multichip,2026-07-27,1.0,real_bsim_ptm,simulated,False,3.2,0.045,4,4.5,11.86,27.0,,,0.0,,controlled_tattoo_stress,,digital_tattoo_message,tattoo_bit0,tattoo_bit0,0.0,60.0,,,1.0611763730630561,,False,,1,
p7_multichip_10_61,p7_multichip_10,mc_phase7_multichip.py,phase7_multichip,2026-07-27,1.0,real_bsim_ptm,simulated,False,3.2,0.045,4,4.5,11.86,27.0,,,60.0,,controlled_tattoo_stress,,digital_tattoo_message,tattoo_bit1,tattoo_bit1,1.0,61.0,,,0.21289888476197472,,False,,1,
p7_multichip_10_62,p7_multichip_10,mc_phase7_multichip.py,phase7_multichip,2026-07-27,1.0,real_bsim_ptm,simulated,False,3.2,0.045,4,4.5,11.86,27.0,,,0.0,,controlled_tattoo_stress,,digital_tattoo_message,tattoo_bit0,tattoo_bit0,0.0,62.0,,,1.2910747243019465,,False,,1,
p7_multichip_10_63,p7_multichip_10,mc_phase7_multichip.py,phase7_multichip,2026-07-27,1.0,real_bsim_ptm,simulated,False,3.2,0.045,4,4.5,11.86,27.0,,,60.0,,controlled_tattoo_stress,,digital_tattoo_message,tattoo_bit1,tattoo_bit1,1.0,63.0,,,0.1985504909152081,,False,,1,
p7_multichip_11_0,p7_multichip_11,mc_phase7_multichip.py,phase7_multichip,2026-07-27,1.0,real_bsim_ptm,simulated,False,3.2,0.045,4,4.5,11.86,27.0,,,60.0,,controlled_tattoo_stress,,digital_tattoo_message,tattoo_bit1,tattoo_bit1,1.0,0.0,,,0.2706715814324,,False,,1,
p7_multichip_11_1,p7_multichip_11,mc_phase7_multichip.py,phase7_multichip,2026-07-27,1.0,real_bsim_ptm,simulated,False,3.2,0.045,4,4.5,11.86,27.0,,,0.0,,controlled_tattoo_stress,,digital_tattoo_message,tattoo_bit0,tattoo_bit0,0.0,1.0,,,1.8098584787933913,,False,,1,
p7_multichip_11_2,p7_multichip_11,mc_phase7_multichip.py,phase7_multichip,2026-07-27,1.0,real_bsim_ptm,simulated,False,3.2,0.045,4,4.5,11.86,27.0,,,60.0,,controlled_tattoo_stress,,digital_tattoo_message,tattoo_bit1,tattoo_bit1,1.0,2.0,,,0.18460412349973537,,False,,1,
p7_multichip_11_3,p7_multichip_11,mc_phase7_multichip.py,phase7_multichip,2026-07-27,1.0,real_bsim_ptm,simulated,False,3.2,0.045,4,4.5,11.86,27.0,,,0.0,,controlled_tattoo_stress,,digital_tattoo_message,tattoo_bit0,tattoo_bit0,0.0,3.0,,,0.857521627649295,,False,,1,
p7_multichip_11_4,p7_multichip_11,mc_phase7_multichip.py,phase7_multichip,2026-07-27,1.0,real_bsim_ptm,simulated,False,3.2,0.045,4,4.5,11.86,27.0,,,0.0,,controlled_tattoo_stress,,digital_tattoo_message,tattoo_bit0,tattoo_bit0,0.0,4.0,,,1.0717258422199882,,False,,1,
p7_multichip_11_5,p7_multichip_11,mc_phase7_multichip.py,phase7_multichip,2026-07-27,1.0,real_bsim_ptm,simulated,False,3.2,0.045,4,4.5,11.86,27.0,,,60.0,,controlled_tattoo_stress,,digital_tattoo_message,tattoo_bit1,tattoo_bit1,1.0,5.0,,,0.1853322859614005,,False,,1,
p7_multichip_11_6,p7_multichip_11,mc_phase7_multichip.py,phase7_multichip,2026-07-27,1.0,real_bsim_ptm,simulated,False,3.2,0.045,4,4.5,11.86,27.0,,,0.0,,controlled_tattoo_stress,,digital_tattoo_message,tattoo_bit0,tattoo_bit0,0.0,6.0,,,0.9437212733687722,,False,,1,
p7_multichip_11_7,p7_multichip_11,mc_phase7_multichip.py,phase7_multichip,2026-07-27,1.0,real_bsim_ptm,simulated,False,3.2,0.045,4,4.5,11.86,27.0,,,60.0,,controlled_tattoo_stress,,digital_tattoo_message,tattoo_bit1,tattoo_bit1,1.0,7.0,,,0.16092807163401512,,False,,1,
p7_multichip_11_8,p7_multichip_11,mc_phase7_multichip.py,phase7_multichip,2026-07-27,1.0,real_bsim_ptm,simulated,False,3.2,0.045,4,4.5,11.86,27.0,,,0.0,,controlled_tattoo_stress,,digital_tattoo_message,tattoo_bit0,tattoo_bit0,0.0,8.0,,,1.259852221176806,,False,,1,
p7_multichip_11_9,p7_multichip_11,mc_phase7_multichip.py,phase7_multichip,2026-07-27,1.0,real_bsim_ptm,simulated,False,3.2,0.045,4,4.5,11.86,27.0,,,0.0,,controlled_tattoo_stress,,digital_tattoo_message,tattoo_bit0,tattoo_bit0,0.0,9.0,,,1.5838006032147232,,False,,1,
p7_multichip_11_10,p7_multichip_11,mc_phase7_multichip.py,phase7_multichip,2026-07-27,1.0,real_bsim_ptm,simulated,False,3.2,0.045,4,4.5,11.86,27.0,,,0.0,,controlled_tattoo_stress,,digital_tattoo_message,tattoo_bit0,tattoo_bit0,0.0,10.0,,,0.7794751837895983,,False,,1,
p7_multichip_11_11,p7_multichip_11,mc_phase7_multichip.py,phase7_multichip,2026-07-27,1.0,real_bsim_ptm,simulated,False,3.2,0.045,4,4.5,11.86,27.0,,,60.0,,controlled_tattoo_stress,,digital_tattoo_message,tattoo_bit1,tattoo_bit1,1.0,11.0,,,0.21501875427050993,,False,,1,
p7_multichip_11_12,p7_multichip_11,mc_phase7_multichip.py,phase7_multichip,2026-07-27,1.0,real_bsim_ptm,simulated,False,3.2,0.045,4,4.5,11.86,27.0,,,0.0,,controlled_tattoo_stress,,digital_tattoo_message,tattoo_bit0,tattoo_bit0,0.0,12.0,,,0.7877792089353577,,False,,1,
p7_multichip_11_13,p7_multichip_11,mc_phase7_multichip.py,phase7_multichip,2026-07-27,1.0,real_bsim_ptm,simulated,False,3.2,0.045,4,4.5,11.86,27.0,,,60.0,,controlled_tattoo_stress,,digital_tattoo_message,tattoo_bit1,tattoo_bit1,1.0,13.0,,,0.1638966191344753,,False,,1,
p7_multichip_11_14,p7_multichip_11,mc_phase7_multichip.py,phase7_multichip,2026-07-27,1.0,real_bsim_ptm,simulated,False,3.2,0.045,4,4.5,11.86,27.0,,,0.0,,controlled_tattoo_stress,,digital_tattoo_message,tattoo_bit0,tattoo_bit0,0.0,14.0,,,0.9022811625181254,,False,,1,
p7_multichip_11_15,p7_multichip_11,mc_phase7_multichip.py,phase7_multichip,2026-07-27,1.0,real_bsim_ptm,simulated,False,3.2,0.045,4,4.5,11.86,27.0,,,0.0,,controlled_tattoo_stress,,digital_tattoo_message,tattoo_bit0,tattoo_bit0,0.0,15.0,,,1.299273087596342,,False,,1,
p7_multichip_11_16,p7_multichip_11,mc_phase7_multichip.py,phase7_multichip,2026-07-27,1.0,real_bsim_ptm,simulated,False,3.2,0.045,4,4.5,11.86,27.0,,,60.0,,controlled_tattoo_stress,,digital_tattoo_message,tattoo_bit1,tattoo_bit1,1.0,16.0,,,0.18545327606353607,,False,,1,
p7_multichip_11_17,p7_multichip_11,mc_phase7_multichip.py,phase7_multichip,2026-07-27,1.0,real_bsim_ptm,simulated,False,3.2,0.045,4,4.5,11.86,27.0,,,60.0,,controlled_tattoo_stress,,digital_tattoo_message,tattoo_bit1,tattoo_bit1,1.0,17.0,,,0.2085812784912688,,False,,1,
p7_multichip_11_18,p7_multichip_11,mc_phase7_multichip.py,phase7_multichip,2026-07-27,1.0,real_bsim_ptm,simulated,False,3.2,0.045,4,4.5,11.86,27.0,,,0.0,,controlled_tattoo_stress,,digital_tattoo_message,tattoo_bit0,tattoo_bit0,0.0,18.0,,,1.3872806024481914,,False,,1,
p7_multichip_11_19,p7_multichip_11,mc_phase7_multichip.py,phase7_multichip,2026-07-27,1.0,real_bsim_ptm,simulated,False,3.2,0.045,4,4.5,11.86,27.0,,,60.0,,controlled_tattoo_stress,,digital_tattoo_message,tattoo_bit1,tattoo_bit1,1.0,19.0,,,0.11956423088943202,,False,,1,
p7_multichip_11_20,p7_multichip_11,mc_phase7_multichip.py,phase7_multichip,2026-07-27,1.0,real_bsim_ptm,simulated,False,3.2,0.045,4,4.5,11.86,27.0,,,0.0,,controlled_tattoo_stress,,digital_tattoo_message,tattoo_bit0,tattoo_bit0,0.0,20.0,,,0.9381355849544757,,False,,1,
p7_multichip_11_21,p7_multichip_11,mc_phase7_multichip.py,phase7_multichip,2026-07-27,1.0,real_bsim_ptm,simulated,False,3.2,0.045,4,4.5,11.86,27.0,,,0.0,,controlled_tattoo_stress,,digital_tattoo_message,tattoo_bit0,tattoo_bit0,0.0,21.0,,,0.802380256210398,,False,,1,
p7_multichip_11_22,p7_multichip_11,mc_phase7_multichip.py,phase7_multichip,2026-07-27,1.0,real_bsim_ptm,simulated,False,3.2,0.045,4,4.5,11.86,27.0,,,60.0,,controlled_tattoo_stress,,digital_tattoo_message,tattoo_bit1,tattoo_bit1,1.0,22.0,,,0.11852289235086555,,False,,1,
p7_multichip_11_23,p7_multichip_11,mc_phase7_multichip.py,phase7_multichip,2026-07-27,1.0,real_bsim_ptm,simulated,False,3.2,0.045,4,4.5,11.86,27.0,,,60.0,,controlled_tattoo_stress,,digital_tattoo_message,tattoo_bit1,tattoo_bit1,1.0,23.0,,,0.1866119184138446,,False,,1,
p7_multichip_11_24,p7_multichip_11,mc_phase7_multichip.py,phase7_multichip,2026-07-27,1.0,real_bsim_ptm,simulated,False,3.2,0.045,4,4.5,11.86,27.0,,,0.0,,controlled_tattoo_stress,,digital_tattoo_message,tattoo_bit0,tattoo_bit0,0.0,24.0,,,0.9880327140180103,,False,,1,
p7_multichip_11_25,p7_multichip_11,mc_phase7_multichip.py,phase7_multichip,2026-07-27,1.0,real_bsim_ptm,simulated,False,3.2,0.045,4,4.5,11.86,27.0,,,0.0,,controlled_tattoo_stress,,digital_tattoo_message,tattoo_bit0,tattoo_bit0,0.0,25.0,,,1.3801235614633196,,False,,1,
p7_multichip_11_26,p7_multichip_11,mc_phase7_multichip.py,phase7_multichip,2026-07-27,1.0,real_bsim_ptm,simulated,False,3.2,0.045,4,4.5,11.86,27.0,,,60.0,,controlled_tattoo_stress,,digital_tattoo_message,tattoo_bit1,tattoo_bit1,1.0,26.0,,,0.34968047510372713,,False,,1,
p7_multichip_11_27,p7_multichip_11,mc_phase7_multichip.py,phase7_multichip,2026-07-27,1.0,real_bsim_ptm,simulated,False,3.2,0.045,4,4.5,11.86,27.0,,,60.0,,controlled_tattoo_stress,,digital_tattoo_message,tattoo_bit1,tattoo_bit1,1.0,27.0,,,0.21053783096780404,,False,,1,
p7_multichip_11_28,p7_multichip_11,mc_phase7_multichip.py,phase7_multichip,2026-07-27,1.0,real_bsim_ptm,simulated,False,3.2,0.045,4,4.5,11.86,27.0,,,60.0,,controlled_tattoo_stress,,digital_tattoo_message,tattoo_bit1,tattoo_bit1,1.0,28.0,,,0.26351536207806314,,False,,1,
p7_multichip_11_29,p7_multichip_11,mc_phase7_multichip.py,phase7_multichip,2026-07-27,1.0,real_bsim_ptm,simulated,False,3.2,0.045,4,4.5,11.86,27.0,,,60.0,,controlled_tattoo_stress,,digital_tattoo_message,tattoo_bit1,tattoo_bit1,1.0,29.0,,,0.21654738852476635,,False,,1,
p7_multichip_11_30,p7_multichip_11,mc_phase7_multichip.py,phase7_multichip,2026-07-27,1.0,real_bsim_ptm,simulated,False,3.2,0.045,4,4.5,11.86,27.0,,,60.0,,controlled_tattoo_stress,,digital_tattoo_message,tattoo_bit1,tattoo_bit1,1.0,30.0,,,0.20644542125233833,,False,,1,
p7_multichip_11_31,p7_multichip_11,mc_phase7_multichip.py,phase7_multichip,2026-07-27,1.0,real_bsim_ptm,simulated,False,3.2,0.045,4,4.5,11.86,27.0,,,0.0,,controlled_tattoo_stress,,digital_tattoo_message,tattoo_bit0,tattoo_bit0,0.0,31.0,,,1.0096454209082453,,False,,1,
p7_multichip_11_32,p7_multichip_11,mc_phase7_multichip.py,phase7_multichip,2026-07-27,1.0,real_bsim_ptm,simulated,False,3.2,0.045,4,4.5,11.86,27.0,,,60.0,,controlled_tattoo_stress,,digital_tattoo_message,tattoo_bit1,tattoo_bit1,1.0,32.0,,,0.20819663179834524,,False,,1,
p7_multichip_11_33,p7_multichip_11,mc_phase7_multichip.py,phase7_multichip,2026-07-27,1.0,real_bsim_ptm,simulated,False,3.2,0.045,4,4.5,11.86,27.0,,,0.0,,controlled_tattoo_stress,,digital_tattoo_message,tattoo_bit0,tattoo_bit0,0.0,33.0,,,0.754821714685443,,False,,1,
p7_multichip_11_34,p7_multichip_11,mc_phase7_multichip.py,phase7_multichip,2026-07-27,1.0,real_bsim_ptm,simulated,False,3.2,0.045,4,4.5,11.86,27.0,,,0.0,,controlled_tattoo_stress,,digital_tattoo_message,tattoo_bit0,tattoo_bit0,0.0,34.0,,,1.03075223944564,,False,,1,
p7_multichip_11_35,p7_multichip_11,mc_phase7_multichip.py,phase7_multichip,2026-07-27,1.0,real_bsim_ptm,simulated,False,3.2,0.045,4,4.5,11.86,27.0,,,60.0,,controlled_tattoo_stress,,digital_tattoo_message,tattoo_bit1,tattoo_bit1,1.0,35.0,,,0.21013010694881185,,False,,1,
p7_multichip_11_36,p7_multichip_11,mc_phase7_multichip.py,phase7_multichip,2026-07-27,1.0,real_bsim_ptm,simulated,False,3.2,0.045,4,4.5,11.86,27.0,,,60.0,,controlled_tattoo_stress,,digital_tattoo_message,tattoo_bit1,tattoo_bit1,1.0,36.0,,,0.22130805877366283,,False,,1,
p7_multichip_11_37,p7_multichip_11,mc_phase7_multichip.py,phase7_multichip,2026-07-27,1.0,real_bsim_ptm,simulated,False,3.2,0.045,4,4.5,11.86,27.0,,,60.0,,controlled_tattoo_stress,,digital_tattoo_message,tattoo_bit1,tattoo_bit1,1.0,37.0,,,0.18928605996366643,,False,,1,
p7_multichip_11_38,p7_multichip_11,mc_phase7_multichip.py,phase7_multichip,2026-07-27,1.0,real_bsim_ptm,simulated,False,3.2,0.045,4,4.5,11.86,27.0,,,60.0,,controlled_tattoo_stress,,digital_tattoo_message,tattoo_bit1,tattoo_bit1,1.0,38.0,,,0.20629487941332303,,False,,1,
p7_multichip_11_39,p7_multichip_11,mc_phase7_multichip.py,phase7_multichip,2026-07-27,1.0,real_bsim_ptm,simulated,False,3.2,0.045,4,4.5,11.86,27.0,,,0.0,,controlled_tattoo_stress,,digital_tattoo_message,tattoo_bit0,tattoo_bit0,0.0,39.0,,,1.03483876182745,,False,,1,
p7_multichip_11_40,p7_multichip_11,mc_phase7_multichip.py,phase7_multichip,2026-07-27,1.0,real_bsim_ptm,simulated,False,3.2,0.045,4,4.5,11.86,27.0,,,60.0,,controlled_tattoo_stress,,digital_tattoo_message,tattoo_bit1,tattoo_bit1,1.0,40.0,,,0.17047821472849417,,False,,1,
p7_multichip_11_41,p7_multichip_11,mc_phase7_multichip.py,phase7_multichip,2026-07-27,1.0,real_bsim_ptm,simulated,False,3.2,0.045,4,4.5,11.86,27.0,,,60.0,,controlled_tattoo_stress,,digital_tattoo_message,tattoo_bit1,tattoo_bit1,1.0,41.0,,,0.2845404120103118,,False,,1,
p7_multichip_11_42,p7_multichip_11,mc_phase7_multichip.py,phase7_multichip,2026-07-27,1.0,real_bsim_ptm,simulated,False,3.2,0.045,4,4.5,11.86,27.0,,,0.0,,controlled_tattoo_stress,,digital_tattoo_message,tattoo_bit0,tattoo_bit0,0.0,42.0,,,0.7873810840738318,,False,,1,
p7_multichip_11_43,p7_multichip_11,mc_phase7_multichip.py,phase7_multichip,2026-07-27,1.0,real_bsim_ptm,simulated,False,3.2,0.045,4,4.5,11.86,27.0,,,0.0,,controlled_tattoo_stress,,digital_tattoo_message,tattoo_bit0,tattoo_bit0,0.0,43.0,,,1.6832659638446053,,False,,1,
p7_multichip_11_44,p7_multichip_11,mc_phase7_multichip.py,phase7_multichip,2026-07-27,1.0,real_bsim_ptm,simulated,False,3.2,0.045,4,4.5,11.86,27.0,,,60.0,,controlled_tattoo_stress,,digital_tattoo_message,tattoo_bit1,tattoo_bit1,1.0,44.0,,,0.21036774324876814,,False,,1,
p7_multichip_11_45,p7_multichip_11,mc_phase7_multichip.py,phase7_multichip,2026-07-27,1.0,real_bsim_ptm,simulated,False,3.2,0.045,4,4.5,11.86,27.0,,,60.0,,controlled_tattoo_stress,,digital_tattoo_message,tattoo_bit1,tattoo_bit1,1.0,45.0,,,0.17777269934307138,,False,,1,
p7_multichip_11_46,p7_multichip_11,mc_phase7_multichip.py,phase7_multichip,2026-07-27,1.0,real_bsim_ptm,simulated,False,3.2,0.045,4,4.5,11.86,27.0,,,0.0,,controlled_tattoo_stress,,digital_tattoo_message,tattoo_bit0,tattoo_bit0,0.0,46.0,,,1.0574389453173345,,False,,1,
p7_multichip_11_47,p7_multichip_11,mc_phase7_multichip.py,phase7_multichip,2026-07-27,1.0,real_bsim_ptm,simulated,False,3.2,0.045,4,4.5,11.86,27.0,,,0.0,,controlled_tattoo_stress,,digital_tattoo_message,tattoo_bit0,tattoo_bit0,0.0,47.0,,,1.1225530178737986,,False,,1,
p7_multichip_11_48,p7_multichip_11,mc_phase7_multichip.py,phase7_multichip,2026-07-27,1.0,real_bsim_ptm,simulated,False,3.2,0.045,4,4.5,11.86,27.0,,,60.0,,controlled_tattoo_stress,,digital_tattoo_message,tattoo_bit1,tattoo_bit1,1.0,48.0,,,0.2925488055238061,,False,,1,
p7_multichip_11_49,p7_multichip_11,mc_phase7_multichip.py,phase7_multichip,2026-07-27,1.0,real_bsim_ptm,simulated,False,3.2,0.045,4,4.5,11.86,27.0,,,60.0,,controlled_tattoo_stress,,digital_tattoo_message,tattoo_bit1,tattoo_bit1,1.0,49.0,,,0.16079625475049467,,False,,1,
p7_multichip_11_50,p7_multichip_11,mc_phase7_multichip.py,phase7_multichip,2026-07-27,1.0,real_bsim_ptm,simulated,False,3.2,0.045,4,4.5,11.86,27.0,,,0.0,,controlled_tattoo_stress,,digital_tattoo_message,tattoo_bit0,tattoo_bit0,0.0,50.0,,,1.2747164613161264,,False,,1,
p7_multichip_11_51,p7_multichip_11,mc_phase7_multichip.py,phase7_multichip,2026-07-27,1.0,real_bsim_ptm,simulated,False,3.2,0.045,4,4.5,11.86,27.0,,,0.0,,controlled_tattoo_stress,,digital_tattoo_message,tattoo_bit0,tattoo_bit0,0.0,51.0,,,1.686304921197667,,False,,1,
p7_multichip_11_52,p7_multichip_11,mc_phase7_multichip.py,phase7_multichip,2026-07-27,1.0,real_bsim_ptm,simulated,False,3.2,0.045,4,4.5,11.86,27.0,,,60.0,,controlled_tattoo_stress,,digital_tattoo_message,tattoo_bit1,tattoo_bit1,1.0,52.0,,,0.23835176844834763,,False,,1,
p7_multichip_11_53,p7_multichip_11,mc_phase7_multichip.py,phase7_multichip,2026-07-27,1.0,real_bsim_ptm,simulated,False,3.2,0.045,4,4.5,11.86,27.0,,,60.0,,controlled_tattoo_stress,,digital_tattoo_message,tattoo_bit1,tattoo_bit1,1.0,53.0,,,0.217293907713486,,False,,1,
p7_multichip_11_54,p7_multichip_11,mc_phase7_multichip.py,phase7_multichip,2026-07-27,1.0,real_bsim_ptm,simulated,False,3.2,0.045,4,4.5,11.86,27.0,,,0.0,,controlled_tattoo_stress,,digital_tattoo_message,tattoo_bit0,tattoo_bit0,0.0,54.0,,,1.194906454351056,,False,,1,
p7_multichip_11_55,p7_multichip_11,mc_phase7_multichip.py,phase7_multichip,2026-07-27,1.0,real_bsim_ptm,simulated,False,3.2,0.045,4,4.5,11.86,27.0,,,60.0,,controlled_tattoo_stress,,digital_tattoo_message,tattoo_bit1,tattoo_bit1,1.0,55.0,,,0.20758350898231628,,False,,1,
p7_multichip_11_56,p7_multichip_11,mc_phase7_multichip.py,phase7_multichip,2026-07-27,1.0,real_bsim_ptm,simulated,False,3.2,0.045,4,4.5,11.86,27.0,,,60.0,,controlled_tattoo_stress,,digital_tattoo_message,tattoo_bit1,tattoo_bit1,1.0,56.0,,,0.13881153657463793,,False,,1,
p7_multichip_11_57,p7_multichip_11,mc_phase7_multichip.py,phase7_multichip,2026-07-27,1.0,real_bsim_ptm,simulated,False,3.2,0.045,4,4.5,11.86,27.0,,,0.0,,controlled_tattoo_stress,,digital_tattoo_message,tattoo_bit0,tattoo_bit0,0.0,57.0,,,1.0974495611308368,,False,,1,
p7_multichip_11_58,p7_multichip_11,mc_phase7_multichip.py,phase7_multichip,2026-07-27,1.0,real_bsim_ptm,simulated,False,3.2,0.045,4,4.5,11.86,27.0,,,0.0,,controlled_tattoo_stress,,digital_tattoo_message,tattoo_bit0,tattoo_bit0,0.0,58.0,,,0.8440591837674641,,False,,1,
p7_multichip_11_59,p7_multichip_11,mc_phase7_multichip.py,phase7_multichip,2026-07-27,1.0,real_bsim_ptm,simulated,False,3.2,0.045,4,4.5,11.86,27.0,,,0.0,,controlled_tattoo_stress,,digital_tattoo_message,tattoo_bit0,tattoo_bit0,0.0,59.0,,,0.9650784710692923,,False,,1,
p7_multichip_11_60,p7_multichip_11,mc_phase7_multichip.py,phase7_multichip,2026-07-27,1.0,real_bsim_ptm,simulated,False,3.2,0.045,4,4.5,11.86,27.0,,,0.0,,controlled_tattoo_stress,,digital_tattoo_message,tattoo_bit0,tattoo_bit0,0.0,60.0,,,1.4573653511414881,,False,,1,
p7_multichip_11_61,p7_multichip_11,mc_phase7_multichip.py,phase7_multichip,2026-07-27,1.0,real_bsim_ptm,simulated,False,3.2,0.045,4,4.5,11.86,27.0,,,0.0,,controlled_tattoo_stress,,digital_tattoo_message,tattoo_bit0,tattoo_bit0,0.0,61.0,,,1.4224461610354848,,False,,1,
p7_multichip_11_62,p7_multichip_11,mc_phase7_multichip.py,phase7_multichip,2026-07-27,1.0,real_bsim_ptm,simulated,False,3.2,0.045,4,4.5,11.86,27.0,,,60.0,,controlled_tattoo_stress,,digital_tattoo_message,tattoo_bit1,tattoo_bit1,1.0,62.0,,,0.29011379619376654,,False,,1,
p7_multichip_11_63,p7_multichip_11,mc_phase7_multichip.py,phase7_multichip,2026-07-27,1.0,real_bsim_ptm,simulated,False,3.2,0.045,4,4.5,11.86,27.0,,,60.0,,controlled_tattoo_stress,,digital_tattoo_message,tattoo_bit1,tattoo_bit1,1.0,63.0,,,0.18556088913797336,,False,,1,
p7_multichip_12_0,p7_multichip_12,mc_phase7_multichip.py,phase7_multichip,2026-07-27,1.0,real_bsim_ptm,simulated,False,3.2,0.045,4,4.5,11.86,27.0,,,0.0,,controlled_tattoo_stress,,digital_tattoo_message,tattoo_bit0,tattoo_bit0,0.0,0.0,,,1.099186144783052,,False,,1,
p7_multichip_12_1,p7_multichip_12,mc_phase7_multichip.py,phase7_multichip,2026-07-27,1.0,real_bsim_ptm,simulated,False,3.2,0.045,4,4.5,11.86,27.0,,,0.0,,controlled_tattoo_stress,,digital_tattoo_message,tattoo_bit0,tattoo_bit0,0.0,1.0,,,1.0216976813594538,,False,,1,
p7_multichip_12_2,p7_multichip_12,mc_phase7_multichip.py,phase7_multichip,2026-07-27,1.0,real_bsim_ptm,simulated,False,3.2,0.045,4,4.5,11.86,27.0,,,0.0,,controlled_tattoo_stress,,digital_tattoo_message,tattoo_bit0,tattoo_bit0,0.0,2.0,,,1.321565337026912,,False,,1,
p7_multichip_12_3,p7_multichip_12,mc_phase7_multichip.py,phase7_multichip,2026-07-27,1.0,real_bsim_ptm,simulated,False,3.2,0.045,4,4.5,11.86,27.0,,,60.0,,controlled_tattoo_stress,,digital_tattoo_message,tattoo_bit1,tattoo_bit1,1.0,3.0,,,0.19462137323388023,,False,,1,
p7_multichip_12_4,p7_multichip_12,mc_phase7_multichip.py,phase7_multichip,2026-07-27,1.0,real_bsim_ptm,simulated,False,3.2,0.045,4,4.5,11.86,27.0,,,60.0,,controlled_tattoo_stress,,digital_tattoo_message,tattoo_bit1,tattoo_bit1,1.0,4.0,,,0.14228806411327682,,False,,1,
p7_multichip_12_5,p7_multichip_12,mc_phase7_multichip.py,phase7_multichip,2026-07-27,1.0,real_bsim_ptm,simulated,False,3.2,0.045,4,4.5,11.86,27.0,,,0.0,,controlled_tattoo_stress,,digital_tattoo_message,tattoo_bit0,tattoo_bit0,0.0,5.0,,,0.9464590243896326,,False,,1,
p7_multichip_12_6,p7_multichip_12,mc_phase7_multichip.py,phase7_multichip,2026-07-27,1.0,real_bsim_ptm,simulated,False,3.2,0.045,4,4.5,11.86,27.0,,,60.0,,controlled_tattoo_stress,,digital_tattoo_message,tattoo_bit1,tattoo_bit1,1.0,6.0,,,0.1962627952401635,,False,,1,
p7_multichip_12_7,p7_multichip_12,mc_phase7_multichip.py,phase7_multichip,2026-07-27,1.0,real_bsim_ptm,simulated,False,3.2,0.045,4,4.5,11.86,27.0,,,60.0,,controlled_tattoo_stress,,digital_tattoo_message,tattoo_bit1,tattoo_bit1,1.0,7.0,,,0.2799417966425523,,False,,1,
p7_multichip_12_8,p7_multichip_12,mc_phase7_multichip.py,phase7_multichip,2026-07-27,1.0,real_bsim_ptm,simulated,False,3.2,0.045,4,4.5,11.86,27.0,,,60.0,,controlled_tattoo_stress,,digital_tattoo_message,tattoo_bit1,tattoo_bit1,1.0,8.0,,,0.20404629384253742,,False,,1,
p7_multichip_12_9,p7_multichip_12,mc_phase7_multichip.py,phase7_multichip,2026-07-27,1.0,real_bsim_ptm,simulated,False,3.2,0.045,4,4.5,11.86,27.0,,,60.0,,controlled_tattoo_stress,,digital_tattoo_message,tattoo_bit1,tattoo_bit1,1.0,9.0,,,0.22823484266769328,,False,,1,
p7_multichip_12_10,p7_multichip_12,mc_phase7_multichip.py,phase7_multichip,2026-07-27,1.0,real_bsim_ptm,simulated,False,3.2,0.045,4,4.5,11.86,27.0,,,0.0,,controlled_tattoo_stress,,digital_tattoo_message,tattoo_bit0,tattoo_bit0,0.0,10.0,,,0.9572669682787867,,False,,1,
p7_multichip_12_11,p7_multichip_12,mc_phase7_multichip.py,phase7_multichip,2026-07-27,1.0,real_bsim_ptm,simulated,False,3.2,0.045,4,4.5,11.86,27.0,,,0.0,,controlled_tattoo_stress,,digital_tattoo_message,tattoo_bit0,tattoo_bit0,0.0,11.0,,,1.1896403382729048,,False,,1,
p7_multichip_12_12,p7_multichip_12,mc_phase7_multichip.py,phase7_multichip,2026-07-27,1.0,real_bsim_ptm,simulated,False,3.2,0.045,4,4.5,11.86,27.0,,,60.0,,controlled_tattoo_stress,,digital_tattoo_message,tattoo_bit1,tattoo_bit1,1.0,12.0,,,0.15250421317804672,,False,,1,
p7_multichip_12_13,p7_multichip_12,mc_phase7_multichip.py,phase7_multichip,2026-07-27,1.0,real_bsim_ptm,simulated,False,3.2,0.045,4,4.5,11.86,27.0,,,0.0,,controlled_tattoo_stress,,digital_tattoo_message,tattoo_bit0,tattoo_bit0,0.0,13.0,,,0.8850306924328355,,False,,1,
p7_multichip_12_14,p7_multichip_12,mc_phase7_multichip.py,phase7_multichip,2026-07-27,1.0,real_bsim_ptm,simulated,False,3.2,0.045,4,4.5,11.86,27.0,,,60.0,,controlled_tattoo_stress,,digital_tattoo_message,tattoo_bit1,tattoo_bit1,1.0,14.0,,,0.26148757949268986,,False,,1,
p7_multichip_12_15,p7_multichip_12,mc_phase7_multichip.py,phase7_multichip,2026-07-27,1.0,real_bsim_ptm,simulated,False,3.2,0.045,4,4.5,11.86,27.0,,,60.0,,controlled_tattoo_stress,,digital_tattoo_message,tattoo_bit1,tattoo_bit1,1.0,15.0,,,0.18029245725585535,,False,,1,
p7_multichip_12_16,p7_multichip_12,mc_phase7_multichip.py,phase7_multichip,2026-07-27,1.0,real_bsim_ptm,simulated,False,3.2,0.045,4,4.5,11.86,27.0,,,0.0,,controlled_tattoo_stress,,digital_tattoo_message,tattoo_bit0,tattoo_bit0,0.0,16.0,,,0.7395457940677918,,False,,1,
p7_multichip_12_17,p7_multichip_12,mc_phase7_multichip.py,phase7_multichip,2026-07-27,1.0,real_bsim_ptm,simulated,False,3.2,0.045,4,4.5,11.86,27.0,,,60.0,,controlled_tattoo_stress,,digital_tattoo_message,tattoo_bit1,tattoo_bit1,1.0,17.0,,,0.1487056699873114,,False,,1,
p7_multichip_12_18,p7_multichip_12,mc_phase7_multichip.py,phase7_multichip,2026-07-27,1.0,real_bsim_ptm,simulated,False,3.2,0.045,4,4.5,11.86,27.0,,,60.0,,controlled_tattoo_stress,,digital_tattoo_message,tattoo_bit1,tattoo_bit1,1.0,18.0,,,0.268173590282798,,False,,1,
p7_multichip_12_19,p7_multichip_12,mc_phase7_multichip.py,phase7_multichip,2026-07-27,1.0,real_bsim_ptm,simulated,False,3.2,0.045,4,4.5,11.86,27.0,,,0.0,,controlled_tattoo_stress,,digital_tattoo_message,tattoo_bit0,tattoo_bit0,0.0,19.0,,,1.3174566685215856,,False,,1,
p7_multichip_12_20,p7_multichip_12,mc_phase7_multichip.py,phase7_multichip,2026-07-27,1.0,real_bsim_ptm,simulated,False,3.2,0.045,4,4.5,11.86,27.0,,,60.0,,controlled_tattoo_stress,,digital_tattoo_message,tattoo_bit1,tattoo_bit1,1.0,20.0,,,0.15923540045843132,,False,,1,
p7_multichip_12_21,p7_multichip_12,mc_phase7_multichip.py,phase7_multichip,2026-07-27,1.0,real_bsim_ptm,simulated,False,3.2,0.045,4,4.5,11.86,27.0,,,0.0,,controlled_tattoo_stress,,digital_tattoo_message,tattoo_bit0,tattoo_bit0,0.0,21.0,,,0.894684680698818,,False,,1,
p7_multichip_12_22,p7_multichip_12,mc_phase7_multichip.py,phase7_multichip,2026-07-27,1.0,real_bsim_ptm,simulated,False,3.2,0.045,4,4.5,11.86,27.0,,,60.0,,controlled_tattoo_stress,,digital_tattoo_message,tattoo_bit1,tattoo_bit1,1.0,22.0,,,0.22764281317486923,,False,,1,
p7_multichip_12_23,p7_multichip_12,mc_phase7_multichip.py,phase7_multichip,2026-07-27,1.0,real_bsim_ptm,simulated,False,3.2,0.045,4,4.5,11.86,27.0,,,0.0,,controlled_tattoo_stress,,digital_tattoo_message,tattoo_bit0,tattoo_bit0,0.0,23.0,,,0.7364403493607021,,False,,1,
p7_multichip_12_24,p7_multichip_12,mc_phase7_multichip.py,phase7_multichip,2026-07-27,1.0,real_bsim_ptm,simulated,False,3.2,0.045,4,4.5,11.86,27.0,,,0.0,,controlled_tattoo_stress,,digital_tattoo_message,tattoo_bit0,tattoo_bit0,0.0,24.0,,,1.966004200111677,,False,,1,
p7_multichip_12_25,p7_multichip_12,mc_phase7_multichip.py,phase7_multichip,2026-07-27,1.0,real_bsim_ptm,simulated,False,3.2,0.045,4,4.5,11.86,27.0,,,0.0,,controlled_tattoo_stress,,digital_tattoo_message,tattoo_bit0,tattoo_bit0,0.0,25.0,,,0.7064031624111311,,False,,1,
p7_multichip_12_26,p7_multichip_12,mc_phase7_multichip.py,phase7_multichip,2026-07-27,1.0,real_bsim_ptm,simulated,False,3.2,0.045,4,4.5,11.86,27.0,,,60.0,,controlled_tattoo_stress,,digital_tattoo_message,tattoo_bit1,tattoo_bit1,1.0,26.0,,,0.31409163438251814,,False,,1,
p7_multichip_12_27,p7_multichip_12,mc_phase7_multichip.py,phase7_multichip,2026-07-27,1.0,real_bsim_ptm,simulated,False,3.2,0.045,4,4.5,11.86,27.0,,,60.0,,controlled_tattoo_stress,,digital_tattoo_message,tattoo_bit1,tattoo_bit1,1.0,27.0,,,0.22028173442989757,,False,,1,
p7_multichip_12_28,p7_multichip_12,mc_phase7_multichip.py,phase7_multichip,2026-07-27,1.0,real_bsim_ptm,simulated,False,3.2,0.045,4,4.5,11.86,27.0,,,60.0,,controlled_tattoo_stress,,digital_tattoo_message,tattoo_bit1,tattoo_bit1,1.0,28.0,,,0.29768774343151455,,False,,1,
p7_multichip_12_29,p7_multichip_12,mc_phase7_multichip.py,phase7_multichip,2026-07-27,1.0,real_bsim_ptm,simulated,False,3.2,0.045,4,4.5,11.86,27.0,,,0.0,,controlled_tattoo_stress,,digital_tattoo_message,tattoo_bit0,tattoo_bit0,0.0,29.0,,,1.1104630974807999,,False,,1,
p7_multichip_12_30,p7_multichip_12,mc_phase7_multichip.py,phase7_multichip,2026-07-27,1.0,real_bsim_ptm,simulated,False,3.2,0.045,4,4.5,11.86,27.0,,,60.0,,controlled_tattoo_stress,,digital_tattoo_message,tattoo_bit1,tattoo_bit1,1.0,30.0,,,0.2663142736003815,,False,,1,
p7_multichip_12_31,p7_multichip_12,mc_phase7_multichip.py,phase7_multichip,2026-07-27,1.0,real_bsim_ptm,simulated,False,3.2,0.045,4,4.5,11.86,27.0,,,0.0,,controlled_tattoo_stress,,digital_tattoo_message,tattoo_bit0,tattoo_bit0,0.0,31.0,,,1.0385622860118728,,False,,1,
p7_multichip_12_32,p7_multichip_12,mc_phase7_multichip.py,phase7_multichip,2026-07-27,1.0,real_bsim_ptm,simulated,False,3.2,0.045,4,4.5,11.86,27.0,,,0.0,,controlled_tattoo_stress,,digital_tattoo_message,tattoo_bit0,tattoo_bit0,0.0,32.0,,,0.6704040436625294,,False,,1,
p7_multichip_12_33,p7_multichip_12,mc_phase7_multichip.py,phase7_multichip,2026-07-27,1.0,real_bsim_ptm,simulated,False,3.2,0.045,4,4.5,11.86,27.0,,,60.0,,controlled_tattoo_stress,,digital_tattoo_message,tattoo_bit1,tattoo_bit1,1.0,33.0,,,0.2177683085898485,,False,,1,
p7_multichip_12_34,p7_multichip_12,mc_phase7_multichip.py,phase7_multichip,2026-07-27,1.0,real_bsim_ptm,simulated,False,3.2,0.045,4,4.5,11.86,27.0,,,0.0,,controlled_tattoo_stress,,digital_tattoo_message,tattoo_bit0,tattoo_bit0,0.0,34.0,,,1.1969196788645609,,False,,1,
p7_multichip_12_35,p7_multichip_12,mc_phase7_multichip.py,phase7_multichip,2026-07-27,1.0,real_bsim_ptm,simulated,False,3.2,0.045,4,4.5,11.86,27.0,,,60.0,,controlled_tattoo_stress,,digital_tattoo_message,tattoo_bit1,tattoo_bit1,1.0,35.0,,,0.2672466010108105,,False,,1,
p7_multichip_12_36,p7_multichip_12,mc_phase7_multichip.py,phase7_multichip,2026-07-27,1.0,real_bsim_ptm,simulated,False,3.2,0.045,4,4.5,11.86,27.0,,,60.0,,controlled_tattoo_stress,,digital_tattoo_message,tattoo_bit1,tattoo_bit1,1.0,36.0,,,0.15186389386909452,,False,,1,
p7_multichip_12_37,p7_multichip_12,mc_phase7_multichip.py,phase7_multichip,2026-07-27,1.0,real_bsim_ptm,simulated,False,3.2,0.045,4,4.5,11.86,27.0,,,0.0,,controlled_tattoo_stress,,digital_tattoo_message,tattoo_bit0,tattoo_bit0,0.0,37.0,,,0.8968088648055556,,False,,1,
p7_multichip_12_38,p7_multichip_12,mc_phase7_multichip.py,phase7_multichip,2026-07-27,1.0,real_bsim_ptm,simulated,False,3.2,0.045,4,4.5,11.86,27.0,,,0.0,,controlled_tattoo_stress,,digital_tattoo_message,tattoo_bit0,tattoo_bit0,0.0,38.0,,,0.8230191498262637,,False,,1,
p7_multichip_12_39,p7_multichip_12,mc_phase7_multichip.py,phase7_multichip,2026-07-27,1.0,real_bsim_ptm,simulated,False,3.2,0.045,4,4.5,11.86,27.0,,,60.0,,controlled_tattoo_stress,,digital_tattoo_message,tattoo_bit1,tattoo_bit1,1.0,39.0,,,0.1710598667037594,,False,,1,
p7_multichip_12_40,p7_multichip_12,mc_phase7_multichip.py,phase7_multichip,2026-07-27,1.0,real_bsim_ptm,simulated,False,3.2,0.045,4,4.5,11.86,27.0,,,60.0,,controlled_tattoo_stress,,digital_tattoo_message,tattoo_bit1,tattoo_bit1,1.0,40.0,,,0.1741501525957794,,False,,1,
p7_multichip_12_41,p7_multichip_12,mc_phase7_multichip.py,phase7_multichip,2026-07-27,1.0,real_bsim_ptm,simulated,False,3.2,0.045,4,4.5,11.86,27.0,,,0.0,,controlled_tattoo_stress,,digital_tattoo_message,tattoo_bit0,tattoo_bit0,0.0,41.0,,,1.0589982356051812,,False,,1,
p7_multichip_12_42,p7_multichip_12,mc_phase7_multichip.py,phase7_multichip,2026-07-27,1.0,real_bsim_ptm,simulated,False,3.2,0.045,4,4.5,11.86,27.0,,,0.0,,controlled_tattoo_stress,,digital_tattoo_message,tattoo_bit0,tattoo_bit0,0.0,42.0,,,0.8645205594680299,,False,,1,
p7_multichip_12_43,p7_multichip_12,mc_phase7_multichip.py,phase7_multichip,2026-07-27,1.0,real_bsim_ptm,simulated,False,3.2,0.045,4,4.5,11.86,27.0,,,60.0,,controlled_tattoo_stress,,digital_tattoo_message,tattoo_bit1,tattoo_bit1,1.0,43.0,,,0.26946414534942453,,False,,1,
p7_multichip_12_44,p7_multichip_12,mc_phase7_multichip.py,phase7_multichip,2026-07-27,1.0,real_bsim_ptm,simulated,False,3.2,0.045,4,4.5,11.86,27.0,,,60.0,,controlled_tattoo_stress,,digital_tattoo_message,tattoo_bit1,tattoo_bit1,1.0,44.0,,,0.30291438496850565,,False,,1,
p7_multichip_12_45,p7_multichip_12,mc_phase7_multichip.py,phase7_multichip,2026-07-27,1.0,real_bsim_ptm,simulated,False,3.2,0.045,4,4.5,11.86,27.0,,,60.0,,controlled_tattoo_stress,,digital_tattoo_message,tattoo_bit1,tattoo_bit1,1.0,45.0,,,0.20156120428789281,,False,,1,
p7_multichip_12_46,p7_multichip_12,mc_phase7_multichip.py,phase7_multichip,2026-07-27,1.0,real_bsim_ptm,simulated,False,3.2,0.045,4,4.5,11.86,27.0,,,0.0,,controlled_tattoo_stress,,digital_tattoo_message,tattoo_bit0,tattoo_bit0,0.0,46.0,,,0.8939395807292354,,False,,1,
p7_multichip_12_47,p7_multichip_12,mc_phase7_multichip.py,phase7_multichip,2026-07-27,1.0,real_bsim_ptm,simulated,False,3.2,0.045,4,4.5,11.86,27.0,,,60.0,,controlled_tattoo_stress,,digital_tattoo_message,tattoo_bit1,tattoo_bit1,1.0,47.0,,,0.12436120351375729,,False,,1,
p7_multichip_12_48,p7_multichip_12,mc_phase7_multichip.py,phase7_multichip,2026-07-27,1.0,real_bsim_ptm,simulated,False,3.2,0.045,4,4.5,11.86,27.0,,,0.0,,controlled_tattoo_stress,,digital_tattoo_message,tattoo_bit0,tattoo_bit0,0.0,48.0,,,0.8852182313620363,,False,,1,
p7_multichip_12_49,p7_multichip_12,mc_phase7_multichip.py,phase7_multichip,2026-07-27,1.0,real_bsim_ptm,simulated,False,3.2,0.045,4,4.5,11.86,27.0,,,60.0,,controlled_tattoo_stress,,digital_tattoo_message,tattoo_bit1,tattoo_bit1,1.0,49.0,,,0.16162963603414493,,False,,1,
p7_multichip_12_50,p7_multichip_12,mc_phase7_multichip.py,phase7_multichip,2026-07-27,1.0,real_bsim_ptm,simulated,False,3.2,0.045,4,4.5,11.86,27.0,,,0.0,,controlled_tattoo_stress,,digital_tattoo_message,tattoo_bit0,tattoo_bit0,0.0,50.0,,,1.1732615000158584,,False,,1,
p7_multichip_12_51,p7_multichip_12,mc_phase7_multichip.py,phase7_multichip,2026-07-27,1.0,real_bsim_ptm,simulated,False,3.2,0.045,4,4.5,11.86,27.0,,,60.0,,controlled_tattoo_stress,,digital_tattoo_message,tattoo_bit1,tattoo_bit1,1.0,51.0,,,0.2588953232467951,,False,,1,
p7_multichip_12_52,p7_multichip_12,mc_phase7_multichip.py,phase7_multichip,2026-07-27,1.0,real_bsim_ptm,simulated,False,3.2,0.045,4,4.5,11.86,27.0,,,0.0,,controlled_tattoo_stress,,digital_tattoo_message,tattoo_bit0,tattoo_bit0,0.0,52.0,,,0.8436044805722382,,False,,1,
p7_multichip_12_53,p7_multichip_12,mc_phase7_multichip.py,phase7_multichip,2026-07-27,1.0,real_bsim_ptm,simulated,False,3.2,0.045,4,4.5,11.86,27.0,,,0.0,,controlled_tattoo_stress,,digital_tattoo_message,tattoo_bit0,tattoo_bit0,0.0,53.0,,,1.5381097933874202,,False,,1,
p7_multichip_12_54,p7_multichip_12,mc_phase7_multichip.py,phase7_multichip,2026-07-27,1.0,real_bsim_ptm,simulated,False,3.2,0.045,4,4.5,11.86,27.0,,,60.0,,controlled_tattoo_stress,,digital_tattoo_message,tattoo_bit1,tattoo_bit1,1.0,54.0,,,0.20372696748974414,,False,,1,
p7_multichip_12_55,p7_multichip_12,mc_phase7_multichip.py,phase7_multichip,2026-07-27,1.0,real_bsim_ptm,simulated,False,3.2,0.045,4,4.5,11.86,27.0,,,0.0,,controlled_tattoo_stress,,digital_tattoo_message,tattoo_bit0,tattoo_bit0,0.0,55.0,,,1.3695793785678585,,False,,1,
p7_multichip_12_56,p7_multichip_12,mc_phase7_multichip.py,phase7_multichip,2026-07-27,1.0,real_bsim_ptm,simulated,False,3.2,0.045,4,4.5,11.86,27.0,,,0.0,,controlled_tattoo_stress,,digital_tattoo_message,tattoo_bit0,tattoo_bit0,0.0,56.0,,,0.783373644242063,,False,,1,
p7_multichip_12_57,p7_multichip_12,mc_phase7_multichip.py,phase7_multichip,2026-07-27,1.0,real_bsim_ptm,simulated,False,3.2,0.045,4,4.5,11.86,27.0,,,0.0,,controlled_tattoo_stress,,digital_tattoo_message,tattoo_bit0,tattoo_bit0,0.0,57.0,,,0.7060947486840083,,False,,1,
p7_multichip_12_58,p7_multichip_12,mc_phase7_multichip.py,phase7_multichip,2026-07-27,1.0,real_bsim_ptm,simulated,False,3.2,0.045,4,4.5,11.86,27.0,,,0.0,,controlled_tattoo_stress,,digital_tattoo_message,tattoo_bit0,tattoo_bit0,0.0,58.0,,,1.5123314933877892,,False,,1,
p7_multichip_12_59,p7_multichip_12,mc_phase7_multichip.py,phase7_multichip,2026-07-27,1.0,real_bsim_ptm,simulated,False,3.2,0.045,4,4.5,11.86,27.0,,,0.0,,controlled_tattoo_stress,,digital_tattoo_message,tattoo_bit0,tattoo_bit0,0.0,59.0,,,1.0106861679098487,,False,,1,
p7_multichip_12_60,p7_multichip_12,mc_phase7_multichip.py,phase7_multichip,2026-07-27,1.0,real_bsim_ptm,simulated,False,3.2,0.045,4,4.5,11.86,27.0,,,60.0,,controlled_tattoo_stress,,digital_tattoo_message,tattoo_bit1,tattoo_bit1,1.0,60.0,,,0.22262469366203969,,False,,1,
p7_multichip_12_61,p7_multichip_12,mc_phase7_multichip.py,phase7_multichip,2026-07-27,1.0,real_bsim_ptm,simulated,False,3.2,0.045,4,4.5,11.86,27.0,,,60.0,,controlled_tattoo_stress,,digital_tattoo_message,tattoo_bit1,tattoo_bit1,1.0,61.0,,,0.22503245302016467,,False,,1,
p7_multichip_12_62,p7_multichip_12,mc_phase7_multichip.py,phase7_multichip,2026-07-27,1.0,real_bsim_ptm,simulated,False,3.2,0.045,4,4.5,11.86,27.0,,,0.0,,controlled_tattoo_stress,,digital_tattoo_message,tattoo_bit0,tattoo_bit0,0.0,62.0,,,1.534489063416149,,False,,1,
p7_multichip_12_63,p7_multichip_12,mc_phase7_multichip.py,phase7_multichip,2026-07-27,1.0,real_bsim_ptm,simulated,False,3.2,0.045,4,4.5,11.86,27.0,,,60.0,,controlled_tattoo_stress,,digital_tattoo_message,tattoo_bit1,tattoo_bit1,1.0,63.0,,,0.21405168881326886,,False,,1,
p7_multichip_13_0,p7_multichip_13,mc_phase7_multichip.py,phase7_multichip,2026-07-27,1.0,real_bsim_ptm,simulated,False,3.2,0.045,4,4.5,11.86,27.0,,,60.0,,controlled_tattoo_stress,,digital_tattoo_message,tattoo_bit1,tattoo_bit1,1.0,0.0,,,0.26736821621638934,,False,,1,
p7_multichip_13_1,p7_multichip_13,mc_phase7_multichip.py,phase7_multichip,2026-07-27,1.0,real_bsim_ptm,simulated,False,3.2,0.045,4,4.5,11.86,27.0,,,60.0,,controlled_tattoo_stress,,digital_tattoo_message,tattoo_bit1,tattoo_bit1,1.0,1.0,,,0.1629011356315242,,False,,1,
p7_multichip_13_2,p7_multichip_13,mc_phase7_multichip.py,phase7_multichip,2026-07-27,1.0,real_bsim_ptm,simulated,False,3.2,0.045,4,4.5,11.86,27.0,,,60.0,,controlled_tattoo_stress,,digital_tattoo_message,tattoo_bit1,tattoo_bit1,1.0,2.0,,,0.2011072872786932,,False,,1,
p7_multichip_13_3,p7_multichip_13,mc_phase7_multichip.py,phase7_multichip,2026-07-27,1.0,real_bsim_ptm,simulated,False,3.2,0.045,4,4.5,11.86,27.0,,,60.0,,controlled_tattoo_stress,,digital_tattoo_message,tattoo_bit1,tattoo_bit1,1.0,3.0,,,0.2496239084379986,,False,,1,
p7_multichip_13_4,p7_multichip_13,mc_phase7_multichip.py,phase7_multichip,2026-07-27,1.0,real_bsim_ptm,simulated,False,3.2,0.045,4,4.5,11.86,27.0,,,60.0,,controlled_tattoo_stress,,digital_tattoo_message,tattoo_bit1,tattoo_bit1,1.0,4.0,,,0.24994029116482686,,False,,1,
p7_multichip_13_5,p7_multichip_13,mc_phase7_multichip.py,phase7_multichip,2026-07-27,1.0,real_bsim_ptm,simulated,False,3.2,0.045,4,4.5,11.86,27.0,,,0.0,,controlled_tattoo_stress,,digital_tattoo_message,tattoo_bit0,tattoo_bit0,0.0,5.0,,,1.167209739880685,,False,,1,
p7_multichip_13_6,p7_multichip_13,mc_phase7_multichip.py,phase7_multichip,2026-07-27,1.0,real_bsim_ptm,simulated,False,3.2,0.045,4,4.5,11.86,27.0,,,0.0,,controlled_tattoo_stress,,digital_tattoo_message,tattoo_bit0,tattoo_bit0,0.0,6.0,,,0.9536640139237783,,False,,1,
p7_multichip_13_7,p7_multichip_13,mc_phase7_multichip.py,phase7_multichip,2026-07-27,1.0,real_bsim_ptm,simulated,False,3.2,0.045,4,4.5,11.86,27.0,,,60.0,,controlled_tattoo_stress,,digital_tattoo_message,tattoo_bit1,tattoo_bit1,1.0,7.0,,,0.21765686407125462,,False,,1,
p7_multichip_13_8,p7_multichip_13,mc_phase7_multichip.py,phase7_multichip,2026-07-27,1.0,real_bsim_ptm,simulated,False,3.2,0.045,4,4.5,11.86,27.0,,,0.0,,controlled_tattoo_stress,,digital_tattoo_message,tattoo_bit0,tattoo_bit0,0.0,8.0,,,0.6122519806772716,,False,,1,
p7_multichip_13_9,p7_multichip_13,mc_phase7_multichip.py,phase7_multichip,2026-07-27,1.0,real_bsim_ptm,simulated,False,3.2,0.045,4,4.5,11.86,27.0,,,0.0,,controlled_tattoo_stress,,digital_tattoo_message,tattoo_bit0,tattoo_bit0,0.0,9.0,,,1.2246044201989945,,False,,1,
p7_multichip_13_10,p7_multichip_13,mc_phase7_multichip.py,phase7_multichip,2026-07-27,1.0,real_bsim_ptm,simulated,False,3.2,0.045,4,4.5,11.86,27.0,,,0.0,,controlled_tattoo_stress,,digital_tattoo_message,tattoo_bit0,tattoo_bit0,0.0,10.0,,,0.8665869216986188,,False,,1,
p7_multichip_13_11,p7_multichip_13,mc_phase7_multichip.py,phase7_multichip,2026-07-27,1.0,real_bsim_ptm,simulated,False,3.2,0.045,4,4.5,11.86,27.0,,,0.0,,controlled_tattoo_stress,,digital_tattoo_message,tattoo_bit0,tattoo_bit0,0.0,11.0,,,1.8716498174359488,,False,,1,
p7_multichip_13_12,p7_multichip_13,mc_phase7_multichip.py,phase7_multichip,2026-07-27,1.0,real_bsim_ptm,simulated,False,3.2,0.045,4,4.5,11.86,27.0,,,0.0,,controlled_tattoo_stress,,digital_tattoo_message,tattoo_bit0,tattoo_bit0,0.0,12.0,,,1.1605218787955203,,False,,1,
p7_multichip_13_13,p7_multichip_13,mc_phase7_multichip.py,phase7_multichip,2026-07-27,1.0,real_bsim_ptm,simulated,False,3.2,0.045,4,4.5,11.86,27.0,,,60.0,,controlled_tattoo_stress,,digital_tattoo_message,tattoo_bit1,tattoo_bit1,1.0,13.0,,,0.17701920783102187,,False,,1,
p7_multichip_13_14,p7_multichip_13,mc_phase7_multichip.py,phase7_multichip,2026-07-27,1.0,real_bsim_ptm,simulated,False,3.2,0.045,4,4.5,11.86,27.0,,,60.0,,controlled_tattoo_stress,,digital_tattoo_message,tattoo_bit1,tattoo_bit1,1.0,14.0,,,0.21121406370471607,,False,,1,
p7_multichip_13_15,p7_multichip_13,mc_phase7_multichip.py,phase7_multichip,2026-07-27,1.0,real_bsim_ptm,simulated,False,3.2,0.045,4,4.5,11.86,27.0,,,0.0,,controlled_tattoo_stress,,digital_tattoo_message,tattoo_bit0,tattoo_bit0,0.0,15.0,,,1.3390281531292831,,False,,1,
p7_multichip_13_16,p7_multichip_13,mc_phase7_multichip.py,phase7_multichip,2026-07-27,1.0,real_bsim_ptm,simulated,False,3.2,0.045,4,4.5,11.86,27.0,,,0.0,,controlled_tattoo_stress,,digital_tattoo_message,tattoo_bit0,tattoo_bit0,0.0,16.0,,,0.9462099779050208,,False,,1,
p7_multichip_13_17,p7_multichip_13,mc_phase7_multichip.py,phase7_multichip,2026-07-27,1.0,real_bsim_ptm,simulated,False,3.2,0.045,4,4.5,11.86,27.0,,,60.0,,controlled_tattoo_stress,,digital_tattoo_message,tattoo_bit1,tattoo_bit1,1.0,17.0,,,0.21090677885587558,,False,,1,
p7_multichip_13_18,p7_multichip_13,mc_phase7_multichip.py,phase7_multichip,2026-07-27,1.0,real_bsim_ptm,simulated,False,3.2,0.045,4,4.5,11.86,27.0,,,60.0,,controlled_tattoo_stress,,digital_tattoo_message,tattoo_bit1,tattoo_bit1,1.0,18.0,,,0.24548178718145405,,False,,1,
p7_multichip_13_19,p7_multichip_13,mc_phase7_multichip.py,phase7_multichip,2026-07-27,1.0,real_bsim_ptm,simulated,False,3.2,0.045,4,4.5,11.86,27.0,,,60.0,,controlled_tattoo_stress,,digital_tattoo_message,tattoo_bit1,tattoo_bit1,1.0,19.0,,,0.3934824741332514,,False,,1,
p7_multichip_13_20,p7_multichip_13,mc_phase7_multichip.py,phase7_multichip,2026-07-27,1.0,real_bsim_ptm,simulated,False,3.2,0.045,4,4.5,11.86,27.0,,,0.0,,controlled_tattoo_stress,,digital_tattoo_message,tattoo_bit0,tattoo_bit0,0.0,20.0,,,1.1272610325652477,,False,,1,
p7_multichip_13_21,p7_multichip_13,mc_phase7_multichip.py,phase7_multichip,2026-07-27,1.0,real_bsim_ptm,simulated,False,3.2,0.045,4,4.5,11.86,27.0,,,60.0,,controlled_tattoo_stress,,digital_tattoo_message,tattoo_bit1,tattoo_bit1,1.0,21.0,,,0.30526040864154097,,False,,1,
p7_multichip_13_22,p7_multichip_13,mc_phase7_multichip.py,phase7_multichip,2026-07-27,1.0,real_bsim_ptm,simulated,False,3.2,0.045,4,4.5,11.86,27.0,,,60.0,,controlled_tattoo_stress,,digital_tattoo_message,tattoo_bit1,tattoo_bit1,1.0,22.0,,,0.2806780760925194,,False,,1,
p7_multichip_13_23,p7_multichip_13,mc_phase7_multichip.py,phase7_multichip,2026-07-27,1.0,real_bsim_ptm,simulated,False,3.2,0.045,4,4.5,11.86,27.0,,,0.0,,controlled_tattoo_stress,,digital_tattoo_message,tattoo_bit0,tattoo_bit0,0.0,23.0,,,1.0782396999458033,,False,,1,
p7_multichip_13_24,p7_multichip_13,mc_phase7_multichip.py,phase7_multichip,2026-07-27,1.0,real_bsim_ptm,simulated,False,3.2,0.045,4,4.5,11.86,27.0,,,0.0,,controlled_tattoo_stress,,digital_tattoo_message,tattoo_bit0,tattoo_bit0,0.0,24.0,,,1.0352651431172957,,False,,1,
p7_multichip_13_25,p7_multichip_13,mc_phase7_multichip.py,phase7_multichip,2026-07-27,1.0,real_bsim_ptm,simulated,False,3.2,0.045,4,4.5,11.86,27.0,,,0.0,,controlled_tattoo_stress,,digital_tattoo_message,tattoo_bit0,tattoo_bit0,0.0,25.0,,,1.0023846559837208,,False,,1,
p7_multichip_13_26,p7_multichip_13,mc_phase7_multichip.py,phase7_multichip,2026-07-27,1.0,real_bsim_ptm,simulated,False,3.2,0.045,4,4.5,11.86,27.0,,,60.0,,controlled_tattoo_stress,,digital_tattoo_message,tattoo_bit1,tattoo_bit1,1.0,26.0,,,0.19959790397087945,,False,,1,
p7_multichip_13_27,p7_multichip_13,mc_phase7_multichip.py,phase7_multichip,2026-07-27,1.0,real_bsim_ptm,simulated,False,3.2,0.045,4,4.5,11.86,27.0,,,0.0,,controlled_tattoo_stress,,digital_tattoo_message,tattoo_bit0,tattoo_bit0,0.0,27.0,,,1.0985958050445344,,False,,1,
p7_multichip_13_28,p7_multichip_13,mc_phase7_multichip.py,phase7_multichip,2026-07-27,1.0,real_bsim_ptm,simulated,False,3.2,0.045,4,4.5,11.86,27.0,,,60.0,,controlled_tattoo_stress,,digital_tattoo_message,tattoo_bit1,tattoo_bit1,1.0,28.0,,,0.23657745151897686,,False,,1,
p7_multichip_13_29,p7_multichip_13,mc_phase7_multichip.py,phase7_multichip,2026-07-27,1.0,real_bsim_ptm,simulated,False,3.2,0.045,4,4.5,11.86,27.0,,,60.0,,controlled_tattoo_stress,,digital_tattoo_message,tattoo_bit1,tattoo_bit1,1.0,29.0,,,0.2459663929479562,,False,,1,
p7_multichip_13_30,p7_multichip_13,mc_phase7_multichip.py,phase7_multichip,2026-07-27,1.0,real_bsim_ptm,simulated,False,3.2,0.045,4,4.5,11.86,27.0,,,60.0,,controlled_tattoo_stress,,digital_tattoo_message,tattoo_bit1,tattoo_bit1,1.0,30.0,,,0.1906486115426544,,False,,1,
p7_multichip_13_31,p7_multichip_13,mc_phase7_multichip.py,phase7_multichip,2026-07-27,1.0,real_bsim_ptm,simulated,False,3.2,0.045,4,4.5,11.86,27.0,,,60.0,,controlled_tattoo_stress,,digital_tattoo_message,tattoo_bit1,tattoo_bit1,1.0,31.0,,,0.2104852355792622,,False,,1,
p7_multichip_13_32,p7_multichip_13,mc_phase7_multichip.py,phase7_multichip,2026-07-27,1.0,real_bsim_ptm,simulated,False,3.2,0.045,4,4.5,11.86,27.0,,,60.0,,controlled_tattoo_stress,,digital_tattoo_message,tattoo_bit1,tattoo_bit1,1.0,32.0,,,0.21675294069471784,,False,,1,
p7_multichip_13_33,p7_multichip_13,mc_phase7_multichip.py,phase7_multichip,2026-07-27,1.0,real_bsim_ptm,simulated,False,3.2,0.045,4,4.5,11.86,27.0,,,60.0,,controlled_tattoo_stress,,digital_tattoo_message,tattoo_bit1,tattoo_bit1,1.0,33.0,,,0.2748903421843861,,False,,1,
p7_multichip_13_34,p7_multichip_13,mc_phase7_multichip.py,phase7_multichip,2026-07-27,1.0,real_bsim_ptm,simulated,False,3.2,0.045,4,4.5,11.86,27.0,,,0.0,,controlled_tattoo_stress,,digital_tattoo_message,tattoo_bit0,tattoo_bit0,0.0,34.0,,,1.0719013957121135,,False,,1,
p7_multichip_13_35,p7_multichip_13,mc_phase7_multichip.py,phase7_multichip,2026-07-27,1.0,real_bsim_ptm,simulated,False,3.2,0.045,4,4.5,11.86,27.0,,,0.0,,controlled_tattoo_stress,,digital_tattoo_message,tattoo_bit0,tattoo_bit0,0.0,35.0,,,1.2603822377714426,,False,,1,
p7_multichip_13_36,p7_multichip_13,mc_phase7_multichip.py,phase7_multichip,2026-07-27,1.0,real_bsim_ptm,simulated,False,3.2,0.045,4,4.5,11.86,27.0,,,0.0,,controlled_tattoo_stress,,digital_tattoo_message,tattoo_bit0,tattoo_bit0,0.0,36.0,,,0.9659744123819646,,False,,1,
p7_multichip_13_37,p7_multichip_13,mc_phase7_multichip.py,phase7_multichip,2026-07-27,1.0,real_bsim_ptm,simulated,False,3.2,0.045,4,4.5,11.86,27.0,,,60.0,,controlled_tattoo_stress,,digital_tattoo_message,tattoo_bit1,tattoo_bit1,1.0,37.0,,,0.27501472356203227,,False,,1,
p7_multichip_13_38,p7_multichip_13,mc_phase7_multichip.py,phase7_multichip,2026-07-27,1.0,real_bsim_ptm,simulated,False,3.2,0.045,4,4.5,11.86,27.0,,,60.0,,controlled_tattoo_stress,,digital_tattoo_message,tattoo_bit1,tattoo_bit1,1.0,38.0,,,0.20343465184439463,,False,,1,
p7_multichip_13_39,p7_multichip_13,mc_phase7_multichip.py,phase7_multichip,2026-07-27,1.0,real_bsim_ptm,simulated,False,3.2,0.045,4,4.5,11.86,27.0,,,0.0,,controlled_tattoo_stress,,digital_tattoo_message,tattoo_bit0,tattoo_bit0,0.0,39.0,,,0.751960882863654,,False,,1,
p7_multichip_13_40,p7_multichip_13,mc_phase7_multichip.py,phase7_multichip,2026-07-27,1.0,real_bsim_ptm,simulated,False,3.2,0.045,4,4.5,11.86,27.0,,,0.0,,controlled_tattoo_stress,,digital_tattoo_message,tattoo_bit0,tattoo_bit0,0.0,40.0,,,1.2401187685088095,,False,,1,
p7_multichip_13_41,p7_multichip_13,mc_phase7_multichip.py,phase7_multichip,2026-07-27,1.0,real_bsim_ptm,simulated,False,3.2,0.045,4,4.5,11.86,27.0,,,60.0,,controlled_tattoo_stress,,digital_tattoo_message,tattoo_bit1,tattoo_bit1,1.0,41.0,,,0.15436842608716297,,False,,1,
p7_multichip_13_42,p7_multichip_13,mc_phase7_multichip.py,phase7_multichip,2026-07-27,1.0,real_bsim_ptm,simulated,False,3.2,0.045,4,4.5,11.86,27.0,,,0.0,,controlled_tattoo_stress,,digital_tattoo_message,tattoo_bit0,tattoo_bit0,0.0,42.0,,,1.1865078772984368,,False,,1,
p7_multichip_13_43,p7_multichip_13,mc_phase7_multichip.py,phase7_multichip,2026-07-27,1.0,real_bsim_ptm,simulated,False,3.2,0.045,4,4.5,11.86,27.0,,,0.0,,controlled_tattoo_stress,,digital_tattoo_message,tattoo_bit0,tattoo_bit0,0.0,43.0,,,1.3828037837128675,,False,,1,
p7_multichip_13_44,p7_multichip_13,mc_phase7_multichip.py,phase7_multichip,2026-07-27,1.0,real_bsim_ptm,simulated,False,3.2,0.045,4,4.5,11.86,27.0,,,60.0,,controlled_tattoo_stress,,digital_tattoo_message,tattoo_bit1,tattoo_bit1,1.0,44.0,,,0.2716900070161142,,False,,1,
p7_multichip_13_45,p7_multichip_13,mc_phase7_multichip.py,phase7_multichip,2026-07-27,1.0,real_bsim_ptm,simulated,False,3.2,0.045,4,4.5,11.86,27.0,,,0.0,,controlled_tattoo_stress,,digital_tattoo_message,tattoo_bit0,tattoo_bit0,0.0,45.0,,,0.8975888354351002,,False,,1,
p7_multichip_13_46,p7_multichip_13,mc_phase7_multichip.py,phase7_multichip,2026-07-27,1.0,real_bsim_ptm,simulated,False,3.2,0.045,4,4.5,11.86,27.0,,,60.0,,controlled_tattoo_stress,,digital_tattoo_message,tattoo_bit1,tattoo_bit1,1.0,46.0,,,0.23684037791084514,,False,,1,
p7_multichip_13_47,p7_multichip_13,mc_phase7_multichip.py,phase7_multichip,2026-07-27,1.0,real_bsim_ptm,simulated,False,3.2,0.045,4,4.5,11.86,27.0,,,60.0,,controlled_tattoo_stress,,digital_tattoo_message,tattoo_bit1,tattoo_bit1,1.0,47.0,,,0.23734044753122185,,False,,1,
p7_multichip_13_48,p7_multichip_13,mc_phase7_multichip.py,phase7_multichip,2026-07-27,1.0,real_bsim_ptm,simulated,False,3.2,0.045,4,4.5,11.86,27.0,,,0.0,,controlled_tattoo_stress,,digital_tattoo_message,tattoo_bit0,tattoo_bit0,0.0,48.0,,,0.9861789783949112,,False,,1,
p7_multichip_13_49,p7_multichip_13,mc_phase7_multichip.py,phase7_multichip,2026-07-27,1.0,real_bsim_ptm,simulated,False,3.2,0.045,4,4.5,11.86,27.0,,,0.0,,controlled_tattoo_stress,,digital_tattoo_message,tattoo_bit0,tattoo_bit0,0.0,49.0,,,0.9777326684324003,,False,,1,
p7_multichip_13_50,p7_multichip_13,mc_phase7_multichip.py,phase7_multichip,2026-07-27,1.0,real_bsim_ptm,simulated,False,3.2,0.045,4,4.5,11.86,27.0,,,0.0,,controlled_tattoo_stress,,digital_tattoo_message,tattoo_bit0,tattoo_bit0,0.0,50.0,,,0.98880842576311,,False,,1,
p7_multichip_13_51,p7_multichip_13,mc_phase7_multichip.py,phase7_multichip,2026-07-27,1.0,real_bsim_ptm,simulated,False,3.2,0.045,4,4.5,11.86,27.0,,,60.0,,controlled_tattoo_stress,,digital_tattoo_message,tattoo_bit1,tattoo_bit1,1.0,51.0,,,0.20901462077710678,,False,,1,
p7_multichip_13_52,p7_multichip_13,mc_phase7_multichip.py,phase7_multichip,2026-07-27,1.0,real_bsim_ptm,simulated,False,3.2,0.045,4,4.5,11.86,27.0,,,0.0,,controlled_tattoo_stress,,digital_tattoo_message,tattoo_bit0,tattoo_bit0,0.0,52.0,,,0.9895392708090085,,False,,1,
p7_multichip_13_53,p7_multichip_13,mc_phase7_multichip.py,phase7_multichip,2026-07-27,1.0,real_bsim_ptm,simulated,False,3.2,0.045,4,4.5,11.86,27.0,,,60.0,,controlled_tattoo_stress,,digital_tattoo_message,tattoo_bit1,tattoo_bit1,1.0,53.0,,,0.22610708349728054,,False,,1,
p7_multichip_13_54,p7_multichip_13,mc_phase7_multichip.py,phase7_multichip,2026-07-27,1.0,real_bsim_ptm,simulated,False,3.2,0.045,4,4.5,11.86,27.0,,,60.0,,controlled_tattoo_stress,,digital_tattoo_message,tattoo_bit1,tattoo_bit1,1.0,54.0,,,0.21802294892548013,,False,,1,
p7_multichip_13_55,p7_multichip_13,mc_phase7_multichip.py,phase7_multichip,2026-07-27,1.0,real_bsim_ptm,simulated,False,3.2,0.045,4,4.5,11.86,27.0,,,0.0,,controlled_tattoo_stress,,digital_tattoo_message,tattoo_bit0,tattoo_bit0,0.0,55.0,,,0.8580532733248382,,False,,1,
p7_multichip_13_56,p7_multichip_13,mc_phase7_multichip.py,phase7_multichip,2026-07-27,1.0,real_bsim_ptm,simulated,False,3.2,0.045,4,4.5,11.86,27.0,,,60.0,,controlled_tattoo_stress,,digital_tattoo_message,tattoo_bit1,tattoo_bit1,1.0,56.0,,,0.178225323441706,,False,,1,
p7_multichip_13_57,p7_multichip_13,mc_phase7_multichip.py,phase7_multichip,2026-07-27,1.0,real_bsim_ptm,simulated,False,3.2,0.045,4,4.5,11.86,27.0,,,60.0,,controlled_tattoo_stress,,digital_tattoo_message,tattoo_bit1,tattoo_bit1,1.0,57.0,,,0.23126040929174696,,False,,1,
p7_multichip_13_58,p7_multichip_13,mc_phase7_multichip.py,phase7_multichip,2026-07-27,1.0,real_bsim_ptm,simulated,False,3.2,0.045,4,4.5,11.86,27.0,,,0.0,,controlled_tattoo_stress,,digital_tattoo_message,tattoo_bit0,tattoo_bit0,0.0,58.0,,,1.0702529650053294,,False,,1,
p7_multichip_13_59,p7_multichip_13,mc_phase7_multichip.py,phase7_multichip,2026-07-27,1.0,real_bsim_ptm,simulated,False,3.2,0.045,4,4.5,11.86,27.0,,,60.0,,controlled_tattoo_stress,,digital_tattoo_message,tattoo_bit1,tattoo_bit1,1.0,59.0,,,0.1990731556055111,,False,,1,
p7_multichip_13_60,p7_multichip_13,mc_phase7_multichip.py,phase7_multichip,2026-07-27,1.0,real_bsim_ptm,simulated,False,3.2,0.045,4,4.5,11.86,27.0,,,0.0,,controlled_tattoo_stress,,digital_tattoo_message,tattoo_bit0,tattoo_bit0,0.0,60.0,,,0.7824845330566103,,False,,1,
p7_multichip_13_61,p7_multichip_13,mc_phase7_multichip.py,phase7_multichip,2026-07-27,1.0,real_bsim_ptm,simulated,False,3.2,0.045,4,4.5,11.86,27.0,,,0.0,,controlled_tattoo_stress,,digital_tattoo_message,tattoo_bit0,tattoo_bit0,0.0,61.0,,,1.242220574717388,,False,,1,
p7_multichip_13_62,p7_multichip_13,mc_phase7_multichip.py,phase7_multichip,2026-07-27,1.0,real_bsim_ptm,simulated,False,3.2,0.045,4,4.5,11.86,27.0,,,0.0,,controlled_tattoo_stress,,digital_tattoo_message,tattoo_bit0,tattoo_bit0,0.0,62.0,,,0.8820143447143088,,False,,1,
p7_multichip_13_63,p7_multichip_13,mc_phase7_multichip.py,phase7_multichip,2026-07-27,1.0,real_bsim_ptm,simulated,False,3.2,0.045,4,4.5,11.86,27.0,,,60.0,,controlled_tattoo_stress,,digital_tattoo_message,tattoo_bit1,tattoo_bit1,1.0,63.0,,,0.16973362021353622,,False,,1,
p7_multichip_14_0,p7_multichip_14,mc_phase7_multichip.py,phase7_multichip,2026-07-27,1.0,real_bsim_ptm,simulated,False,3.2,0.045,4,4.5,11.86,27.0,,,60.0,,controlled_tattoo_stress,,digital_tattoo_message,tattoo_bit1,tattoo_bit1,1.0,0.0,,,0.2815491929683095,,False,,1,
p7_multichip_14_1,p7_multichip_14,mc_phase7_multichip.py,phase7_multichip,2026-07-27,1.0,real_bsim_ptm,simulated,False,3.2,0.045,4,4.5,11.86,27.0,,,60.0,,controlled_tattoo_stress,,digital_tattoo_message,tattoo_bit1,tattoo_bit1,1.0,1.0,,,0.14100126328268073,,False,,1,
p7_multichip_14_2,p7_multichip_14,mc_phase7_multichip.py,phase7_multichip,2026-07-27,1.0,real_bsim_ptm,simulated,False,3.2,0.045,4,4.5,11.86,27.0,,,60.0,,controlled_tattoo_stress,,digital_tattoo_message,tattoo_bit1,tattoo_bit1,1.0,2.0,,,0.14247825755066007,,False,,1,
p7_multichip_14_3,p7_multichip_14,mc_phase7_multichip.py,phase7_multichip,2026-07-27,1.0,real_bsim_ptm,simulated,False,3.2,0.045,4,4.5,11.86,27.0,,,60.0,,controlled_tattoo_stress,,digital_tattoo_message,tattoo_bit1,tattoo_bit1,1.0,3.0,,,0.2386459851027947,,False,,1,
p7_multichip_14_4,p7_multichip_14,mc_phase7_multichip.py,phase7_multichip,2026-07-27,1.0,real_bsim_ptm,simulated,False,3.2,0.045,4,4.5,11.86,27.0,,,60.0,,controlled_tattoo_stress,,digital_tattoo_message,tattoo_bit1,tattoo_bit1,1.0,4.0,,,0.1758632109905256,,False,,1,
p7_multichip_14_5,p7_multichip_14,mc_phase7_multichip.py,phase7_multichip,2026-07-27,1.0,real_bsim_ptm,simulated,False,3.2,0.045,4,4.5,11.86,27.0,,,0.0,,controlled_tattoo_stress,,digital_tattoo_message,tattoo_bit0,tattoo_bit0,0.0,5.0,,,1.343791496583993,,False,,1,
p7_multichip_14_6,p7_multichip_14,mc_phase7_multichip.py,phase7_multichip,2026-07-27,1.0,real_bsim_ptm,simulated,False,3.2,0.045,4,4.5,11.86,27.0,,,0.0,,controlled_tattoo_stress,,digital_tattoo_message,tattoo_bit0,tattoo_bit0,0.0,6.0,,,1.0185059782889638,,False,,1,
p7_multichip_14_7,p7_multichip_14,mc_phase7_multichip.py,phase7_multichip,2026-07-27,1.0,real_bsim_ptm,simulated,False,3.2,0.045,4,4.5,11.86,27.0,,,60.0,,controlled_tattoo_stress,,digital_tattoo_message,tattoo_bit1,tattoo_bit1,1.0,7.0,,,0.22182449346697564,,False,,1,
p7_multichip_14_8,p7_multichip_14,mc_phase7_multichip.py,phase7_multichip,2026-07-27,1.0,real_bsim_ptm,simulated,False,3.2,0.045,4,4.5,11.86,27.0,,,0.0,,controlled_tattoo_stress,,digital_tattoo_message,tattoo_bit0,tattoo_bit0,0.0,8.0,,,0.8147260886326417,,False,,1,
p7_multichip_14_9,p7_multichip_14,mc_phase7_multichip.py,phase7_multichip,2026-07-27,1.0,real_bsim_ptm,simulated,False,3.2,0.045,4,4.5,11.86,27.0,,,0.0,,controlled_tattoo_stress,,digital_tattoo_message,tattoo_bit0,tattoo_bit0,0.0,9.0,,,0.9426534126287683,,False,,1,
p7_multichip_14_10,p7_multichip_14,mc_phase7_multichip.py,phase7_multichip,2026-07-27,1.0,real_bsim_ptm,simulated,False,3.2,0.045,4,4.5,11.86,27.0,,,0.0,,controlled_tattoo_stress,,digital_tattoo_message,tattoo_bit0,tattoo_bit0,0.0,10.0,,,1.0613054009207885,,False,,1,
p7_multichip_14_11,p7_multichip_14,mc_phase7_multichip.py,phase7_multichip,2026-07-27,1.0,real_bsim_ptm,simulated,False,3.2,0.045,4,4.5,11.86,27.0,,,0.0,,controlled_tattoo_stress,,digital_tattoo_message,tattoo_bit0,tattoo_bit0,0.0,11.0,,,1.3786542968695772,,False,,1,
p7_multichip_14_12,p7_multichip_14,mc_phase7_multichip.py,phase7_multichip,2026-07-27,1.0,real_bsim_ptm,simulated,False,3.2,0.045,4,4.5,11.86,27.0,,,60.0,,controlled_tattoo_stress,,digital_tattoo_message,tattoo_bit1,tattoo_bit1,1.0,12.0,,,0.13714255973307826,,False,,1,
p7_multichip_14_13,p7_multichip_14,mc_phase7_multichip.py,phase7_multichip,2026-07-27,1.0,real_bsim_ptm,simulated,False,3.2,0.045,4,4.5,11.86,27.0,,,60.0,,controlled_tattoo_stress,,digital_tattoo_message,tattoo_bit1,tattoo_bit1,1.0,13.0,,,0.18125879380651222,,False,,1,
p7_multichip_14_14,p7_multichip_14,mc_phase7_multichip.py,phase7_multichip,2026-07-27,1.0,real_bsim_ptm,simulated,False,3.2,0.045,4,4.5,11.86,27.0,,,60.0,,controlled_tattoo_stress,,digital_tattoo_message,tattoo_bit1,tattoo_bit1,1.0,14.0,,,0.1674663297533061,,False,,1,
p7_multichip_14_15,p7_multichip_14,mc_phase7_multichip.py,phase7_multichip,2026-07-27,1.0,real_bsim_ptm,simulated,False,3.2,0.045,4,4.5,11.86,27.0,,,60.0,,controlled_tattoo_stress,,digital_tattoo_message,tattoo_bit1,tattoo_bit1,1.0,15.0,,,0.14505225329065108,,False,,1,
p7_multichip_14_16,p7_multichip_14,mc_phase7_multichip.py,phase7_multichip,2026-07-27,1.0,real_bsim_ptm,simulated,False,3.2,0.045,4,4.5,11.86,27.0,,,60.0,,controlled_tattoo_stress,,digital_tattoo_message,tattoo_bit1,tattoo_bit1,1.0,16.0,,,0.1949731510874559,,False,,1,
p7_multichip_14_17,p7_multichip_14,mc_phase7_multichip.py,phase7_multichip,2026-07-27,1.0,real_bsim_ptm,simulated,False,3.2,0.045,4,4.5,11.86,27.0,,,0.0,,controlled_tattoo_stress,,digital_tattoo_message,tattoo_bit0,tattoo_bit0,0.0,17.0,,,1.0549041997641535,,False,,1,
p7_multichip_14_18,p7_multichip_14,mc_phase7_multichip.py,phase7_multichip,2026-07-27,1.0,real_bsim_ptm,simulated,False,3.2,0.045,4,4.5,11.86,27.0,,,60.0,,controlled_tattoo_stress,,digital_tattoo_message,tattoo_bit1,tattoo_bit1,1.0,18.0,,,0.28747134662461477,,False,,1,
p7_multichip_14_19,p7_multichip_14,mc_phase7_multichip.py,phase7_multichip,2026-07-27,1.0,real_bsim_ptm,simulated,False,3.2,0.045,4,4.5,11.86,27.0,,,60.0,,controlled_tattoo_stress,,digital_tattoo_message,tattoo_bit1,tattoo_bit1,1.0,19.0,,,0.24208248651157016,,False,,1,
p7_multichip_14_20,p7_multichip_14,mc_phase7_multichip.py,phase7_multichip,2026-07-27,1.0,real_bsim_ptm,simulated,False,3.2,0.045,4,4.5,11.86,27.0,,,60.0,,controlled_tattoo_stress,,digital_tattoo_message,tattoo_bit1,tattoo_bit1,1.0,20.0,,,0.23214594909280917,,False,,1,
p7_multichip_14_21,p7_multichip_14,mc_phase7_multichip.py,phase7_multichip,2026-07-27,1.0,real_bsim_ptm,simulated,False,3.2,0.045,4,4.5,11.86,27.0,,,0.0,,controlled_tattoo_stress,,digital_tattoo_message,tattoo_bit0,tattoo_bit0,0.0,21.0,,,1.227363462012139,,False,,1,
p7_multichip_14_22,p7_multichip_14,mc_phase7_multichip.py,phase7_multichip,2026-07-27,1.0,real_bsim_ptm,simulated,False,3.2,0.045,4,4.5,11.86,27.0,,,0.0,,controlled_tattoo_stress,,digital_tattoo_message,tattoo_bit0,tattoo_bit0,0.0,22.0,,,1.0139694217577557,,False,,1,
p7_multichip_14_23,p7_multichip_14,mc_phase7_multichip.py,phase7_multichip,2026-07-27,1.0,real_bsim_ptm,simulated,False,3.2,0.045,4,4.5,11.86,27.0,,,0.0,,controlled_tattoo_stress,,digital_tattoo_message,tattoo_bit0,tattoo_bit0,0.0,23.0,,,0.7576375144190196,,False,,1,
p7_multichip_14_24,p7_multichip_14,mc_phase7_multichip.py,phase7_multichip,2026-07-27,1.0,real_bsim_ptm,simulated,False,3.2,0.045,4,4.5,11.86,27.0,,,60.0,,controlled_tattoo_stress,,digital_tattoo_message,tattoo_bit1,tattoo_bit1,1.0,24.0,,,0.17059817620986445,,False,,1,
p7_multichip_14_25,p7_multichip_14,mc_phase7_multichip.py,phase7_multichip,2026-07-27,1.0,real_bsim_ptm,simulated,False,3.2,0.045,4,4.5,11.86,27.0,,,0.0,,controlled_tattoo_stress,,digital_tattoo_message,tattoo_bit0,tattoo_bit0,0.0,25.0,,,0.8835834989700507,,False,,1,
p7_multichip_14_26,p7_multichip_14,mc_phase7_multichip.py,phase7_multichip,2026-07-27,1.0,real_bsim_ptm,simulated,False,3.2,0.045,4,4.5,11.86,27.0,,,60.0,,controlled_tattoo_stress,,digital_tattoo_message,tattoo_bit1,tattoo_bit1,1.0,26.0,,,0.20362117143517094,,False,,1,
p7_multichip_14_27,p7_multichip_14,mc_phase7_multichip.py,phase7_multichip,2026-07-27,1.0,real_bsim_ptm,simulated,False,3.2,0.045,4,4.5,11.86,27.0,,,60.0,,controlled_tattoo_stress,,digital_tattoo_message,tattoo_bit1,tattoo_bit1,1.0,27.0,,,0.14473650699934726,,False,,1,
p7_multichip_14_28,p7_multichip_14,mc_phase7_multichip.py,phase7_multichip,2026-07-27,1.0,real_bsim_ptm,simulated,False,3.2,0.045,4,4.5,11.86,27.0,,,0.0,,controlled_tattoo_stress,,digital_tattoo_message,tattoo_bit0,tattoo_bit0,0.0,28.0,,,1.3244550038489529,,False,,1,
p7_multichip_14_29,p7_multichip_14,mc_phase7_multichip.py,phase7_multichip,2026-07-27,1.0,real_bsim_ptm,simulated,False,3.2,0.045,4,4.5,11.86,27.0,,,60.0,,controlled_tattoo_stress,,digital_tattoo_message,tattoo_bit1,tattoo_bit1,1.0,29.0,,,0.16843063400876246,,False,,1,
p7_multichip_14_30,p7_multichip_14,mc_phase7_multichip.py,phase7_multichip,2026-07-27,1.0,real_bsim_ptm,simulated,False,3.2,0.045,4,4.5,11.86,27.0,,,0.0,,controlled_tattoo_stress,,digital_tattoo_message,tattoo_bit0,tattoo_bit0,0.0,30.0,,,1.4639183899356623,,False,,1,
p7_multichip_14_31,p7_multichip_14,mc_phase7_multichip.py,phase7_multichip,2026-07-27,1.0,real_bsim_ptm,simulated,False,3.2,0.045,4,4.5,11.86,27.0,,,60.0,,controlled_tattoo_stress,,digital_tattoo_message,tattoo_bit1,tattoo_bit1,1.0,31.0,,,0.1095300297531204,,False,,1,
p7_multichip_14_32,p7_multichip_14,mc_phase7_multichip.py,phase7_multichip,2026-07-27,1.0,real_bsim_ptm,simulated,False,3.2,0.045,4,4.5,11.86,27.0,,,0.0,,controlled_tattoo_stress,,digital_tattoo_message,tattoo_bit0,tattoo_bit0,0.0,32.0,,,1.1670676503299635,,False,,1,
p7_multichip_14_33,p7_multichip_14,mc_phase7_multichip.py,phase7_multichip,2026-07-27,1.0,real_bsim_ptm,simulated,False,3.2,0.045,4,4.5,11.86,27.0,,,60.0,,controlled_tattoo_stress,,digital_tattoo_message,tattoo_bit1,tattoo_bit1,1.0,33.0,,,0.1857768042610204,,False,,1,
p7_multichip_14_34,p7_multichip_14,mc_phase7_multichip.py,phase7_multichip,2026-07-27,1.0,real_bsim_ptm,simulated,False,3.2,0.045,4,4.5,11.86,27.0,,,60.0,,controlled_tattoo_stress,,digital_tattoo_message,tattoo_bit1,tattoo_bit1,1.0,34.0,,,0.1599815742878614,,False,,1,
p7_multichip_14_35,p7_multichip_14,mc_phase7_multichip.py,phase7_multichip,2026-07-27,1.0,real_bsim_ptm,simulated,False,3.2,0.045,4,4.5,11.86,27.0,,,0.0,,controlled_tattoo_stress,,digital_tattoo_message,tattoo_bit0,tattoo_bit0,0.0,35.0,,,1.2134327209818943,,False,,1,
p7_multichip_14_36,p7_multichip_14,mc_phase7_multichip.py,phase7_multichip,2026-07-27,1.0,real_bsim_ptm,simulated,False,3.2,0.045,4,4.5,11.86,27.0,,,0.0,,controlled_tattoo_stress,,digital_tattoo_message,tattoo_bit0,tattoo_bit0,0.0,36.0,,,0.8501509573429722,,False,,1,
p7_multichip_14_37,p7_multichip_14,mc_phase7_multichip.py,phase7_multichip,2026-07-27,1.0,real_bsim_ptm,simulated,False,3.2,0.045,4,4.5,11.86,27.0,,,0.0,,controlled_tattoo_stress,,digital_tattoo_message,tattoo_bit0,tattoo_bit0,0.0,37.0,,,1.3808071149988306,,False,,1,
p7_multichip_14_38,p7_multichip_14,mc_phase7_multichip.py,phase7_multichip,2026-07-27,1.0,real_bsim_ptm,simulated,False,3.2,0.045,4,4.5,11.86,27.0,,,0.0,,controlled_tattoo_stress,,digital_tattoo_message,tattoo_bit0,tattoo_bit0,0.0,38.0,,,1.1119171450744634,,False,,1,
p7_multichip_14_39,p7_multichip_14,mc_phase7_multichip.py,phase7_multichip,2026-07-27,1.0,real_bsim_ptm,simulated,False,3.2,0.045,4,4.5,11.86,27.0,,,0.0,,controlled_tattoo_stress,,digital_tattoo_message,tattoo_bit0,tattoo_bit0,0.0,39.0,,,1.433239856315638,,False,,1,
p7_multichip_14_40,p7_multichip_14,mc_phase7_multichip.py,phase7_multichip,2026-07-27,1.0,real_bsim_ptm,simulated,False,3.2,0.045,4,4.5,11.86,27.0,,,60.0,,controlled_tattoo_stress,,digital_tattoo_message,tattoo_bit1,tattoo_bit1,1.0,40.0,,,0.28160741096497516,,False,,1,
p7_multichip_14_41,p7_multichip_14,mc_phase7_multichip.py,phase7_multichip,2026-07-27,1.0,real_bsim_ptm,simulated,False,3.2,0.045,4,4.5,11.86,27.0,,,60.0,,controlled_tattoo_stress,,digital_tattoo_message,tattoo_bit1,tattoo_bit1,1.0,41.0,,,0.18409649208586668,,False,,1,
p7_multichip_14_42,p7_multichip_14,mc_phase7_multichip.py,phase7_multichip,2026-07-27,1.0,real_bsim_ptm,simulated,False,3.2,0.045,4,4.5,11.86,27.0,,,60.0,,controlled_tattoo_stress,,digital_tattoo_message,tattoo_bit1,tattoo_bit1,1.0,42.0,,,0.28522860813694206,,False,,1,
p7_multichip_14_43,p7_multichip_14,mc_phase7_multichip.py,phase7_multichip,2026-07-27,1.0,real_bsim_ptm,simulated,False,3.2,0.045,4,4.5,11.86,27.0,,,60.0,,controlled_tattoo_stress,,digital_tattoo_message,tattoo_bit1,tattoo_bit1,1.0,43.0,,,0.23381488058363298,,False,,1,
p7_multichip_14_44,p7_multichip_14,mc_phase7_multichip.py,phase7_multichip,2026-07-27,1.0,real_bsim_ptm,simulated,False,3.2,0.045,4,4.5,11.86,27.0,,,60.0,,controlled_tattoo_stress,,digital_tattoo_message,tattoo_bit1,tattoo_bit1,1.0,44.0,,,0.2728021102632891,,False,,1,
p7_multichip_14_45,p7_multichip_14,mc_phase7_multichip.py,phase7_multichip,2026-07-27,1.0,real_bsim_ptm,simulated,False,3.2,0.045,4,4.5,11.86,27.0,,,0.0,,controlled_tattoo_stress,,digital_tattoo_message,tattoo_bit0,tattoo_bit0,0.0,45.0,,,1.2156976349675215,,False,,1,
p7_multichip_14_46,p7_multichip_14,mc_phase7_multichip.py,phase7_multichip,2026-07-27,1.0,real_bsim_ptm,simulated,False,3.2,0.045,4,4.5,11.86,27.0,,,0.0,,controlled_tattoo_stress,,digital_tattoo_message,tattoo_bit0,tattoo_bit0,0.0,46.0,,,0.8979984335706956,,False,,1,
p7_multichip_14_47,p7_multichip_14,mc_phase7_multichip.py,phase7_multichip,2026-07-27,1.0,real_bsim_ptm,simulated,False,3.2,0.045,4,4.5,11.86,27.0,,,0.0,,controlled_tattoo_stress,,digital_tattoo_message,tattoo_bit0,tattoo_bit0,0.0,47.0,,,0.9935740640274922,,False,,1,
p7_multichip_14_48,p7_multichip_14,mc_phase7_multichip.py,phase7_multichip,2026-07-27,1.0,real_bsim_ptm,simulated,False,3.2,0.045,4,4.5,11.86,27.0,,,0.0,,controlled_tattoo_stress,,digital_tattoo_message,tattoo_bit0,tattoo_bit0,0.0,48.0,,,1.8366010556063248,,False,,1,
p7_multichip_14_49,p7_multichip_14,mc_phase7_multichip.py,phase7_multichip,2026-07-27,1.0,real_bsim_ptm,simulated,False,3.2,0.045,4,4.5,11.86,27.0,,,0.0,,controlled_tattoo_stress,,digital_tattoo_message,tattoo_bit0,tattoo_bit0,0.0,49.0,,,1.352711874430781,,False,,1,
p7_multichip_14_50,p7_multichip_14,mc_phase7_multichip.py,phase7_multichip,2026-07-27,1.0,real_bsim_ptm,simulated,False,3.2,0.045,4,4.5,11.86,27.0,,,60.0,,controlled_tattoo_stress,,digital_tattoo_message,tattoo_bit1,tattoo_bit1,1.0,50.0,,,0.22324423822083717,,False,,1,
p7_multichip_14_51,p7_multichip_14,mc_phase7_multichip.py,phase7_multichip,2026-07-27,1.0,real_bsim_ptm,simulated,False,3.2,0.045,4,4.5,11.86,27.0,,,0.0,,controlled_tattoo_stress,,digital_tattoo_message,tattoo_bit0,tattoo_bit0,0.0,51.0,,,0.9585466163467262,,False,,1,
p7_multichip_14_52,p7_multichip_14,mc_phase7_multichip.py,phase7_multichip,2026-07-27,1.0,real_bsim_ptm,simulated,False,3.2,0.045,4,4.5,11.86,27.0,,,0.0,,controlled_tattoo_stress,,digital_tattoo_message,tattoo_bit0,tattoo_bit0,0.0,52.0,,,0.6693945623510809,,False,,1,
p7_multichip_14_53,p7_multichip_14,mc_phase7_multichip.py,phase7_multichip,2026-07-27,1.0,real_bsim_ptm,simulated,False,3.2,0.045,4,4.5,11.86,27.0,,,0.0,,controlled_tattoo_stress,,digital_tattoo_message,tattoo_bit0,tattoo_bit0,0.0,53.0,,,0.9665518365349939,,False,,1,
p7_multichip_14_54,p7_multichip_14,mc_phase7_multichip.py,phase7_multichip,2026-07-27,1.0,real_bsim_ptm,simulated,False,3.2,0.045,4,4.5,11.86,27.0,,,60.0,,controlled_tattoo_stress,,digital_tattoo_message,tattoo_bit1,tattoo_bit1,1.0,54.0,,,0.19842262337213132,,False,,1,
p7_multichip_14_55,p7_multichip_14,mc_phase7_multichip.py,phase7_multichip,2026-07-27,1.0,real_bsim_ptm,simulated,False,3.2,0.045,4,4.5,11.86,27.0,,,0.0,,controlled_tattoo_stress,,digital_tattoo_message,tattoo_bit0,tattoo_bit0,0.0,55.0,,,0.9435716768804014,,False,,1,
p7_multichip_14_56,p7_multichip_14,mc_phase7_multichip.py,phase7_multichip,2026-07-27,1.0,real_bsim_ptm,simulated,False,3.2,0.045,4,4.5,11.86,27.0,,,60.0,,controlled_tattoo_stress,,digital_tattoo_message,tattoo_bit1,tattoo_bit1,1.0,56.0,,,0.20415846971752363,,False,,1,
p7_multichip_14_57,p7_multichip_14,mc_phase7_multichip.py,phase7_multichip,2026-07-27,1.0,real_bsim_ptm,simulated,False,3.2,0.045,4,4.5,11.86,27.0,,,60.0,,controlled_tattoo_stress,,digital_tattoo_message,tattoo_bit1,tattoo_bit1,1.0,57.0,,,0.21709939947670912,,False,,1,
p7_multichip_14_58,p7_multichip_14,mc_phase7_multichip.py,phase7_multichip,2026-07-27,1.0,real_bsim_ptm,simulated,False,3.2,0.045,4,4.5,11.86,27.0,,,0.0,,controlled_tattoo_stress,,digital_tattoo_message,tattoo_bit0,tattoo_bit0,0.0,58.0,,,0.8811227810175624,,False,,1,
p7_multichip_14_59,p7_multichip_14,mc_phase7_multichip.py,phase7_multichip,2026-07-27,1.0,real_bsim_ptm,simulated,False,3.2,0.045,4,4.5,11.86,27.0,,,0.0,,controlled_tattoo_stress,,digital_tattoo_message,tattoo_bit0,tattoo_bit0,0.0,59.0,,,1.6875885444108274,,False,,1,
p7_multichip_14_60,p7_multichip_14,mc_phase7_multichip.py,phase7_multichip,2026-07-27,1.0,real_bsim_ptm,simulated,False,3.2,0.045,4,4.5,11.86,27.0,,,0.0,,controlled_tattoo_stress,,digital_tattoo_message,tattoo_bit0,tattoo_bit0,0.0,60.0,,,1.1460165261260602,,False,,1,
p7_multichip_14_61,p7_multichip_14,mc_phase7_multichip.py,phase7_multichip,2026-07-27,1.0,real_bsim_ptm,simulated,False,3.2,0.045,4,4.5,11.86,27.0,,,0.0,,controlled_tattoo_stress,,digital_tattoo_message,tattoo_bit0,tattoo_bit0,0.0,61.0,,,1.576975634629256,,False,,1,
p7_multichip_14_62,p7_multichip_14,mc_phase7_multichip.py,phase7_multichip,2026-07-27,1.0,real_bsim_ptm,simulated,False,3.2,0.045,4,4.5,11.86,27.0,,,0.0,,controlled_tattoo_stress,,digital_tattoo_message,tattoo_bit0,tattoo_bit0,0.0,62.0,,,0.9565147150664934,,False,,1,
p7_multichip_14_63,p7_multichip_14,mc_phase7_multichip.py,phase7_multichip,2026-07-27,1.0,real_bsim_ptm,simulated,False,3.2,0.045,4,4.5,11.86,27.0,,,0.0,,controlled_tattoo_stress,,digital_tattoo_message,tattoo_bit0,tattoo_bit0,0.0,63.0,,,0.9520007135277189,,False,,1,
